id_persona,provincia,region,area,sexo,edad,anios_educ,horas_trabajo,ingreso,empleo_adecuado,nivel_instruccion,log_ingreso,grupo_edad
P00001,Pichincha,Sierra,Rural,Hombre,52,6.0,29.0,213.81,0,Primaria,5.365087770181889,45-65
P00002,El Oro,Costa,Urbana,Hombre,55,18.0,56.0,665.82,1,Posgrado,6.501019363740528,45-65
P00003,Azuay,Sierra,Rural,Hombre,27,11.0,38.0,594.5,0,Secundaria,6.387720716130836,18-29
P00004,Guayas,Costa,Urbana,Mujer,63,10.0,46.0,1020.65,1,Secundaria,6.928194958219593,45-65
P00005,Guayas,Costa,Rural,Mujer,19,7.0,50.0,212.32,0,Secundaria,5.358094570583897,18-29
P00006,Los Ríos,Costa,Rural,Mujer,49,12.0,30.0,365.53,0,Secundaria,5.901348355164873,45-65
P00007,Sucumbíos,Amazonía,Rural,Hombre,45,12.0,45.0,431.32,0,Secundaria,6.066850274013872,45-65
P00008,Pichincha,Sierra,Urbana,Mujer,44,19.0,36.0,470.3,0,Posgrado,6.153370788951002,30-44
P00009,Tungurahua,Sierra,Urbana,Mujer,26,12.0,44.0,1295.99,1,Secundaria,7.167030160833068,18-29
P00010,Guayas,Costa,Urbana,Mujer,22,10.0,27.0,279.02,0,Secundaria,5.631283463839962,18-29
P00011,Morona Santiago,Amazonía,Rural,Hombre,18,8.0,59.0,133.27,0,Secundaria,4.892377145591635,18-29
P00012,Sucumbíos,Amazonía,Rural,Mujer,65,9.0,53.0,229.94,0,Secundaria,5.4378184053255945,45-65
P00013,El Oro,Costa,Rural,Hombre,29,6.0,35.0,306.31,0,Primaria,5.724597661036786,18-29
P00014,Loja,Sierra,Urbana,Mujer,41,18.0,32.0,474.16,0,Posgrado,6.161544817479583,30-44
P00015,Manabí,Costa,Urbana,Hombre,24,13.0,43.0,1028.58,1,Superior,6.935934489247445,18-29
P00016,Esmeraldas,Costa,Urbana,Hombre,53,6.0,35.0,229.09,0,Primaria,5.434114939445257,45-65
P00018,Guayas,Costa,Urbana,Mujer,22,11.0,40.0,476.22,1,Secundaria,6.1658799323308395,18-29
P00019,Guayas,Costa,Urbana,Mujer,24,9.0,45.0,341.82,0,Secundaria,5.834284282720359,18-29
P00020,Guayas,Costa,Urbana,Mujer,52,11.0,41.0,736.5,1,Secundaria,6.601909235902685,45-65
P00021,Manabí,Costa,Urbana,Hombre,53,10.0,32.0,498.5,0,Secundaria,6.211603589401893,45-65
P00022,Guayas,Costa,Urbana,Hombre,41,15.0,51.0,1014.42,1,Superior,6.92207229957693,30-44
P00023,Tungurahua,Sierra,Urbana,Mujer,40,12.0,39.0,420.04,0,Secundaria,6.040349944837793,30-44
P00024,Pichincha,Sierra,Rural,Hombre,48,8.0,30.0,641.99,0,Secundaria,6.464572727244661,45-65
P00025,Azuay,Sierra,Rural,Hombre,51,21.0,48.0,1577.79,1,Posgrado,7.363780412702002,45-65
P00026,Guayas,Costa,Urbana,Mujer,31,13.0,54.0,853.39,1,Superior,6.749216652850701,30-44
P00027,Pichincha,Sierra,Rural,Mujer,52,12.0,49.0,400.6,0,Secundaria,5.992963423231718,45-65
P00028,El Oro,Costa,Rural,Hombre,25,7.0,47.0,301.09,0,Secundaria,5.70740922337855,18-29
P00029,Guayas,Costa,Urbana,Mujer,49,13.0,17.0,163.33,0,Superior,5.095772694065048,45-65
P00030,Guayas,Costa,Urbana,Mujer,47,15.0,45.0,866.24,1,Superior,6.764162006425936,45-65
P00031,Guayas,Costa,Urbana,Mujer,50,9.0,57.0,360.25,0,Secundaria,5.886798234879631,45-65
P00032,Chimborazo,Sierra,Urbana,Hombre,63,13.0,31.0,1160.68,0,Superior,7.056761319244818,45-65
P00033,Los Ríos,Costa,Urbana,Hombre,62,11.0,50.0,770.39,1,Secundaria,6.646896880129682,45-65
P00034,El Oro,Costa,Urbana,Mujer,33,6.0,47.0,261.13,0,Primaria,5.565018367611075,30-44
P00035,Guayas,Costa,Urbana,Hombre,59,15.0,44.0,975.83,1,Superior,6.8832883909140685,45-65
P00036,Orellana,Amazonía,Urbana,Hombre,59,9.0,54.0,1025.05,1,Secundaria,6.932496670870584,45-65
P00037,Manabí,Costa,Urbana,Mujer,57,10.0,54.0,1332.21,1,Secundaria,7.194594496331329,45-65
P00038,Guayas,Costa,Rural,Mujer,26,17.0,44.0,449.93,0,Posgrado,6.109092015108789,18-29
P00039,Sucumbíos,Amazonía,Rural,Mujer,42,15.0,40.0,789.64,1,Superior,6.6715771453974675,30-44
P00040,Guayas,Costa,Urbana,Hombre,47,13.0,61.0,861.01,1,Superior,6.758106118762142,45-65
P00041,Imbabura,Sierra,Urbana,Mujer,25,13.0,39.0,496.49,0,Superior,6.207563342295487,18-29
P00042,Guayas,Costa,Urbana,Mujer,62,11.0,32.0,619.75,0,Secundaria,6.4293161709153,45-65
P00043,Guayas,Costa,Urbana,Hombre,30,8.0,41.0,1242.71,1,Secundaria,7.125049757774019,30-44
P00044,Imbabura,Sierra,Urbana,Mujer,54,11.0,53.0,342.25,0,Secundaria,5.835541464168558,45-65
P00045,Guayas,Costa,Urbana,Hombre,41,17.0,42.0,819.95,1,Posgrado,6.709243362789454,30-44
P00046,Azuay,Sierra,Urbana,Mujer,62,12.0,40.0,683.35,1,Secundaria,6.5270071734108095,45-65
P00047,Manabí,Costa,Rural,Hombre,42,7.0,43.0,182.35,0,Secundaria,5.205927917254689,30-44
P00048,Pichincha,Sierra,Rural,Mujer,45,14.0,48.0,464.06,0,Superior,6.140013854211221,45-65
P00049,Loja,Sierra,Urbana,Hombre,58,7.0,33.0,237.81,0,Secundaria,5.471472035517174,45-65
P00050,Manabí,Costa,Rural,Mujer,65,11.0,53.0,521.79,1,Secundaria,6.257265208088172,45-65
P00052,Guayas,Costa,Urbana,Mujer,48,14.0,36.0,1127.14,0,Superior,7.027438729927148,45-65
P00053,Guayas,Costa,Urbana,Hombre,31,9.0,46.0,755.61,1,Secundaria,6.6275253700553955,30-44
P00054,Azuay,Sierra,Urbana,Mujer,51,12.0,53.0,491.2,1,Secundaria,6.1968513768329325,45-65
P00056,Tungurahua,Sierra,Urbana,Hombre,41,10.0,68.0,577.55,1,Secundaria,6.358795018734689,30-44
P00057,Manabí,Costa,Urbana,Hombre,35,8.0,34.0,414.14,0,Secundaria,6.026204080911879,30-44
P00059,Pichincha,Sierra,Urbana,Mujer,55,4.0,47.0,396.62,0,Primaria,5.982978643457684,45-65
P00060,Los Ríos,Costa,Rural,Mujer,22,8.0,34.0,428.75,0,Secundaria,6.06087399848015,18-29
P00061,Manabí,Costa,Urbana,Hombre,39,10.0,22.0,538.94,0,Secundaria,6.289604247458597,30-44
P00062,Guayas,Costa,Rural,Mujer,33,11.0,43.0,529.98,1,Secundaria,6.272839269985096,30-44
P00063,Azuay,Sierra,Urbana,Mujer,48,16.0,27.0,1214.66,0,Superior,7.102219481222473,45-65
P00064,Pichincha,Sierra,Urbana,Mujer,19,12.0,28.0,1040.46,1,Secundaria,6.947418202038513,18-29
P00065,Sucumbíos,Amazonía,Rural,Mujer,63,8.0,44.0,979.18,1,Secundaria,6.886715486712871,45-65
P00066,Morona Santiago,Amazonía,Rural,Hombre,50,4.0,40.0,156.24,0,Primaria,5.051393286568423,45-65
P00067,Pichincha,Sierra,Rural,Mujer,24,7.0,49.0,243.21,0,Secundaria,5.493925267667725,18-29
P00068,Guayas,Costa,Urbana,Hombre,59,15.0,25.0,1084.54,0,Superior,6.98891121294314,45-65
P00069,Loja,Sierra,Rural,Hombre,24,10.0,45.0,558.89,1,Secundaria,6.325952673827159,18-29
P00070,Guayas,Costa,Urbana,Hombre,47,15.0,63.0,1493.53,1,Superior,7.308897724498279,45-65
P00071,Manabí,Costa,Rural,Mujer,53,8.0,39.0,179.79,0,Secundaria,5.191789503138204,45-65
P00072,Guayas,Costa,Urbana,Mujer,26,14.0,24.0,415.35,0,Superior,6.0291215382850805,18-29
P00073,Los Ríos,Costa,Urbana,Mujer,42,17.0,42.0,435.17,0,Posgrado,6.075736759342158,30-44
P00074,Orellana,Amazonía,Rural,Mujer,63,6.0,47.0,217.67,0,Primaria,5.382980154426746,45-65
P00076,El Oro,Costa,Urbana,Mujer,44,16.0,35.0,336.95,0,Superior,5.819934551392226,30-44
P00077,Pichincha,Sierra,Urbana,Mujer,34,13.0,49.0,893.72,1,Superior,6.795392527011286,30-44
P00078,Orellana,Amazonía,Rural,Hombre,42,14.0,42.0,1783.76,1,Superior,7.486478774942115,30-44
P00079,Pichincha,Sierra,Urbana,Mujer,43,12.0,52.0,1422.62,1,Secundaria,7.260255520966232,30-44
P00080,Guayas,Costa,Urbana,Mujer,47,17.0,37.0,1295.45,0,Posgrado,7.166613404120341,45-65
P00081,Guayas,Costa,Urbana,Hombre,26,18.0,23.0,722.1,0,Posgrado,6.582163633457136,18-29
P00082,Tungurahua,Sierra,Rural,Hombre,56,10.0,38.0,309.6,0,Secundaria,5.735281141715572,45-65
P00083,Azuay,Sierra,Rural,Hombre,18,8.0,47.0,1119.61,1,Secundaria,7.020735689362754,18-29
P00084,Pichincha,Sierra,Urbana,Hombre,42,13.0,33.0,349.17,0,Superior,5.855558909621995,30-44
P00085,Pichincha,Sierra,Urbana,Hombre,27,7.0,30.0,992.65,0,Secundaria,6.900378134643088,18-29
P00086,El Oro,Costa,Urbana,Hombre,23,17.0,34.0,838.84,0,Posgrado,6.7320199850629185,18-29
P00087,Azuay,Sierra,Rural,Hombre,63,13.0,40.0,307.45,0,Superior,5.7283124723994785,45-65
P00088,El Oro,Costa,Urbana,Mujer,63,8.0,35.0,524.05,0,Secundaria,6.261587099616186,45-65
P00089,Manabí,Costa,Rural,Hombre,61,3.0,36.0,2153.48,0,Primaria,7.674840417244166,45-65
P00090,Chimborazo,Sierra,Urbana,Mujer,25,15.0,32.0,1011.79,0,Superior,6.919476318432833,18-29
P00091,Sucumbíos,Amazonía,Urbana,Mujer,41,11.0,44.0,484.46,1,Secundaria,6.183034868583086,30-44
P00092,Pichincha,Sierra,Rural,Hombre,40,13.0,44.0,349.24,0,Superior,5.855759364942607,30-44
P00093,Orellana,Amazonía,Urbana,Mujer,63,6.0,47.0,682.44,1,Primaria,6.525674611106709,45-65
P00094,Los Ríos,Costa,Urbana,Hombre,35,12.0,64.0,877.66,1,Secundaria,6.7772592749011356,30-44
P00095,El Oro,Costa,Urbana,Hombre,65,13.0,25.0,1689.31,0,Superior,7.432075440522835,45-65
P00097,Manabí,Costa,Rural,Hombre,26,12.0,32.0,920.01,0,Secundaria,6.82438453954923,18-29
P00098,Sucumbíos,Amazonía,Rural,Hombre,25,8.0,47.0,116.84,0,Secundaria,4.76080547751954,18-29
P00099,Guayas,Costa,Rural,Hombre,34,12.0,43.0,176.78,0,Secundaria,5.174906021632802,30-44
P00100,El Oro,Costa,Rural,Mujer,55,2.0,54.0,112.37,0,Primaria,4.721796997919811,45-65
P00101,Los Ríos,Costa,Urbana,Mujer,42,9.0,53.0,707.52,1,Secundaria,6.561765897669082,30-44
P00102,Pichincha,Sierra,Urbana,Mujer,51,14.0,48.0,2080.92,1,Superior,7.640565382598458,45-65
P00103,El Oro,Costa,Rural,Mujer,55,9.0,52.0,56.23,0,Secundaria,4.0294504223041105,45-65
P00104,Guayas,Costa,Rural,Mujer,22,7.0,39.0,722.16,0,Secundaria,6.582246720989899,18-29
P00106,Pichincha,Sierra,Urbana,Mujer,21,18.0,56.0,643.33,1,Posgrado,6.466657811870248,18-29
P00107,El Oro,Costa,Rural,Hombre,55,13.0,32.0,722.08,0,Superior,6.582135936078691,45-65
P00108,Esmeraldas,Costa,Rural,Mujer,22,9.0,58.0,1102.96,1,Secundaria,7.005752753863374,18-29
P00109,El Oro,Costa,Urbana,Hombre,39,17.0,43.0,514.31,1,Posgrado,6.242826196496176,30-44
P00110,Guayas,Costa,Urbana,Mujer,48,13.0,35.0,246.93,0,Superior,5.509104895652662,45-65
P00111,Tungurahua,Sierra,Urbana,Hombre,38,8.0,40.0,576.06,1,Secundaria,6.356211821937587,30-44
P00112,Guayas,Costa,Rural,Hombre,59,9.0,39.0,494.92,0,Secundaria,6.204396133345775,45-65
P00113,Tungurahua,Sierra,Urbana,Hombre,52,16.0,35.0,613.61,0,Superior,6.4193595471823075,45-65
P00114,Pichincha,Sierra,Urbana,Mujer,47,13.0,43.0,1425.91,1,Superior,7.262565485378006,45-65
P00115,Guayas,Costa,Urbana,Mujer,20,10.0,41.0,131.42,0,Secundaria,4.878398301469722,18-29
P00116,Pichincha,Sierra,Urbana,Mujer,63,16.0,54.0,798.54,1,Superior,6.68278506032652,45-65
P00117,Pichincha,Sierra,Urbana,Hombre,54,16.0,43.0,1648.47,1,Superior,7.407602863984046,45-65
P00118,Manabí,Costa,Urbana,Mujer,51,16.0,31.0,592.58,0,Superior,6.384485884991805,45-65
P00120,Manabí,Costa,Urbana,Hombre,34,12.0,32.0,607.8,0,Secundaria,6.409845880482693,30-44
P00121,Tungurahua,Sierra,Rural,Mujer,20,14.0,52.0,557.78,1,Superior,6.3239646194053645,18-29
P00122,Chimborazo,Sierra,Urbana,Mujer,39,17.0,47.0,1702.8,1,Posgrado,7.4400292339539975,30-44
P00123,Guayas,Costa,Urbana,Hombre,37,12.0,31.0,410.05,0,Secundaria,6.01627910348242,30-44
P00124,Guayas,Costa,Urbana,Hombre,57,9.0,36.0,922.63,0,Secundaria,6.827228287395407,45-65
P00125,Guayas,Costa,Urbana,Hombre,49,12.0,35.0,611.61,0,Secundaria,6.416094824477157,45-65
P00126,Pichincha,Sierra,Rural,Hombre,56,10.0,34.0,508.51,0,Secundaria,6.2314848809786305,45-65
P00127,Tungurahua,Sierra,Urbana,Hombre,57,11.0,60.0,1148.96,1,Secundaria,7.046612464362007,45-65
P00128,Los Ríos,Costa,Urbana,Hombre,54,15.0,35.0,1041.85,0,Superior,6.948753258016209,45-65
P00129,Azuay,Sierra,Urbana,Mujer,35,11.0,34.0,312.14,0,Secundaria,5.7434518051144074,30-44
P00130,Manabí,Costa,Urbana,Hombre,47,11.0,29.0,429.14,0,Secundaria,6.061783206016935,45-65
P00132,Imbabura,Sierra,Urbana,Hombre,50,13.0,43.0,1009.75,1,Superior,6.9174580544435225,45-65
P00133,Loja,Sierra,Rural,Mujer,60,10.0,16.0,836.22,0,Secundaria,6.728891736359473,45-65
P00134,Chimborazo,Sierra,Urbana,Hombre,26,7.0,45.0,692.21,1,Secundaria,6.539889377788599,18-29
P00135,Guayas,Costa,Urbana,Mujer,18,18.0,29.0,837.94,0,Posgrado,6.730946498873403,18-29
P00136,Tungurahua,Sierra,Urbana,Hombre,24,10.0,65.0,559.35,1,Secundaria,6.326775395292939,18-29
P00137,Imbabura,Sierra,Rural,Hombre,61,10.0,41.0,186.25,0,Secundaria,5.227089857259669,45-65
P00138,Esmeraldas,Costa,Rural,Mujer,32,11.0,38.0,655.08,0,Secundaria,6.484757365581666,30-44
P00139,Guayas,Costa,Urbana,Hombre,60,16.0,39.0,974.23,0,Superior,6.881647415396351,45-65
P00140,Imbabura,Sierra,Urbana,Hombre,23,9.0,27.0,922.48,0,Secundaria,6.827065695462861,18-29
P00141,El Oro,Costa,Urbana,Hombre,52,12.0,46.0,1321.38,1,Secundaria,7.186431924018855,45-65
P00142,Guayas,Costa,Urbana,Hombre,51,20.0,35.0,1812.35,0,Posgrado,7.502379624683456,45-65
P00143,Pichincha,Sierra,Urbana,Hombre,49,11.0,41.0,774.3,1,Secundaria,6.651959395392677,45-65
P00144,Guayas,Costa,Urbana,Hombre,42,7.0,49.0,678.7,1,Secundaria,6.520179203709713,30-44
P00145,Morona Santiago,Amazonía,Urbana,Hombre,47,16.0,49.0,1489.54,1,Superior,7.3062226264419685,45-65
P00146,Guayas,Costa,Urbana,Hombre,46,12.0,45.0,147.63,1,Secundaria,4.994709143545997,45-65
P00147,Pichincha,Sierra,Urbana,Mujer,51,15.0,51.0,817.13,1,Superior,6.705798200929011,45-65
P00148,Guayas,Costa,Urbana,Mujer,38,15.0,38.0,816.92,0,Superior,6.705541170848957,30-44
P00149,Pichincha,Sierra,Rural,Mujer,47,9.0,48.0,403.39,0,Secundaria,5.999903835921826,45-65
P00150,Guayas,Costa,Urbana,Hombre,37,8.0,33.0,924.58,0,Secundaria,6.829339580344615,30-44
P00151,Sucumbíos,Amazonía,Rural,Hombre,46,17.0,23.0,490.78,0,Posgrado,6.19599596221021,45-65
P00152,Guayas,Costa,Urbana,Hombre,37,16.0,32.0,925.19,0,Superior,6.829999121825029,30-44
P00153,Manabí,Costa,Urbana,Mujer,52,11.0,43.0,474.2,1,Secundaria,6.161629173631305,45-65
P00154,Guayas,Costa,Urbana,Hombre,65,15.0,57.0,1318.81,1,Superior,7.184485093819722,45-65
P00155,Tungurahua,Sierra,Urbana,Hombre,40,16.0,48.0,928.93,1,Superior,6.834033386136361,30-44
P00157,Los Ríos,Costa,Urbana,Mujer,62,15.0,29.0,859.6,0,Superior,6.756467164768355,45-65
P00158,Guayas,Costa,Urbana,Mujer,43,16.0,41.0,231.16,0,Superior,5.4431101114495775,30-44
P00159,Pichincha,Sierra,Urbana,Hombre,45,14.0,56.0,737.59,1,Superior,6.60338811466675,45-65
P00160,Loja,Sierra,Rural,Hombre,19,11.0,30.0,618.27,0,Secundaria,6.426925255251526,18-29
P00161,Manabí,Costa,Urbana,Mujer,65,16.0,27.0,424.28,0,Superior,6.05039361463727,45-65
P00162,Guayas,Costa,Rural,Mujer,50,11.0,54.0,652.95,1,Secundaria,6.481500556666417,45-65
P00163,Guayas,Costa,Urbana,Mujer,59,11.0,36.0,435.38,0,Secundaria,6.0762192129727906,45-65
P00164,Los Ríos,Costa,Urbana,Mujer,46,13.0,34.0,593.63,0,Superior,6.386256229659672,45-65
P00165,Guayas,Costa,Rural,Mujer,46,10.0,41.0,446.47,0,Secundaria,6.101372208809535,45-65
P00166,Pichincha,Sierra,Urbana,Mujer,21,10.0,36.0,311.31,0,Secundaria,5.740789200285297,18-29
P00167,Morona Santiago,Amazonía,Rural,Hombre,40,12.0,30.0,223.44,0,Secundaria,5.409142921636922,30-44
P00168,Pichincha,Sierra,Rural,Mujer,60,10.0,40.0,973.75,1,Secundaria,6.881154597184958,45-65
P00169,Pichincha,Sierra,Rural,Mujer,25,8.0,44.0,572.95,1,Secundaria,6.350798452872457,18-29
P00170,Azuay,Sierra,Urbana,Mujer,31,8.0,35.0,579.14,0,Secundaria,6.3615442445453505,30-44
P00172,Guayas,Costa,Urbana,Mujer,51,8.0,64.0,618.01,1,Secundaria,6.426504638556549,45-65
P00173,Manabí,Costa,Rural,Mujer,60,9.0,28.0,310.74,0,Secundaria,5.738956549663855,45-65
P00174,Orellana,Amazonía,Rural,Mujer,46,10.0,47.0,373.96,0,Secundaria,5.924148839823115,45-65
P00175,Orellana,Amazonía,Urbana,Mujer,19,13.0,33.0,941.7,0,Superior,6.847686752516018,18-29
P00176,Pichincha,Sierra,Urbana,Hombre,65,10.0,43.0,1045.65,1,Secundaria,6.952393980600518,45-65
P00177,Esmeraldas,Costa,Urbana,Hombre,59,4.0,35.0,245.05,0,Primaria,5.501462271355557,45-65
P00178,Pichincha,Sierra,Urbana,Mujer,58,9.0,42.0,311.52,0,Secundaria,5.741463541623889,45-65
P00179,Los Ríos,Costa,Urbana,Hombre,52,8.0,37.0,349.41,0,Secundaria,5.85624601778267,45-65
P00180,Guayas,Costa,Urbana,Hombre,60,16.0,30.0,1673.2,0,Superior,7.422493239568043,45-65
P00182,Imbabura,Sierra,Urbana,Mujer,26,19.0,59.0,619.81,1,Posgrado,6.429412979460343,18-29
P00183,Esmeraldas,Costa,Urbana,Mujer,33,10.0,30.0,617.35,0,Secundaria,6.4254361240137525,30-44
P00184,Morona Santiago,Amazonía,Rural,Mujer,53,5.0,37.0,143.03,0,Primaria,4.9630543984668085,45-65
P00185,Guayas,Costa,Rural,Mujer,37,10.0,44.0,263.44,0,Secundaria,5.573825638068109,30-44
P00186,El Oro,Costa,Urbana,Mujer,61,10.0,29.0,301.35,0,Secundaria,5.708272379929054,45-65
P00187,Loja,Sierra,Urbana,Mujer,19,13.0,37.0,1707.46,0,Superior,7.442762165109057,18-29
P00189,Tungurahua,Sierra,Urbana,Mujer,26,10.0,46.0,451.83,0,Secundaria,6.113306002891867,18-29
P00190,Guayas,Costa,Rural,Hombre,54,14.0,35.0,513.68,0,Superior,6.241600503485793,45-65
P00191,Pichincha,Sierra,Urbana,Mujer,53,10.0,43.0,383.83,0,Secundaria,5.950199746230127,45-65
P00192,Manabí,Costa,Urbana,Hombre,27,16.0,40.0,891.54,1,Superior,6.792950304496311,18-29
P00193,Azuay,Sierra,Rural,Mujer,37,10.0,37.0,488.48,0,Secundaria,6.191298528986568,30-44
P00194,Manabí,Costa,Rural,Mujer,42,11.0,41.0,813.24,1,Secundaria,6.701026268936022,30-44
P00195,Tungurahua,Sierra,Urbana,Mujer,44,15.0,59.0,1022.04,0,Superior,6.92955590894099,30-44
P00196,Azuay,Sierra,Rural,Hombre,20,14.0,33.0,478.7,0,Superior,6.171074096398463,18-29
P00197,Sucumbíos,Amazonía,Urbana,Mujer,62,12.0,44.0,870.33,1,Secundaria,6.7688724500734745,45-65
P00198,Pichincha,Sierra,Rural,Hombre,46,16.0,47.0,832.8,1,Superior,6.724793517300759,45-65
P00199,Guayas,Costa,Urbana,Mujer,63,9.0,46.0,403.53,0,Secundaria,6.000250834388599,45-65
P00200,Guayas,Costa,Urbana,Mujer,21,16.0,46.0,569.86,1,Superior,6.345390716625441,18-29
P00201,Los Ríos,Costa,Rural,Mujer,36,3.0,35.0,640.76,0,Primaria,6.462654971833283,30-44
P00202,Tungurahua,Sierra,Urbana,Mujer,37,9.0,41.0,537.04,1,Secundaria,6.286072579630496,30-44
P00203,Guayas,Costa,Urbana,Hombre,29,8.0,42.0,522.09,1,Secundaria,6.257839986814193,18-29
P00204,Loja,Sierra,Rural,Hombre,47,4.0,46.0,165.27,0,Primaria,5.107580500152735,45-65
P00205,Los Ríos,Costa,Urbana,Hombre,54,13.0,49.0,1149.51,1,Superior,7.047091043599933,45-65
P00206,Los Ríos,Costa,Urbana,Hombre,54,12.0,51.0,1068.28,1,Secundaria,6.973805157443636,45-65
P00207,Pichincha,Sierra,Rural,Hombre,47,5.0,50.0,286.88,0,Primaria,5.659064009856823,45-65
P00208,Guayas,Costa,Urbana,Hombre,19,14.0,35.0,1907.98,0,Superior,7.553800369773,18-29
P00209,Chimborazo,Sierra,Urbana,Mujer,48,7.0,27.0,693.74,0,Secundaria,6.542097250542342,45-65
P00210,Chimborazo,Sierra,Rural,Mujer,22,15.0,38.0,199.0,0,Superior,5.293304824724492,18-29
P00211,Guayas,Costa,Rural,Mujer,41,7.0,32.0,143.98,0,Secundaria,4.969674401041157,30-44
P00212,Manabí,Costa,Urbana,Mujer,23,12.0,39.0,323.48,0,Secundaria,5.779137288227622,18-29
P00213,Guayas,Costa,Urbana,Mujer,19,15.0,50.0,630.33,1,Superior,6.446243491769067,18-29
P00214,Guayas,Costa,Urbana,Mujer,25,11.0,56.0,674.06,0,Secundaria,6.513319127721706,18-29
P00215,Pichincha,Sierra,Urbana,Hombre,60,8.0,40.0,942.85,1,Secundaria,6.8489072031729314,45-65
P00216,Guayas,Costa,Urbana,Mujer,18,9.0,44.0,444.47,0,Secundaria,6.096882561112746,18-29
P00217,Guayas,Costa,Urbana,Mujer,35,11.0,56.0,682.96,1,Secundaria,6.526436292702051,30-44
P00218,Sucumbíos,Amazonía,Rural,Mujer,37,13.0,50.0,749.75,1,Superior,6.619739817629118,30-44
P00219,Manabí,Costa,Rural,Hombre,28,10.0,51.0,772.24,0,Secundaria,6.64929538254036,18-29
P00220,Pichincha,Sierra,Urbana,Mujer,36,9.0,30.0,488.05,0,Secundaria,6.1904178596209745,30-44
P00221,Guayas,Costa,Rural,Hombre,18,3.0,31.0,420.22,1,Primaria,6.0407783836609035,18-29
P00222,Azuay,Sierra,Urbana,Hombre,20,9.0,17.0,604.93,0,Secundaria,6.405112748857454,18-29
P00223,El Oro,Costa,Rural,Mujer,18,14.0,38.0,419.48,0,Superior,6.039015848966204,18-29
P00224,Manabí,Costa,Urbana,Mujer,56,20.0,42.0,926.34,1,Posgrado,6.83124133788189,45-65
P00225,Guayas,Costa,Urbana,Mujer,29,15.0,46.0,1045.48,1,Superior,6.952231389082654,18-29
P00226,Guayas,Costa,Urbana,Hombre,53,14.0,59.0,628.98,1,Superior,6.444099459692536,45-65
P00227,Manabí,Costa,Urbana,Mujer,23,13.0,35.0,609.42,1,Superior,6.412507685179465,18-29
P00228,Morona Santiago,Amazonía,Urbana,Mujer,43,9.0,51.0,423.43,0,Secundaria,6.048388211174136,30-44
P00229,Manabí,Costa,Urbana,Mujer,48,14.0,42.0,1307.5,1,Superior,7.175872195939078,45-65
P00230,Chimborazo,Sierra,Urbana,Hombre,22,13.0,45.0,828.51,0,Superior,6.7196289067998105,18-29
P00231,Pichincha,Sierra,Urbana,Mujer,43,11.0,37.0,538.59,0,Secundaria,6.288954613550847,30-44
P00232,Guayas,Costa,Urbana,Mujer,61,16.0,26.0,477.81,0,Superior,6.1692131639318,45-65
P00233,Chimborazo,Sierra,Urbana,Mujer,54,8.0,35.0,380.57,0,Secundaria,5.941670128844168,45-65
P00235,Azuay,Sierra,Urbana,Hombre,38,9.0,36.0,408.31,0,Secundaria,6.01202668982086,30-44
P00236,Guayas,Costa,Urbana,Mujer,41,14.0,58.0,793.6,1,Superior,6.676579555970663,30-44
P00237,Guayas,Costa,Urbana,Hombre,57,18.0,47.0,910.69,1,Posgrado,6.814202553949085,45-65
P00238,Tungurahua,Sierra,Rural,Hombre,49,8.0,24.0,390.96,0,Secundaria,5.9686052529619,45-65
P00239,Guayas,Costa,Urbana,Hombre,57,13.0,47.0,2036.38,0,Superior,7.6189290007267605,45-65
P00240,Guayas,Costa,Rural,Mujer,36,6.0,32.0,141.95,0,Primaria,4.95547488291898,30-44
P00241,Los Ríos,Costa,Rural,Mujer,46,10.0,32.0,275.15,0,Secundaria,5.617316403505768,45-65
P00242,Orellana,Amazonía,Rural,Hombre,37,11.0,51.0,285.59,0,Secundaria,5.654557215846823,30-44
P00243,Galápagos,Insular,Rural,Hombre,57,15.0,41.0,1117.45,1,Superior,7.018804582757432,45-65
P00244,Azuay,Sierra,Rural,Hombre,46,4.0,33.0,395.34,0,Primaria,5.9797461541537835,45-65
P00245,Pichincha,Sierra,Urbana,Hombre,62,8.0,31.0,302.33,0,Secundaria,5.711519136027923,45-65
P00246,Pichincha,Sierra,Rural,Hombre,24,4.0,52.0,190.91,0,Primaria,5.251802112806568,18-29
P00247,Azuay,Sierra,Urbana,Mujer,45,4.0,34.0,312.1,0,Primaria,5.743323649276734,45-65
P00248,Pichincha,Sierra,Urbana,Hombre,41,11.0,37.0,834.71,0,Secundaria,6.72708435913715,30-44
P00249,Pichincha,Sierra,Urbana,Mujer,51,15.0,59.0,546.56,0,Superior,6.30364409116015,45-65
P00250,Guayas,Costa,Urbana,Mujer,37,11.0,42.0,393.86,0,Secundaria,5.97599551620405,30-44
P00251,Galápagos,Insular,Urbana,Hombre,18,13.0,36.0,506.27,0,Superior,6.22707012381324,18-29
P00252,Pichincha,Sierra,Rural,Hombre,33,6.0,39.0,153.41,0,Primaria,5.033114075856682,30-44
P00253,Pichincha,Sierra,Urbana,Mujer,37,14.0,27.0,507.55,0,Superior,6.2295952282304405,30-44
P00254,Sucumbíos,Amazonía,Urbana,Mujer,27,13.0,42.0,185.67,0,Superior,5.22397090441938,18-29
P00255,El Oro,Costa,Rural,Hombre,55,11.0,37.0,489.48,0,Secundaria,6.193343603117468,45-65
P00256,Loja,Sierra,Rural,Hombre,35,11.0,43.0,469.02,0,Secundaria,6.150645411460294,30-44
P00257,Guayas,Costa,Urbana,Mujer,26,12.0,27.0,590.88,0,Secundaria,6.381612951104253,18-29
P00258,Orellana,Amazonía,Rural,Hombre,42,6.0,44.0,340.76,0,Primaria,5.83117841717464,30-44
P00259,Morona Santiago,Amazonía,Rural,Hombre,50,5.0,17.0,162.92,0,Primaria,5.0932592827802114,45-65
P00260,Manabí,Costa,Rural,Mujer,42,10.0,31.0,329.59,0,Secundaria,5.79784945776923,30-44
P00261,Morona Santiago,Amazonía,Urbana,Hombre,23,6.0,52.0,255.67,0,Primaria,5.543887550423803,18-29
P00262,Manabí,Costa,Rural,Mujer,35,8.0,33.0,258.59,0,Secundaria,5.555243795829815,30-44
P00263,Guayas,Costa,Urbana,Mujer,31,19.0,49.0,619.37,1,Posgrado,6.428702832397783,30-44
P00264,Los Ríos,Costa,Rural,Mujer,24,16.0,29.0,481.35,0,Superior,6.176594656223975,18-29
P00265,Tungurahua,Sierra,Urbana,Mujer,33,14.0,23.0,745.58,1,Superior,6.614162438977276,30-44
P00266,Guayas,Costa,Urbana,Hombre,55,11.0,31.0,620.04,0,Secundaria,6.429783992087094,45-65
P00267,Manabí,Costa,Rural,Hombre,49,5.0,36.0,235.98,0,Primaria,5.4637470556717735,45-65
P00268,Pichincha,Sierra,Rural,Mujer,21,12.0,40.0,487.92,1,Secundaria,6.190151457988201,18-29
P00269,Chimborazo,Sierra,Urbana,Hombre,41,9.0,36.0,317.02,0,Secundaria,5.758964863369746,30-44
P00270,Manabí,Costa,Urbana,Hombre,55,13.0,44.0,1251.8,0,Superior,7.132337794490601,45-65
P00271,Pichincha,Sierra,Urbana,Hombre,46,12.0,41.0,1032.6,1,Secundaria,6.939835172445549,45-65
P00272,Orellana,Amazonía,Rural,Mujer,39,12.0,26.0,639.52,0,Secundaria,6.460717894963014,30-44
P00273,Galápagos,Insular,Urbana,Mujer,56,9.0,54.0,530.87,0,Secundaria,6.274517170176084,45-65
P00274,Loja,Sierra,Rural,Mujer,35,9.0,55.0,338.6,0,Secundaria,5.824819469699035,30-44
P00275,Guayas,Costa,Urbana,Mujer,57,9.0,45.0,301.36,0,Secundaria,5.708305563383786,45-65
P00276,El Oro,Costa,Urbana,Hombre,65,18.0,32.0,1315.22,0,Posgrado,7.181759230998945,45-65
P00277,Pichincha,Sierra,Urbana,Mujer,58,14.0,39.0,769.49,0,Superior,6.6457279577429,45-65
P00278,Pichincha,Sierra,Rural,Hombre,64,12.0,34.0,583.88,0,Secundaria,6.369695482262378,45-65
P00279,Guayas,Costa,Rural,Hombre,41,12.0,33.0,533.26,0,Secundaria,6.279009110105771,30-44
P00280,Guayas,Costa,Rural,Hombre,24,10.0,50.0,373.26,0,Secundaria,5.922275227754984,18-29
P00281,Loja,Sierra,Urbana,Mujer,61,18.0,38.0,737.72,0,Posgrado,6.603564348814605,45-65
P00282,Pichincha,Sierra,Urbana,Hombre,56,16.0,42.0,346.08,0,Superior,5.846669962204748,45-65
P00283,Pichincha,Sierra,Urbana,Hombre,19,13.0,49.0,725.78,1,Superior,6.587246938598806,18-29
P00284,Imbabura,Sierra,Urbana,Mujer,39,18.0,38.0,1199.79,0,Posgrado,7.089901820461805,30-44
P00285,Chimborazo,Sierra,Urbana,Mujer,45,8.0,44.0,256.82,0,Secundaria,5.548375450403128,45-65
P00286,Chimborazo,Sierra,Urbana,Hombre,62,14.0,53.0,1554.82,1,Superior,7.349115062286125,45-65
P00287,Loja,Sierra,Urbana,Hombre,37,14.0,41.0,481.55,1,Superior,6.177010068006873,30-44
P00288,Morona Santiago,Amazonía,Urbana,Hombre,53,13.0,50.0,536.33,1,Superior,6.284749643264562,45-65
P00289,Manabí,Costa,Urbana,Mujer,34,12.0,49.0,232.85,0,Secundaria,5.450394469428386,30-44
P00290,Los Ríos,Costa,Urbana,Hombre,41,17.0,62.0,973.04,1,Posgrado,6.880425191310181,30-44
P00291,Guayas,Costa,Urbana,Mujer,62,9.0,35.0,296.25,0,Secundaria,5.691203692449341,45-65
P00292,Guayas,Costa,Rural,Mujer,41,11.0,41.0,582.38,1,Secundaria,6.3671231556334815,30-44
P00293,Sucumbíos,Amazonía,Rural,Mujer,29,9.0,23.0,351.7,0,Secundaria,5.862778539479937,18-29
P00294,Guayas,Costa,Rural,Hombre,47,13.0,40.0,683.49,1,Superior,6.527212025479068,45-65
P00296,Azuay,Sierra,Rural,Hombre,25,9.0,45.0,437.51,0,Secundaria,6.081099562679306,18-29
P00297,Pichincha,Sierra,Rural,Hombre,25,12.0,45.0,752.66,1,Secundaria,6.623613598606345,18-29
P00298,Pichincha,Sierra,Urbana,Mujer,22,9.0,47.0,280.3,0,Secundaria,5.635860458170742,18-29
P00299,Manabí,Costa,Urbana,Mujer,59,15.0,46.0,979.46,1,Superior,6.887001399388919,45-65
P00300,Imbabura,Sierra,Rural,Hombre,56,13.0,55.0,643.8,1,Superior,6.467388118864708,45-65
P00301,Loja,Sierra,Urbana,Hombre,63,14.0,31.0,462.83,0,Superior,6.137359816036245,45-65
P00302,Guayas,Costa,Urbana,Mujer,52,6.0,46.0,349.25,0,Primaria,5.855787998137071,45-65
P00303,Pichincha,Sierra,Rural,Mujer,40,9.0,46.0,377.76,0,Secundaria,5.934259073337203,30-44
P00304,Manabí,Costa,Rural,Mujer,55,7.0,34.0,725.96,0,Secundaria,6.5874949168881995,45-65
P00305,Pichincha,Sierra,Urbana,Mujer,34,10.0,47.0,470.14,1,Secundaria,6.153030522689372,30-44
P00306,Guayas,Costa,Urbana,Hombre,52,16.0,30.0,1467.44,0,Superior,7.291274665006095,45-65
P00307,Manabí,Costa,Urbana,Mujer,36,10.0,28.0,1001.13,0,Secundaria,6.908884641012696,30-44
P00308,Guayas,Costa,Urbana,Mujer,60,6.0,15.0,392.36,0,Primaria,5.972179785696115,45-65
P00309,Azuay,Sierra,Rural,Mujer,41,14.0,36.0,709.84,0,Superior,6.565039592527082,30-44
P00310,Pichincha,Sierra,Urbana,Hombre,60,12.0,43.0,807.5,0,Secundaria,6.6939430550968115,45-65
P00311,Pichincha,Sierra,Urbana,Hombre,46,12.0,49.0,512.71,1,Secundaria,6.23971038318302,45-65
P00312,Esmeraldas,Costa,Urbana,Mujer,30,10.0,29.0,617.07,0,Secundaria,6.424982469658182,30-44
P00313,Manabí,Costa,Urbana,Mujer,50,0.0,58.0,517.91,1,Primaria,6.249801481990296,45-65
P00314,Chimborazo,Sierra,Urbana,Hombre,41,11.0,26.0,295.75,0,Secundaria,5.689514502858496,30-44
P00315,Esmeraldas,Costa,Urbana,Hombre,44,10.0,70.0,300.78,0,Secundaria,5.706379100503467,30-44
P00316,Pichincha,Sierra,Urbana,Mujer,61,14.0,38.0,1190.08,0,Superior,7.081775810736705,45-65
P00317,Guayas,Costa,Urbana,Mujer,35,13.0,22.0,355.85,0,Superior,5.87450929374528,30-44
P00318,Manabí,Costa,Urbana,Mujer,41,11.0,50.0,622.55,1,Secundaria,6.433823946398421,30-44
P00319,Pichincha,Sierra,Rural,Mujer,42,9.0,29.0,442.14,0,Secundaria,6.091626574006963,30-44
P00320,Pichincha,Sierra,Urbana,Mujer,58,13.0,63.0,379.33,0,Superior,5.938406538633336,45-65
P00321,Esmeraldas,Costa,Urbana,Mujer,54,8.0,38.0,250.78,0,Secundaria,5.524576060762392,45-65
P00322,Esmeraldas,Costa,Urbana,Mujer,41,12.0,31.0,556.25,0,Secundaria,6.32121783348045,30-44
P00323,Guayas,Costa,Rural,Mujer,38,9.0,21.0,360.16,0,Secundaria,5.886548377158422,30-44
P00324,Imbabura,Sierra,Urbana,Mujer,23,12.0,46.0,710.32,1,Secundaria,6.565715572724072,18-29
P00325,Manabí,Costa,Rural,Hombre,30,15.0,40.0,286.96,0,Superior,5.659342833224027,30-44
P00326,Loja,Sierra,Urbana,Mujer,50,19.0,16.0,947.78,0,Posgrado,6.854122407812642,45-65
P00327,Guayas,Costa,Rural,Mujer,36,11.0,45.0,424.88,0,Secundaria,6.051806776114144,30-44
P00328,Azuay,Sierra,Urbana,Hombre,41,18.0,12.0,1094.94,0,Posgrado,6.998454846228778,30-44
P00329,Chimborazo,Sierra,Urbana,Mujer,42,8.0,34.0,508.86,0,Secundaria,6.2321729296016635,30-44
P00330,Los Ríos,Costa,Rural,Mujer,49,8.0,38.0,361.57,0,Secundaria,5.890455660474498,45-65
P00331,Guayas,Costa,Urbana,Mujer,61,13.0,45.0,1190.2,1,Superior,7.081876639210752,45-65
P00332,Chimborazo,Sierra,Urbana,Mujer,48,13.0,45.0,927.67,1,Superior,6.832676066096026,45-65
P00333,Guayas,Costa,Rural,Mujer,41,13.0,52.0,1657.9,1,Superior,7.413307020245419,30-44
P00334,Imbabura,Sierra,Urbana,Hombre,21,14.0,47.0,726.37,1,Superior,6.588059526874762,18-29
P00335,Imbabura,Sierra,Rural,Mujer,39,13.0,63.0,385.07,0,Superior,5.95342513594268,30-44
P00336,Guayas,Costa,Urbana,Hombre,28,8.0,37.0,642.7,0,Secundaria,6.465678052377241,18-29
P00337,Esmeraldas,Costa,Urbana,Hombre,27,18.0,38.0,967.77,0,Posgrado,6.874994455738654,18-29
P00338,Azuay,Sierra,Urbana,Hombre,46,15.0,46.0,938.62,1,Superior,6.844410711464856,45-65
P00339,Morona Santiago,Amazonía,Rural,Hombre,56,5.0,44.0,850.17,1,Primaria,6.7454363294870285,45-65
P00340,Orellana,Amazonía,Urbana,Hombre,36,10.0,52.0,674.34,1,Secundaria,6.513734434758231,30-44
P00341,Sucumbíos,Amazonía,Rural,Mujer,37,7.0,47.0,243.38,0,Secundaria,5.494624007908654,30-44
P00342,Sucumbíos,Amazonía,Rural,Hombre,31,10.0,45.0,369.3,0,Secundaria,5.911609321858518,30-44
P00343,Pichincha,Sierra,Urbana,Mujer,50,9.0,41.0,530.94,1,Secundaria,6.274649020507314,45-65
P00344,Tungurahua,Sierra,Urbana,Mujer,65,11.0,34.0,623.64,0,Secundaria,6.43557327880835,45-65
P00345,Loja,Sierra,Urbana,Hombre,63,15.0,43.0,602.15,1,Superior,6.4005065837064885,45-65
P00346,Manabí,Costa,Urbana,Mujer,22,11.0,57.0,299.25,1,Secundaria,5.701279344438083,18-29
P00347,Manabí,Costa,Rural,Hombre,55,9.0,37.0,407.5,0,Secundaria,6.010040932680917,45-65
P00348,Guayas,Costa,Urbana,Mujer,47,6.0,52.0,411.85,0,Primaria,6.020659205387258,45-65
P00349,Pichincha,Sierra,Urbana,Mujer,19,19.0,52.0,920.73,1,Posgrado,6.825166833666508,18-29
P00350,Los Ríos,Costa,Urbana,Hombre,49,11.0,24.0,434.37,0,Secundaria,6.07389670546144,45-65
P00351,Pichincha,Sierra,Urbana,Mujer,28,13.0,40.0,288.5,1,Superior,5.664695085948154,18-29
P00352,Loja,Sierra,Urbana,Mujer,65,10.0,29.0,547.22,0,Secundaria,6.304850915348019,45-65
P00353,Pichincha,Sierra,Urbana,Mujer,35,11.0,59.0,886.97,1,Secundaria,6.787811159866131,30-44
P00354,Guayas,Costa,Urbana,Mujer,34,12.0,54.0,706.86,1,Secundaria,6.560832626486083,30-44
P00355,Pichincha,Sierra,Rural,Mujer,60,5.0,63.0,349.36,0,Primaria,5.856102909177306,45-65
P00356,Tungurahua,Sierra,Rural,Hombre,49,14.0,49.0,772.31,1,Superior,6.649386023827528,45-65
P00357,Guayas,Costa,Urbana,Mujer,32,11.0,51.0,660.01,1,Secundaria,6.49225498642084,30-44
P00358,Azuay,Sierra,Rural,Hombre,63,14.0,50.0,423.53,0,Superior,6.048624349835855,45-65
P00359,Guayas,Costa,Urbana,Hombre,35,12.0,32.0,584.04,0,Secundaria,6.369969473633363,30-44
P00361,Tungurahua,Sierra,Rural,Mujer,57,13.0,44.0,249.94,0,Superior,5.521220889057638,45-65
P00362,Pichincha,Sierra,Urbana,Hombre,40,15.0,36.0,1545.78,0,Superior,7.343283916304687,30-44
P00363,Los Ríos,Costa,Rural,Hombre,57,9.0,18.0,348.74,0,Secundaria,5.854326658889348,45-65
P00364,Los Ríos,Costa,Urbana,Hombre,38,17.0,43.0,1871.97,1,Posgrado,7.5347466312681,30-44
P00365,Orellana,Amazonía,Rural,Mujer,56,14.0,50.0,847.02,1,Superior,6.741724307124163,45-65
P00366,Guayas,Costa,Urbana,Mujer,34,18.0,43.0,1698.87,1,Posgrado,7.437718603147054,30-44
P00367,Chimborazo,Sierra,Rural,Mujer,44,8.0,66.0,339.38,1,Secundaria,5.82712042354468,30-44
P00368,Pichincha,Sierra,Rural,Mujer,27,14.0,49.0,282.59,0,Superior,5.643997083920163,18-29
P00369,Galápagos,Insular,Urbana,Hombre,52,16.0,50.0,931.5,1,Superior,6.836796190041643,45-65
P00370,Guayas,Costa,Rural,Mujer,31,17.0,52.0,689.91,1,Posgrado,6.53656115430134,30-44
P00371,Guayas,Costa,Urbana,Mujer,38,13.0,58.0,552.65,1,Superior,6.314724889756964,30-44
P00373,Esmeraldas,Costa,Urbana,Mujer,49,11.0,46.0,750.7,1,Secundaria,6.6210061045789566,45-65
P00374,Azuay,Sierra,Urbana,Mujer,58,11.0,36.0,386.55,0,Secundaria,5.957261225766484,45-65
P00375,Morona Santiago,Amazonía,Urbana,Mujer,42,9.0,27.0,312.42,0,Secundaria,5.744348436402863,30-44
P00376,Pichincha,Sierra,Urbana,Mujer,27,9.0,42.0,160.24,0,Secundaria,5.076672691357563,18-29
P00377,Chimborazo,Sierra,Urbana,Hombre,40,14.0,50.0,981.53,1,Superior,6.889112578710431,30-44
P00378,Guayas,Costa,Urbana,Hombre,43,14.0,63.0,1014.57,1,Superior,6.922220156392659,30-44
P00379,Guayas,Costa,Urbana,Hombre,24,13.0,44.0,721.08,1,Superior,6.580750088133837,18-29
P00380,Tungurahua,Sierra,Rural,Hombre,53,11.0,44.0,283.3,0,Secundaria,5.646506406836471,45-65
P00381,Pichincha,Sierra,Urbana,Hombre,50,10.0,46.0,366.72,0,Secundaria,5.9045986140863205,45-65
P00382,Manabí,Costa,Urbana,Hombre,22,17.0,43.0,1682.62,1,Posgrado,7.428107381412409,18-29
P00383,Azuay,Sierra,Urbana,Hombre,34,8.0,31.0,449.57,0,Secundaria,6.108291570374557,30-44
P00384,Pichincha,Sierra,Rural,Hombre,27,7.0,49.0,469.57,0,Secundaria,6.1518173823164775,18-29
P00385,Guayas,Costa,Rural,Mujer,23,15.0,43.0,1083.09,1,Superior,6.987573346041245,18-29
P00386,Guayas,Costa,Rural,Mujer,43,10.0,43.0,515.55,1,Secundaria,6.2452342919639525,30-44
P00387,Guayas,Costa,Urbana,Mujer,46,14.0,35.0,453.2,0,Superior,6.116333529153851,45-65
P00388,Orellana,Amazonía,Urbana,Mujer,38,15.0,61.0,543.63,1,Superior,6.298268868392176,30-44
P00389,El Oro,Costa,Rural,Mujer,48,7.0,40.0,195.52,0,Secundaria,5.275662675983231,45-65
P00390,Pichincha,Sierra,Urbana,Mujer,18,13.0,44.0,526.55,1,Superior,6.266346293826606,18-29
P00391,Loja,Sierra,Urbana,Mujer,45,19.0,32.0,1114.77,1,Posgrado,7.016403384589075,45-65
P00392,Guayas,Costa,Urbana,Mujer,39,10.0,29.0,2023.77,0,Secundaria,7.612717387586619,30-44
P00394,Guayas,Costa,Urbana,Hombre,25,9.0,59.0,399.82,0,Secundaria,5.991014445827597,18-29
P00395,El Oro,Costa,Rural,Mujer,58,11.0,15.0,191.27,0,Secundaria,5.2536860424024425,45-65
P00396,Imbabura,Sierra,Urbana,Hombre,23,14.0,40.0,612.74,1,Superior,6.417940702405611,18-29
P00397,Guayas,Costa,Rural,Mujer,58,11.0,37.0,297.65,0,Secundaria,5.695918299599399,45-65
P00398,Esmeraldas,Costa,Urbana,Mujer,29,13.0,32.0,679.03,0,Superior,6.520665309204175,18-29
P00399,El Oro,Costa,Urbana,Hombre,54,7.0,39.0,592.84,0,Secundaria,6.384924548088715,45-65
P00400,El Oro,Costa,Rural,Hombre,62,10.0,45.0,298.13,0,Secundaria,5.6975296329904355,45-65
P00401,Guayas,Costa,Rural,Hombre,34,11.0,42.0,314.32,1,Secundaria,5.7504115752502045,30-44
P00403,Guayas,Costa,Urbana,Hombre,25,8.0,46.0,771.11,1,Secundaria,6.647831035241403,18-29
P00404,Pichincha,Sierra,Urbana,Mujer,47,10.0,54.0,199.44,0,Secundaria,5.295513439215302,45-65
P00405,Pichincha,Sierra,Rural,Mujer,39,11.0,28.0,586.57,0,Secundaria,6.374292013060298,30-44
P00406,Tungurahua,Sierra,Urbana,Hombre,48,15.0,64.0,551.44,1,Superior,6.312533038577397,45-65
P00407,Guayas,Costa,Urbana,Mujer,33,7.0,48.0,298.77,0,Secundaria,5.6996740466116576,30-44
P00408,Loja,Sierra,Urbana,Mujer,57,12.0,28.0,247.66,0,Secundaria,5.512056837786952,45-65
P00409,Pichincha,Sierra,Urbana,Mujer,59,13.0,55.0,1295.94,1,Superior,7.166991579544217,45-65
P00410,Loja,Sierra,Urbana,Mujer,30,13.0,51.0,1269.97,1,Superior,7.146748557126388,30-44
P00411,Guayas,Costa,Urbana,Hombre,58,17.0,35.0,920.4,0,Posgrado,6.824808358161211,45-65
P00412,Chimborazo,Sierra,Rural,Mujer,33,6.0,37.0,747.43,0,Primaria,6.616640655394879,30-44
P00413,Sucumbíos,Amazonía,Rural,Mujer,24,8.0,26.0,286.53,0,Secundaria,5.657843242714756,18-29
P00414,Imbabura,Sierra,Rural,Hombre,58,8.0,41.0,518.69,1,Secundaria,6.251306402204865,45-65
P00416,Pichincha,Sierra,Rural,Mujer,51,4.0,33.0,204.85,0,Primaria,5.32227800399288,45-65
P00417,Los Ríos,Costa,Urbana,Mujer,47,18.0,36.0,649.78,0,Posgrado,6.476633844060187,45-65
P00418,Manabí,Costa,Urbana,Mujer,49,18.0,26.0,860.85,0,Posgrado,6.7579202732224815,45-65
P00419,Pichincha,Sierra,Urbana,Mujer,53,9.0,34.0,794.28,0,Secundaria,6.677436043918831,45-65
P00420,Manabí,Costa,Urbana,Hombre,44,14.0,18.0,702.23,0,Superior,6.5542609856927125,30-44
P00421,Pichincha,Sierra,Urbana,Hombre,21,12.0,48.0,423.46,0,Secundaria,6.04845905862779,18-29
P00422,Azuay,Sierra,Rural,Hombre,51,14.0,38.0,1240.05,0,Superior,7.122906980366794,45-65
P00423,El Oro,Costa,Rural,Mujer,54,13.0,38.0,691.58,0,Superior,6.538978834941018,45-65
P00424,Los Ríos,Costa,Urbana,Mujer,55,14.0,40.0,1957.42,1,Superior,7.579382558575158,45-65
P00425,Guayas,Costa,Rural,Mujer,65,15.0,36.0,451.86,0,Superior,6.113372397341315,45-65
P00426,Guayas,Costa,Urbana,Hombre,55,13.0,43.0,1226.69,1,Superior,7.112074764053086,45-65
P00427,Guayas,Costa,Urbana,Hombre,52,10.0,41.0,1287.29,1,Secundaria,7.160294512438415,45-65
P00428,Pichincha,Sierra,Rural,Hombre,65,5.0,29.0,318.03,0,Primaria,5.762145717953116,45-65
P00429,Orellana,Amazonía,Rural,Hombre,20,5.0,36.0,219.17,1,Primaria,5.389847684393628,18-29
P00430,Chimborazo,Sierra,Rural,Mujer,62,10.0,54.0,589.01,1,Secundaria,6.378443161436156,45-65
P00431,El Oro,Costa,Rural,Mujer,31,7.0,48.0,291.92,0,Secundaria,5.676479792128192,30-44
P00432,Pichincha,Sierra,Urbana,Mujer,30,14.0,34.0,991.95,0,Superior,6.899672702788781,30-44
P00434,Orellana,Amazonía,Rural,Mujer,56,6.0,16.0,350.3,0,Primaria,5.858789930203441,45-65
P00435,Pichincha,Sierra,Urbana,Mujer,38,16.0,36.0,700.84,0,Superior,6.552279615618887,30-44
P00436,Pichincha,Sierra,Rural,Mujer,31,5.0,45.0,310.19,0,Primaria,5.737185012956527,30-44
P00437,Los Ríos,Costa,Urbana,Mujer,60,13.0,50.0,840.03,1,Superior,6.733437605485333,45-65
P00438,Guayas,Costa,Urbana,Mujer,20,13.0,53.0,622.04,1,Superior,6.433004399353137,18-29
P00439,Guayas,Costa,Rural,Hombre,24,7.0,35.0,428.36,0,Secundaria,6.059963963532675,18-29
P00440,Guayas,Costa,Urbana,Hombre,51,16.0,39.0,760.23,0,Superior,6.633621019075624,45-65
P00441,Imbabura,Sierra,Urbana,Mujer,49,10.0,52.0,613.77,1,Secundaria,6.419620265135845,45-65
P00442,Azuay,Sierra,Urbana,Mujer,61,16.0,35.0,820.22,0,Superior,6.70957259695718,45-65
P00443,Los Ríos,Costa,Urbana,Mujer,40,16.0,27.0,610.2,0,Superior,6.413786772282569,30-44
P00444,Azuay,Sierra,Urbana,Mujer,52,10.0,58.0,1124.93,1,Secundaria,7.025476090480415,45-65
P00445,Guayas,Costa,Urbana,Hombre,40,12.0,29.0,1488.58,0,Secundaria,7.305577924392856,30-44
P00446,Pichincha,Sierra,Urbana,Hombre,56,14.0,40.0,2065.35,1,Superior,7.633054982558491,45-65
P00447,Loja,Sierra,Rural,Mujer,40,9.0,34.0,412.54,0,Secundaria,6.022333170770448,30-44
P00448,Guayas,Costa,Rural,Hombre,41,13.0,38.0,324.91,0,Superior,5.783548220902539,30-44
P00449,El Oro,Costa,Urbana,Hombre,44,9.0,23.0,301.54,0,Secundaria,5.708902677350773,30-44
P00450,El Oro,Costa,Rural,Hombre,43,6.0,53.0,386.27,0,Primaria,5.956536606806695,30-44
P00451,Morona Santiago,Amazonía,Rural,Mujer,27,11.0,42.0,323.7,0,Secundaria,5.779817160932199,18-29
P00452,Pichincha,Sierra,Urbana,Mujer,26,6.0,31.0,222.75,0,Primaria,5.406050066350919,18-29
P00453,Guayas,Costa,Urbana,Hombre,36,14.0,43.0,1826.72,1,Superior,7.510277287928017,30-44
P00454,Tungurahua,Sierra,Urbana,Hombre,65,9.0,42.0,404.21,0,Secundaria,6.001934544891096,45-65
P00456,Pichincha,Sierra,Urbana,Hombre,64,13.0,33.0,1526.41,0,Superior,7.330673852035246,45-65
P00457,Chimborazo,Sierra,Urbana,Mujer,29,17.0,40.0,687.26,1,Posgrado,6.53271267768522,18-29
P00458,Loja,Sierra,Rural,Hombre,63,16.0,22.0,1035.43,0,Superior,6.942572078357499,45-65
P00459,Guayas,Costa,Urbana,Mujer,34,12.0,33.0,480.78,0,Secundaria,6.175409785018034,30-44
P00460,Pichincha,Sierra,Urbana,Hombre,31,16.0,41.0,1262.83,1,Superior,7.141110513132723,30-44
P00461,Esmeraldas,Costa,Rural,Mujer,24,8.0,44.0,130.56,0,Secundaria,4.871832891215797,18-29
P00462,Manabí,Costa,Rural,Hombre,40,6.0,40.0,317.33,0,Primaria,5.759942241866406,30-44
P00463,Sucumbíos,Amazonía,Urbana,Mujer,48,18.0,51.0,958.06,1,Posgrado,6.8649104064898205,45-65
P00464,Manabí,Costa,Urbana,Mujer,24,12.0,53.0,703.09,1,Secundaria,6.555484906376052,18-29
P00465,Guayas,Costa,Urbana,Hombre,29,16.0,39.0,631.97,0,Superior,6.448841924665769,18-29
P00466,Pichincha,Sierra,Urbana,Hombre,27,13.0,43.0,1011.97,1,Superior,6.919654205139236,18-29
P00468,Imbabura,Sierra,Rural,Hombre,44,7.0,29.0,495.19,0,Secundaria,6.204941527305421,30-44
P00469,Pichincha,Sierra,Urbana,Mujer,32,15.0,38.0,1116.35,0,Superior,7.017819713844446,30-44
P00470,Guayas,Costa,Rural,Hombre,42,4.0,26.0,159.18,0,Primaria,5.070035637377703,30-44
P00471,Guayas,Costa,Urbana,Hombre,28,17.0,44.0,737.94,1,Posgrado,6.603862520482374,18-29
P00472,Tungurahua,Sierra,Rural,Mujer,20,12.0,57.0,932.75,1,Secundaria,6.838137212101267,18-29
P00473,Pichincha,Sierra,Rural,Mujer,27,14.0,47.0,823.86,0,Superior,6.7140006125617155,18-29
P00474,Chimborazo,Sierra,Urbana,Mujer,49,9.0,40.0,222.89,0,Secundaria,5.406678376218101,45-65
P00475,Guayas,Costa,Rural,Hombre,42,9.0,27.0,292.55,0,Secundaria,5.6786355922342455,30-44
P00476,Esmeraldas,Costa,Rural,Hombre,44,12.0,49.0,1277.04,1,Secundaria,7.1523001789562235,30-44
P00478,Chimborazo,Sierra,Rural,Mujer,53,6.0,45.0,328.47,0,Primaria,5.7944455095534435,45-65
P00479,Guayas,Costa,Rural,Mujer,64,3.0,39.0,121.13,0,Primaria,4.796864349028711,45-65
P00480,Esmeraldas,Costa,Rural,Hombre,38,13.0,33.0,731.05,0,Superior,6.594481856863447,30-44
P00481,Guayas,Costa,Rural,Mujer,21,13.0,41.0,591.57,1,Superior,6.382780019611705,18-29
P00482,Guayas,Costa,Urbana,Mujer,25,18.0,40.0,1492.77,1,Posgrado,7.30838873342812,18-29
P00483,Pichincha,Sierra,Urbana,Hombre,38,16.0,39.0,1406.17,0,Superior,7.248624975445607,30-44
P00484,Azuay,Sierra,Urbana,Mujer,44,10.0,33.0,245.47,0,Secundaria,5.503174740174929,30-44
P00485,Pichincha,Sierra,Urbana,Mujer,32,15.0,43.0,440.02,0,Superior,6.086820180424735,30-44
P00486,Orellana,Amazonía,Rural,Hombre,45,4.0,25.0,257.78,0,Primaria,5.552106507976633,45-65
P00487,Pichincha,Sierra,Urbana,Hombre,42,18.0,50.0,1107.17,1,Posgrado,7.009562489120596,30-44
P00488,Azuay,Sierra,Urbana,Mujer,41,6.0,36.0,339.93,0,Primaria,5.8287397140605846,30-44
P00489,Esmeraldas,Costa,Urbana,Mujer,46,10.0,39.0,322.67,0,Secundaria,5.776630129133619,45-65
P00490,Pichincha,Sierra,Urbana,Mujer,18,8.0,22.0,472.17,0,Secundaria,6.157339090231619,18-29
P00491,El Oro,Costa,Rural,Hombre,29,10.0,44.0,879.73,1,Secundaria,6.7796150422121055,18-29
P00492,Manabí,Costa,Rural,Hombre,21,12.0,37.0,246.77,0,Secundaria,5.508456728726992,18-29
P00493,Loja,Sierra,Urbana,Mujer,21,6.0,58.0,288.48,1,Primaria,5.664625759455007,18-29
P00494,Imbabura,Sierra,Urbana,Mujer,36,14.0,40.0,711.02,1,Superior,6.566700558802835,30-44
P00495,Esmeraldas,Costa,Urbana,Mujer,22,7.0,40.0,480.08,1,Secundaria,6.173952756681257,18-29
P00496,Los Ríos,Costa,Urbana,Mujer,18,10.0,36.0,441.79,0,Secundaria,6.0908346560535245,18-29
P00497,Manabí,Costa,Urbana,Hombre,23,17.0,32.0,992.75,0,Posgrado,6.900478870011361,18-29
P00498,Guayas,Costa,Rural,Hombre,56,9.0,43.0,324.84,0,Secundaria,5.78333275341421,45-65
P00499,Pichincha,Sierra,Urbana,Hombre,26,13.0,38.0,500.0,0,Superior,6.214608098422191,18-29
P00500,Pichincha,Sierra,Urbana,Mujer,65,14.0,31.0,1006.98,0,Superior,6.914711031548143,45-65
P00501,Chimborazo,Sierra,Rural,Hombre,37,15.0,51.0,1461.19,1,Superior,7.287006451207592,30-44
P00503,Chimborazo,Sierra,Urbana,Hombre,21,15.0,68.0,1747.15,1,Superior,7.465741167924988,18-29
P00504,Guayas,Costa,Rural,Hombre,55,9.0,53.0,606.82,1,Secundaria,6.408232206720273,45-65
P00505,Pichincha,Sierra,Rural,Hombre,39,4.0,41.0,264.77,0,Primaria,5.578861524593351,30-44
P00506,Guayas,Costa,Urbana,Mujer,58,9.0,53.0,569.2,1,Secundaria,6.344231866215697,45-65
P00507,Guayas,Costa,Urbana,Mujer,65,12.0,32.0,374.54,0,Secundaria,5.925698606332363,45-65
P00508,Pichincha,Sierra,Urbana,Hombre,18,17.0,38.0,748.91,0,Posgrado,6.618618816083784,18-29
P00509,Guayas,Costa,Rural,Mujer,24,8.0,32.0,513.33,0,Secundaria,6.240918913211988,18-29
P00511,Guayas,Costa,Urbana,Hombre,40,18.0,50.0,1595.79,0,Posgrado,7.375124190405116,30-44
P00512,Azuay,Sierra,Urbana,Hombre,39,15.0,33.0,373.25,0,Superior,5.9222484364192995,30-44
P00513,Galápagos,Insular,Urbana,Mujer,47,12.0,38.0,1102.51,0,Secundaria,7.005344677574651,45-65
P00514,Guayas,Costa,Urbana,Hombre,40,7.0,45.0,311.86,0,Secundaria,5.742554369156739,30-44
P00515,Manabí,Costa,Urbana,Hombre,44,7.0,9.0,521.72,0,Secundaria,6.257131045502082,30-44
P00516,Morona Santiago,Amazonía,Urbana,Hombre,20,10.0,37.0,387.0,0,Secundaria,5.958424693029782,18-29
P00517,Azuay,Sierra,Rural,Hombre,46,12.0,41.0,665.34,1,Secundaria,6.500298188193179,45-65
P00518,El Oro,Costa,Rural,Mujer,58,11.0,52.0,424.06,0,Secundaria,6.049874954654404,45-65
P00519,Manabí,Costa,Rural,Hombre,32,11.0,47.0,623.19,1,Secundaria,6.434851448214703,30-44
P00520,Pichincha,Sierra,Urbana,Mujer,55,17.0,33.0,621.96,0,Posgrado,6.432875781989615,45-65
P00521,Imbabura,Sierra,Urbana,Mujer,20,15.0,57.0,250.68,1,Superior,5.524177225356475,18-29
P00522,Sucumbíos,Amazonía,Urbana,Hombre,29,18.0,52.0,539.67,1,Posgrado,6.2909578416427046,18-29
P00523,Sucumbíos,Amazonía,Rural,Mujer,43,13.0,40.0,1096.8,1,Superior,7.0001521282481045,30-44
P00524,Manabí,Costa,Urbana,Mujer,31,12.0,29.0,210.74,0,Secundaria,5.350625146171382,30-44
P00525,Guayas,Costa,Rural,Mujer,56,12.0,30.0,621.52,0,Secundaria,6.432168090642166,45-65
P00526,Tungurahua,Sierra,Rural,Hombre,33,12.0,47.0,1266.33,1,Secundaria,7.1438782322444006,30-44
P00527,Orellana,Amazonía,Rural,Hombre,54,14.0,23.0,515.83,0,Superior,6.2457772538342216,45-65
P00529,Guayas,Costa,Urbana,Mujer,56,9.0,26.0,223.35,0,Secundaria,5.408740047798128,45-65
P00530,Orellana,Amazonía,Rural,Mujer,19,17.0,37.0,454.69,0,Posgrado,6.1196158680665835,18-29
P00531,Loja,Sierra,Urbana,Hombre,55,15.0,34.0,727.16,0,Superior,6.589146535849861,45-65
P00532,Chimborazo,Sierra,Urbana,Hombre,42,8.0,36.0,790.86,0,Secundaria,6.67312096095243,30-44
P00533,Pichincha,Sierra,Urbana,Mujer,64,6.0,32.0,321.69,0,Primaria,5.773588348900164,45-65
P00535,Loja,Sierra,Urbana,Hombre,30,14.0,50.0,952.7,1,Superior,6.8593000587127335,30-44
P00536,Pichincha,Sierra,Rural,Hombre,49,7.0,27.0,427.18,0,Secundaria,6.057205470070659,45-65
P00537,Manabí,Costa,Urbana,Mujer,48,15.0,56.0,1272.16,1,Superior,7.148471522153174,45-65
P00538,Pichincha,Sierra,Rural,Mujer,19,10.0,32.0,469.7,0,Secundaria,6.15209419303295,18-29
P00539,Loja,Sierra,Urbana,Mujer,26,10.0,39.0,581.93,0,Secundaria,6.366350165583741,18-29
P00540,El Oro,Costa,Rural,Hombre,33,7.0,52.0,424.01,0,Secundaria,6.049757039859498,30-44
P00541,Manabí,Costa,Urbana,Mujer,55,14.0,54.0,1920.37,1,Superior,7.560273154789295,45-65
P00542,Esmeraldas,Costa,Urbana,Hombre,33,9.0,54.0,424.32,0,Secundaria,6.050487887557443,30-44
P00543,Los Ríos,Costa,Rural,Hombre,30,7.0,38.0,510.79,0,Secundaria,6.235958546832842,30-44
P00544,Pichincha,Sierra,Urbana,Hombre,18,13.0,54.0,822.62,1,Superior,6.71249436865418,18-29
P00545,Los Ríos,Costa,Urbana,Mujer,27,11.0,36.0,450.01,0,Secundaria,6.109269804739678,18-29
P00546,Manabí,Costa,Urbana,Hombre,34,5.0,23.0,344.65,0,Primaria,5.842529409331661,30-44
P00547,Pichincha,Sierra,Rural,Hombre,21,13.0,41.0,432.2,1,Superior,6.068888444072786,18-29
P00548,Guayas,Costa,Urbana,Mujer,45,13.0,26.0,280.92,0,Superior,5.638069931290819,45-65
P00549,Manabí,Costa,Rural,Mujer,40,15.0,48.0,617.19,1,Superior,6.425176918154249,30-44
P00550,Esmeraldas,Costa,Rural,Hombre,48,9.0,44.0,400.06,0,Secundaria,5.991614535859107,45-65
P00551,Chimborazo,Sierra,Rural,Hombre,42,8.0,37.0,339.17,0,Secundaria,5.826501456610174,30-44
P00554,Esmeraldas,Costa,Rural,Hombre,46,11.0,38.0,667.45,0,Secundaria,6.503464481101742,45-65
P00555,El Oro,Costa,Rural,Hombre,59,4.0,14.0,199.58,0,Primaria,5.2962151584561665,45-65
P00556,Esmeraldas,Costa,Urbana,Hombre,47,8.0,32.0,278.18,0,Secundaria,5.628268386178984,45-65
P00557,El Oro,Costa,Rural,Mujer,54,13.0,46.0,197.82,0,Superior,5.287357526311695,45-65
P00558,Guayas,Costa,Urbana,Hombre,60,13.0,47.0,407.1,0,Superior,6.0090588555089335,45-65
P00559,Manabí,Costa,Urbana,Hombre,55,15.0,27.0,1053.43,0,Superior,6.9598067858539405,45-65
P00560,Manabí,Costa,Urbana,Mujer,51,13.0,61.0,393.53,0,Superior,5.975157303833252,45-65
P00561,Chimborazo,Sierra,Urbana,Hombre,51,14.0,22.0,1355.46,0,Superior,7.2118961590971855,45-65
P00562,Guayas,Costa,Urbana,Mujer,23,15.0,33.0,852.36,0,Superior,6.748008972797719,18-29
P00563,Guayas,Costa,Urbana,Hombre,64,14.0,28.0,655.52,0,Superior,6.485428813798561,45-65
P00564,Loja,Sierra,Rural,Mujer,53,11.0,52.0,403.95,0,Secundaria,6.001291107925717,45-65
P00565,Guayas,Costa,Urbana,Hombre,42,11.0,37.0,475.15,0,Secundaria,6.163630543657324,30-44
P00566,Azuay,Sierra,Urbana,Mujer,59,11.0,36.0,552.28,0,Secundaria,6.314055164047952,45-65
P00567,Morona Santiago,Amazonía,Rural,Mujer,47,13.0,36.0,630.32,0,Superior,6.446227626937433,45-65
P00568,Tungurahua,Sierra,Urbana,Hombre,31,15.0,39.0,1926.3,0,Superior,7.563356343468112,30-44
P00569,Tungurahua,Sierra,Urbana,Hombre,62,13.0,31.0,720.1,0,Superior,6.5793900912548215,45-65
P00570,Orellana,Amazonía,Urbana,Mujer,37,9.0,30.0,339.44,0,Secundaria,5.827297200894069,30-44
P00571,Imbabura,Sierra,Urbana,Mujer,27,12.0,22.0,571.1,0,Secundaria,6.347564325670818,18-29
P00572,Orellana,Amazonía,Rural,Mujer,35,9.0,31.0,492.18,0,Secundaria,6.1988445032427135,30-44
P00573,El Oro,Costa,Urbana,Hombre,31,8.0,52.0,923.03,1,Secundaria,6.8276617366832095,30-44
P00574,Manabí,Costa,Rural,Hombre,55,10.0,56.0,402.15,0,Secundaria,5.996825153350078,45-65
P00575,Guayas,Costa,Urbana,Mujer,32,3.0,44.0,297.34,0,Primaria,5.694876265185204,30-44
P00576,Guayas,Costa,Urbana,Mujer,30,11.0,17.0,359.69,0,Secundaria,5.8852425493698926,30-44
P00577,Manabí,Costa,Urbana,Hombre,50,5.0,39.0,840.06,0,Primaria,6.7334733178578885,45-65
P00578,Pichincha,Sierra,Rural,Mujer,36,11.0,25.0,552.72,0,Secundaria,6.31485154418054,30-44
P00579,Pichincha,Sierra,Rural,Hombre,43,8.0,40.0,571.0,1,Secundaria,6.3473892096560105,30-44
P00580,Imbabura,Sierra,Urbana,Hombre,18,8.0,39.0,296.78,0,Secundaria,5.69299112357798,18-29
P00581,Tungurahua,Sierra,Urbana,Mujer,52,14.0,53.0,408.43,0,Superior,6.01232054098736,45-65
P00582,Pichincha,Sierra,Urbana,Mujer,20,16.0,29.0,454.15,0,Superior,6.118427539948223,18-29
P00583,Pichincha,Sierra,Rural,Mujer,63,4.0,43.0,206.68,0,Primaria,5.331171703418984,45-65
P00585,Guayas,Costa,Urbana,Hombre,52,9.0,43.0,486.35,1,Secundaria,6.186928529315449,45-65
P00586,Manabí,Costa,Urbana,Hombre,18,8.0,43.0,511.31,1,Secundaria,6.236976059884137,18-29
P00587,Pichincha,Sierra,Urbana,Mujer,42,10.0,18.0,413.97,0,Secundaria,6.0257935074315725,30-44
P00588,Chimborazo,Sierra,Urbana,Mujer,50,9.0,39.0,522.25,0,Secundaria,6.258146400436675,45-65
P00589,Guayas,Costa,Urbana,Mujer,49,16.0,56.0,1172.8,1,Superior,7.067149331132387,45-65
P00590,Guayas,Costa,Urbana,Hombre,64,14.0,28.0,845.14,0,Superior,6.739502294107052,45-65
P00591,Azuay,Sierra,Rural,Mujer,20,4.0,32.0,101.65,0,Primaria,4.621535540074356,18-29
P00592,El Oro,Costa,Rural,Hombre,25,10.0,36.0,891.72,0,Secundaria,6.793152181957378,18-29
P00593,Morona Santiago,Amazonía,Urbana,Hombre,56,14.0,43.0,935.25,1,Superior,6.840813873228256,45-65
P00594,Guayas,Costa,Urbana,Mujer,23,5.0,33.0,189.64,1,Primaria,5.245127538033917,18-29
P00595,Pichincha,Sierra,Rural,Mujer,52,6.0,47.0,205.92,0,Primaria,5.327487743847817,45-65
P00596,Pichincha,Sierra,Urbana,Hombre,26,18.0,35.0,879.71,1,Posgrado,6.779592307705671,18-29
P00597,Los Ríos,Costa,Urbana,Hombre,37,8.0,35.0,441.0,1,Secundaria,6.089044875446846,30-44
P00598,Guayas,Costa,Urbana,Hombre,53,7.0,40.0,1052.23,0,Secundaria,6.958667000580049,45-65
P00600,Pichincha,Sierra,Urbana,Hombre,46,13.0,41.0,931.29,1,Superior,6.836570721791449,45-65
P00601,Manabí,Costa,Rural,Hombre,52,12.0,43.0,1052.59,1,Secundaria,6.959009072589542,45-65
P00602,Loja,Sierra,Rural,Hombre,33,5.0,64.0,236.67,0,Primaria,5.466666765775108,30-44
P00604,Guayas,Costa,Urbana,Hombre,31,8.0,32.0,529.31,0,Secundaria,6.271574271562859,30-44
P00605,Los Ríos,Costa,Rural,Hombre,35,10.0,57.0,587.72,1,Secundaria,6.3762506440077455,30-44
P00606,Manabí,Costa,Urbana,Hombre,35,14.0,28.0,208.45,0,Superior,5.339699204326806,30-44
P00607,Sucumbíos,Amazonía,Rural,Hombre,63,5.0,52.0,1055.24,1,Primaria,6.96152350819032,45-65
P00608,Guayas,Costa,Urbana,Hombre,29,4.0,45.0,547.46,1,Primaria,6.3052893996609605,18-29
P00609,El Oro,Costa,Rural,Mujer,50,5.0,56.0,238.99,0,Primaria,5.476421710051968,45-65
P00610,El Oro,Costa,Rural,Hombre,18,11.0,50.0,985.6,1,Secundaria,6.893250592779255,18-29
P00611,Sucumbíos,Amazonía,Rural,Hombre,38,6.0,48.0,427.82,0,Primaria,6.0587025463736595,30-44
P00612,Pichincha,Sierra,Urbana,Mujer,19,17.0,45.0,856.88,0,Posgrado,6.753297885456374,18-29
P00613,Los Ríos,Costa,Urbana,Mujer,24,15.0,33.0,790.05,0,Superior,6.672096234597508,18-29
P00614,Imbabura,Sierra,Rural,Hombre,51,15.0,20.0,314.45,0,Superior,5.750825080989513,45-65
P00615,Chimborazo,Sierra,Urbana,Hombre,54,17.0,35.0,1594.61,0,Posgrado,7.374384471213914,45-65
P00616,El Oro,Costa,Urbana,Mujer,19,10.0,35.0,380.82,0,Secundaria,5.942326822546434,18-29
P00617,Azuay,Sierra,Urbana,Hombre,43,14.0,52.0,807.24,1,Superior,6.693621021825515,30-44
P00618,Los Ríos,Costa,Urbana,Mujer,54,11.0,32.0,450.83,1,Secundaria,6.111090328309851,45-65
P00619,Guayas,Costa,Urbana,Mujer,26,16.0,43.0,1072.05,1,Superior,6.9773279823340975,18-29
P00620,Pichincha,Sierra,Urbana,Mujer,54,14.0,25.0,231.99,0,Superior,5.446694267289054,45-65
P00621,Loja,Sierra,Rural,Hombre,25,6.0,46.0,230.66,0,Primaria,5.440944764797792,18-29
P00622,Los Ríos,Costa,Urbana,Hombre,26,12.0,47.0,1319.84,1,Secundaria,7.1852657961124216,18-29
P00623,Esmeraldas,Costa,Rural,Hombre,20,14.0,35.0,500.5,0,Superior,6.215607598755275,18-29
P00624,Azuay,Sierra,Urbana,Mujer,44,1.0,48.0,324.94,0,Primaria,5.783640549901604,30-44
P00625,Loja,Sierra,Urbana,Hombre,20,15.0,31.0,1737.83,0,Superior,7.460392487462451,18-29
P00626,Imbabura,Sierra,Urbana,Mujer,55,17.0,41.0,1484.25,1,Posgrado,7.302664873150785,45-65
P00627,Guayas,Costa,Urbana,Hombre,34,12.0,34.0,593.48,0,Secundaria,6.386003515082593,30-44
P00628,Los Ríos,Costa,Urbana,Hombre,20,19.0,40.0,1022.68,1,Posgrado,6.930181911543693,18-29
P00629,Morona Santiago,Amazonía,Urbana,Mujer,30,13.0,36.0,529.71,0,Superior,6.2723296869828165,30-44
P00630,Guayas,Costa,Rural,Hombre,65,8.0,33.0,478.55,0,Secundaria,6.1707606986419155,45-65
P00631,Guayas,Costa,Urbana,Hombre,64,19.0,50.0,1475.35,1,Posgrado,7.296650528761137,45-65
P00632,Manabí,Costa,Urbana,Hombre,39,18.0,46.0,1344.73,1,Posgrado,7.2039485283898435,30-44
P00633,Chimborazo,Sierra,Rural,Mujer,50,12.0,50.0,311.62,0,Secundaria,5.741784496789209,45-65
P00634,El Oro,Costa,Urbana,Mujer,47,15.0,36.0,1196.97,0,Superior,7.087548642587258,45-65
P00635,Morona Santiago,Amazonía,Urbana,Hombre,55,10.0,40.0,1134.09,1,Secundaria,7.033585846217821,45-65
P00636,Sucumbíos,Amazonía,Urbana,Hombre,41,10.0,29.0,547.37,0,Secundaria,6.305124990574248,30-44
P00637,Imbabura,Sierra,Rural,Mujer,40,6.0,33.0,214.78,0,Primaria,5.369614248430071,30-44
P00638,Imbabura,Sierra,Urbana,Mujer,43,18.0,50.0,1306.21,1,Posgrado,7.174885093234688,30-44
P00639,Pichincha,Sierra,Urbana,Mujer,63,11.0,33.0,396.95,0,Secundaria,5.983810328171122,45-65
P00640,Guayas,Costa,Rural,Mujer,25,15.0,24.0,855.04,0,Superior,6.751148251468171,18-29
P00641,Los Ríos,Costa,Urbana,Mujer,61,13.0,32.0,696.09,0,Superior,6.545478962319385,45-65
P00642,Guayas,Costa,Urbana,Mujer,62,19.0,33.0,1855.25,0,Posgrado,7.525774736850243,45-65
P00643,Guayas,Costa,Urbana,Hombre,21,18.0,29.0,715.62,0,Posgrado,6.573149299818633,18-29
P00644,Pichincha,Sierra,Urbana,Hombre,23,11.0,38.0,1458.17,0,Secundaria,7.284937503851137,18-29
P00645,Guayas,Costa,Urbana,Mujer,50,9.0,43.0,373.67,0,Secundaria,5.923373054970863,45-65
P00646,Manabí,Costa,Urbana,Mujer,58,12.0,32.0,716.53,1,Secundaria,6.574420116594067,45-65
P00647,Sucumbíos,Amazonía,Rural,Hombre,46,11.0,43.0,932.11,1,Secundaria,6.8374508334721735,45-65
P00648,Guayas,Costa,Urbana,Mujer,24,10.0,43.0,596.0,1,Secundaria,6.39024066706535,18-29
P00649,Los Ríos,Costa,Urbana,Hombre,29,16.0,59.0,2242.04,1,Superior,7.7151414446861555,18-29
P00650,Pichincha,Sierra,Rural,Hombre,64,10.0,34.0,314.22,0,Secundaria,5.750093377519452,45-65
P00651,Esmeraldas,Costa,Rural,Hombre,63,7.0,45.0,426.29,0,Secundaria,6.055119865837104,45-65
P00652,Sucumbíos,Amazonía,Rural,Hombre,34,9.0,43.0,499.4,1,Secundaria,6.213407377845673,30-44
P00653,Manabí,Costa,Urbana,Mujer,64,6.0,41.0,340.04,0,Primaria,5.829063257749159,45-65
P00655,Sucumbíos,Amazonía,Rural,Hombre,58,0.0,36.0,100.51,0,Primaria,4.610257225036649,45-65
P00656,Guayas,Costa,Rural,Hombre,54,12.0,44.0,390.66,0,Secundaria,5.967837616476825,45-65
P00657,Sucumbíos,Amazonía,Urbana,Hombre,22,13.0,40.0,856.42,1,Superior,6.752760910015934,18-29
P00658,Sucumbíos,Amazonía,Urbana,Hombre,61,12.0,53.0,618.29,1,Secundaria,6.426957603055114,45-65
P00659,Orellana,Amazonía,Rural,Hombre,38,5.0,42.0,125.29,0,Primaria,4.830631050257462,30-44
P00660,Chimborazo,Sierra,Urbana,Mujer,28,7.0,25.0,414.01,0,Secundaria,6.025890128122969,18-29
P00661,Manabí,Costa,Urbana,Hombre,32,21.0,47.0,535.34,1,Posgrado,6.28290205906118,30-44
P00662,Imbabura,Sierra,Urbana,Mujer,40,7.0,41.0,161.69,0,Secundaria,5.085680921751723,30-44
P00663,Manabí,Costa,Rural,Hombre,25,6.0,40.0,308.61,0,Primaria,5.7320783438110485,18-29
P00664,Guayas,Costa,Urbana,Hombre,37,13.0,30.0,729.1,0,Superior,6.591810896812385,30-44
P00665,Galápagos,Insular,Urbana,Hombre,64,14.0,52.0,1572.37,1,Superior,7.360339314250967,45-65
P00666,Pichincha,Sierra,Urbana,Mujer,18,16.0,47.0,939.71,1,Superior,6.845571317026555,18-29
P00667,Guayas,Costa,Urbana,Mujer,62,16.0,25.0,946.01,0,Superior,6.852253139820532,45-65
P00668,Sucumbíos,Amazonía,Urbana,Hombre,29,15.0,48.0,1362.86,1,Superior,7.21734071182088,18-29
P00669,Orellana,Amazonía,Rural,Mujer,42,13.0,49.0,552.86,0,Superior,6.315104804913816,30-44
P00670,Guayas,Costa,Urbana,Hombre,52,10.0,49.0,464.64,0,Secundaria,6.141262912196376,45-65
P00671,Galápagos,Insular,Urbana,Hombre,63,19.0,36.0,1789.22,0,Posgrado,7.48953504967641,45-65
P00672,Los Ríos,Costa,Urbana,Mujer,43,15.0,34.0,410.88,0,Superior,6.018301201061542,30-44
P00673,Los Ríos,Costa,Urbana,Hombre,24,14.0,52.0,227.52,0,Superior,5.427238146614876,18-29
P00674,Manabí,Costa,Urbana,Hombre,48,12.0,37.0,504.55,0,Secundaria,6.223666942910538,45-65
P00675,Guayas,Costa,Urbana,Hombre,40,11.0,42.0,1361.72,1,Secundaria,7.2165038855456185,30-44
P00676,Pichincha,Sierra,Urbana,Hombre,23,11.0,15.0,303.45,0,Secundaria,5.7152168522818645,18-29
P00677,Guayas,Costa,Urbana,Hombre,34,14.0,35.0,538.84,0,Superior,6.289418680830368,30-44
P00678,Guayas,Costa,Urbana,Mujer,28,14.0,43.0,578.9,1,Superior,6.361129751084959,18-29
P00680,Pichincha,Sierra,Urbana,Mujer,40,12.0,27.0,927.23,0,Secundaria,6.832201646980976,30-44
P00681,Guayas,Costa,Urbana,Hombre,25,14.0,52.0,1623.81,1,Superior,7.392530518803274,18-29
P00682,Azuay,Sierra,Urbana,Hombre,32,13.0,39.0,1088.62,0,Superior,6.992666118052534,30-44
P00683,Los Ríos,Costa,Urbana,Hombre,58,18.0,31.0,647.73,0,Posgrado,6.473473942855932,45-65
P00684,Manabí,Costa,Rural,Mujer,49,13.0,43.0,645.1,1,Superior,6.469405343538196,45-65
P00685,Manabí,Costa,Urbana,Hombre,41,10.0,49.0,961.42,1,Secundaria,6.868411358239112,30-44
P00686,Los Ríos,Costa,Rural,Mujer,53,5.0,35.0,720.03,0,Primaria,6.5792928778087365,45-65
P00687,Esmeraldas,Costa,Urbana,Mujer,36,14.0,26.0,2139.55,0,Superior,7.668350805530048,30-44
P00688,Guayas,Costa,Urbana,Hombre,21,13.0,44.0,647.11,1,Superior,6.472516295505861,18-29
P00689,El Oro,Costa,Urbana,Hombre,43,12.0,46.0,1089.04,1,Secundaria,6.993051853204218,30-44
P00690,Sucumbíos,Amazonía,Rural,Hombre,44,6.0,46.0,352.03,0,Primaria,5.863716399239187,30-44
P00691,Pichincha,Sierra,Urbana,Hombre,35,16.0,48.0,1476.78,1,Superior,7.29761932086165,30-44
P00692,El Oro,Costa,Urbana,Hombre,55,15.0,56.0,1098.04,1,Superior,7.0012820512784195,45-65
P00693,Los Ríos,Costa,Rural,Hombre,26,9.0,26.0,401.26,0,Secundaria,5.9946095962520545,18-29
P00694,Guayas,Costa,Rural,Hombre,48,5.0,44.0,174.36,0,Primaria,5.1611221273701915,45-65
P00695,Loja,Sierra,Urbana,Mujer,52,21.0,53.0,1180.72,1,Posgrado,7.073879700873521,45-65
P00696,Esmeraldas,Costa,Rural,Hombre,30,14.0,58.0,809.7,1,Superior,6.696663808692069,30-44
P00697,Los Ríos,Costa,Rural,Mujer,18,13.0,36.0,208.77,0,Superior,5.3412331675248685,18-29
P00698,Manabí,Costa,Urbana,Hombre,27,12.0,26.0,188.19,0,Secundaria,5.237452090776761,18-29
P00699,Loja,Sierra,Urbana,Mujer,55,10.0,44.0,533.69,1,Secundaria,6.2798151460461265,45-65
P00700,Imbabura,Sierra,Rural,Mujer,49,8.0,35.0,403.9,0,Secundaria,6.001167322569367,45-65
P00701,Guayas,Costa,Rural,Mujer,28,17.0,46.0,829.48,1,Posgrado,6.72079899842964,18-29
P00702,Pichincha,Sierra,Urbana,Hombre,38,8.0,56.0,868.72,1,Secundaria,6.767020863908645,30-44
P00703,Orellana,Amazonía,Rural,Mujer,18,6.0,37.0,416.92,0,Primaria,6.032894356871122,18-29
P00704,Azuay,Sierra,Urbana,Hombre,58,12.0,36.0,278.78,1,Secundaria,5.63042294030174,45-65
P00705,Guayas,Costa,Rural,Mujer,61,17.0,27.0,825.21,0,Posgrado,6.715637899398029,45-65
P00706,Guayas,Costa,Urbana,Mujer,58,6.0,36.0,330.87,0,Primaria,5.801725548986165,45-65
P00707,Guayas,Costa,Urbana,Hombre,41,15.0,50.0,769.05,1,Superior,6.645155986897819,30-44
P00708,Manabí,Costa,Urbana,Hombre,29,7.0,30.0,487.55,0,Secundaria,6.189392849281128,18-29
P00709,Manabí,Costa,Urbana,Mujer,23,13.0,43.0,304.8,0,Superior,5.7196558238124915,18-29
P00710,Guayas,Costa,Urbana,Hombre,26,14.0,43.0,968.77,1,Superior,6.876027225615738,18-29
P00711,Pichincha,Sierra,Rural,Hombre,60,10.0,32.0,1020.89,0,Secundaria,6.92843007484832,45-65
P00712,Morona Santiago,Amazonía,Urbana,Hombre,23,11.0,57.0,498.98,1,Secundaria,6.212566014787967,18-29
P00713,Pichincha,Sierra,Urbana,Hombre,57,9.0,26.0,1464.21,0,Secundaria,7.289071126857299,45-65
P00714,Sucumbíos,Amazonía,Urbana,Hombre,29,7.0,42.0,202.48,0,Secundaria,5.3106411162368685,18-29
P00715,Pichincha,Sierra,Rural,Hombre,22,11.0,42.0,368.34,0,Secundaria,5.90900642466746,18-29
P00716,Manabí,Costa,Urbana,Mujer,60,15.0,46.0,1151.49,0,Superior,7.048812034898237,45-65
P00717,Los Ríos,Costa,Rural,Hombre,57,6.0,54.0,557.1,1,Primaria,6.322744757026769,45-65
P00718,Tungurahua,Sierra,Urbana,Hombre,54,16.0,72.0,856.9,1,Superior,6.753321225675073,45-65
P00719,Imbabura,Sierra,Rural,Mujer,44,14.0,51.0,474.03,1,Superior,6.161270610831517,30-44
P00720,Pichincha,Sierra,Urbana,Hombre,40,10.0,38.0,1015.88,0,Secundaria,6.9235105109266435,30-44
P00721,Chimborazo,Sierra,Urbana,Mujer,25,13.0,33.0,203.18,1,Superior,5.314092285663399,18-29
P00722,Tungurahua,Sierra,Urbana,Hombre,18,15.0,54.0,946.91,1,Superior,6.853204051710963,18-29
P00723,Orellana,Amazonía,Rural,Hombre,47,8.0,50.0,619.93,1,Secundaria,6.429606568439282,45-65
P00724,Galápagos,Insular,Rural,Hombre,56,16.0,28.0,328.25,0,Superior,5.793775513182905,45-65
P00725,Loja,Sierra,Urbana,Mujer,61,7.0,21.0,438.96,0,Secundaria,6.0844082927507195,45-65
P00726,Los Ríos,Costa,Urbana,Hombre,46,5.0,39.0,670.68,0,Primaria,6.508292123069607,45-65
P00727,Morona Santiago,Amazonía,Rural,Mujer,25,16.0,26.0,257.27,0,Superior,5.550126117076011,18-29
P00728,Imbabura,Sierra,Urbana,Hombre,51,10.0,62.0,643.53,1,Secundaria,6.466968645996121,45-65
P00729,El Oro,Costa,Urbana,Hombre,43,15.0,72.0,521.44,1,Superior,6.256594215089252,30-44
P00730,Manabí,Costa,Urbana,Mujer,48,9.0,46.0,238.43,0,Secundaria,5.474075766200316,45-65
P00731,Manabí,Costa,Urbana,Mujer,28,12.0,48.0,548.16,1,Secundaria,6.306567215135755,18-29
P00732,El Oro,Costa,Urbana,Hombre,21,13.0,46.0,726.77,1,Superior,6.588610058840165,18-29
P00733,El Oro,Costa,Urbana,Mujer,23,13.0,50.0,319.92,0,Superior,5.768070964538563,18-29
P00734,Pichincha,Sierra,Urbana,Mujer,47,21.0,24.0,595.7,0,Posgrado,6.389737184634642,45-65
P00735,Pichincha,Sierra,Urbana,Mujer,43,10.0,53.0,591.3,1,Secundaria,6.382323502826784,30-44
P00736,Guayas,Costa,Urbana,Mujer,32,9.0,50.0,705.23,1,Secundaria,6.558523990741953,30-44
P00737,Guayas,Costa,Urbana,Mujer,28,14.0,37.0,197.49,0,Superior,5.285687950147895,18-29
P00738,Tungurahua,Sierra,Urbana,Mujer,61,14.0,52.0,930.46,1,Superior,6.835679087517257,45-65
P00739,Galápagos,Insular,Urbana,Mujer,56,12.0,44.0,852.57,1,Secundaria,6.748255317223663,45-65
P00740,Guayas,Costa,Urbana,Hombre,60,13.0,41.0,791.16,1,Superior,6.6735002229132085,45-65
P00741,Los Ríos,Costa,Urbana,Mujer,41,18.0,44.0,1001.92,1,Posgrado,6.909673438138041,30-44
P00742,Guayas,Costa,Rural,Mujer,43,18.0,42.0,1286.86,1,Posgrado,7.159960421570362,30-44
P00743,Loja,Sierra,Urbana,Mujer,37,13.0,31.0,971.38,0,Superior,6.878717740858843,30-44
P00744,Pichincha,Sierra,Urbana,Mujer,27,13.0,38.0,987.85,0,Superior,6.895530864359414,18-29
P00745,El Oro,Costa,Rural,Hombre,27,14.0,41.0,617.44,1,Superior,6.425581897789309,18-29
P00746,Manabí,Costa,Urbana,Mujer,23,16.0,30.0,378.54,1,Superior,5.936321747610773,18-29
P00747,Esmeraldas,Costa,Urbana,Hombre,53,11.0,31.0,358.13,0,Secundaria,5.880896048977126,45-65
P00748,Pichincha,Sierra,Urbana,Hombre,55,16.0,50.0,1544.87,1,Superior,7.342695043396854,45-65
P00749,Manabí,Costa,Urbana,Mujer,19,15.0,45.0,880.83,1,Superior,6.780864644773947,18-29
P00750,Chimborazo,Sierra,Rural,Mujer,50,18.0,39.0,1860.59,0,Posgrado,7.528648920709674,45-65
P00751,Imbabura,Sierra,Rural,Hombre,54,9.0,35.0,392.7,0,Secundaria,5.9730459615839635,45-65
P00752,Pichincha,Sierra,Urbana,Hombre,64,9.0,73.0,952.25,1,Secundaria,6.858827605358713,45-65
P00753,Esmeraldas,Costa,Urbana,Hombre,39,7.0,49.0,217.36,0,Secundaria,5.3815549651180925,30-44
P00754,Guayas,Costa,Rural,Mujer,52,6.0,62.0,610.51,1,Primaria,6.414294673432988,45-65
P00755,Pichincha,Sierra,Urbana,Hombre,25,14.0,41.0,1029.51,1,Superior,6.9368382398738015,18-29
P00757,Los Ríos,Costa,Urbana,Hombre,53,16.0,44.0,1284.48,1,Superior,7.1581092461679185,45-65
P00758,Esmeraldas,Costa,Urbana,Hombre,18,16.0,37.0,1246.9,1,Superior,7.1284157500025405,18-29
P00759,Chimborazo,Sierra,Urbana,Mujer,33,13.0,44.0,1420.39,1,Superior,7.258686760773804,30-44
P00760,Loja,Sierra,Urbana,Hombre,32,9.0,37.0,517.44,0,Secundaria,6.248893576388742,30-44
P00761,Chimborazo,Sierra,Urbana,Mujer,20,15.0,33.0,449.93,0,Superior,6.109092015108789,18-29
P00762,Sucumbíos,Amazonía,Urbana,Mujer,53,15.0,35.0,653.21,0,Superior,6.48189867022591,45-65
P00763,Manabí,Costa,Urbana,Mujer,61,5.0,37.0,329.1,0,Primaria,5.796361655949294,45-65
P00766,Manabí,Costa,Urbana,Mujer,63,15.0,54.0,697.29,1,Superior,6.547201393094445,45-65
P00767,Guayas,Costa,Urbana,Hombre,52,10.0,49.0,867.8,1,Secundaria,6.76596127336425,45-65
P00768,Orellana,Amazonía,Rural,Hombre,22,8.0,52.0,235.6,0,Secundaria,5.462135451777431,18-29
P00769,Pichincha,Sierra,Rural,Hombre,64,7.0,36.0,767.35,0,Secundaria,6.642943020621104,45-65
P00770,Manabí,Costa,Urbana,Hombre,65,9.0,51.0,502.69,1,Secundaria,6.219973677920602,45-65
P00771,Sucumbíos,Amazonía,Urbana,Hombre,24,10.0,61.0,597.03,1,Secundaria,6.391967363386331,18-29
P00772,Loja,Sierra,Urbana,Mujer,40,13.0,43.0,437.18,0,Superior,6.0803450096018565,30-44
P00773,El Oro,Costa,Rural,Mujer,36,14.0,56.0,376.31,0,Superior,5.9304132717878835,30-44
P00774,Azuay,Sierra,Urbana,Hombre,44,14.0,43.0,1617.39,1,Superior,7.38856901788015,30-44
P00775,Guayas,Costa,Rural,Mujer,48,12.0,28.0,591.53,0,Secundaria,6.382712400644558,45-65
P00776,Manabí,Costa,Urbana,Mujer,58,8.0,48.0,720.6,1,Secundaria,6.580084198313993,45-65
P00777,Loja,Sierra,Urbana,Mujer,21,9.0,42.0,197.13,0,Secundaria,5.2838634095778865,18-29
P00778,Manabí,Costa,Rural,Mujer,26,8.0,42.0,149.68,0,Secundaria,5.0084996819658345,18-29
P00779,Los Ríos,Costa,Rural,Hombre,32,14.0,41.0,1171.74,1,Superior,7.066245102522746,30-44
P00780,Morona Santiago,Amazonía,Urbana,Mujer,26,14.0,34.0,717.74,0,Superior,6.576107386476391,18-29
P00781,El Oro,Costa,Rural,Mujer,49,9.0,39.0,695.46,0,Secundaria,6.544573497128709,45-65
P00782,Imbabura,Sierra,Urbana,Hombre,54,9.0,41.0,438.78,0,Secundaria,6.083998148510915,45-65
P00783,Esmeraldas,Costa,Urbana,Mujer,65,15.0,60.0,390.07,0,Superior,5.966326210197282,45-65
P00784,Manabí,Costa,Urbana,Mujer,65,3.0,22.0,356.77,0,Primaria,5.877091316453384,45-65
P00785,Guayas,Costa,Urbana,Mujer,51,9.0,34.0,415.58,0,Secundaria,6.029675134871734,45-65
P00786,Los Ríos,Costa,Urbana,Mujer,62,13.0,47.0,667.85,1,Superior,6.504063597423114,45-65
P00787,Esmeraldas,Costa,Urbana,Hombre,42,16.0,50.0,708.07,1,Superior,6.562542958862895,30-44
P00788,Morona Santiago,Amazonía,Rural,Hombre,52,9.0,52.0,338.5,0,Secundaria,5.82452409235233,45-65
P00789,Pichincha,Sierra,Urbana,Mujer,42,9.0,42.0,1242.79,1,Secundaria,7.125114131139561,30-44
P00790,Manabí,Costa,Rural,Hombre,48,2.0,43.0,231.06,1,Primaria,5.442677417054872,45-65
P00792,Azuay,Sierra,Urbana,Hombre,35,11.0,31.0,703.59,0,Secundaria,6.556195800141595,30-44
P00794,Guayas,Costa,Urbana,Mujer,30,10.0,43.0,555.04,1,Secundaria,6.319040183221439,30-44
P00796,Loja,Sierra,Rural,Mujer,23,11.0,47.0,1056.22,1,Secundaria,6.962451775901165,18-29
P00797,Guayas,Costa,Urbana,Mujer,48,11.0,54.0,1066.75,1,Secundaria,6.97237192206811,45-65
P00798,Los Ríos,Costa,Rural,Hombre,39,15.0,42.0,1129.22,1,Superior,7.029282407876753,30-44
P00799,Guayas,Costa,Urbana,Hombre,37,13.0,33.0,831.77,0,Superior,6.723555960296298,30-44
P00801,Los Ríos,Costa,Urbana,Hombre,30,6.0,36.0,204.53,0,Primaria,5.320714663990075,30-44
P00803,Los Ríos,Costa,Urbana,Hombre,58,14.0,50.0,661.63,1,Superior,6.494706487300551,45-65
P00804,Guayas,Costa,Urbana,Mujer,52,13.0,32.0,573.29,0,Superior,6.351391696887623,45-65
P00805,Pichincha,Sierra,Rural,Hombre,54,6.0,33.0,249.62,0,Primaria,5.519939761490308,45-65
P00806,Guayas,Costa,Urbana,Mujer,34,8.0,44.0,151.71,0,Secundaria,5.021970803760001,30-44
P00807,Loja,Sierra,Urbana,Mujer,32,11.0,52.0,448.43,0,Secundaria,6.1057525935095045,30-44
P00808,Esmeraldas,Costa,Rural,Mujer,32,14.0,52.0,277.02,0,Superior,5.624089705746952,30-44
P00810,Galápagos,Insular,Urbana,Hombre,37,11.0,45.0,728.78,1,Secundaria,6.591371903198179,30-44
P00811,Guayas,Costa,Rural,Mujer,38,3.0,46.0,387.47,0,Primaria,5.95963842644153,30-44
P00812,Esmeraldas,Costa,Urbana,Mujer,26,15.0,40.0,400.5,0,Superior,5.992713766508414,18-29
P00813,Galápagos,Insular,Urbana,Hombre,62,6.0,36.0,478.49,0,Primaria,6.170635312033041,45-65
P00814,Guayas,Costa,Urbana,Hombre,63,12.0,25.0,426.95,0,Secundaria,6.0566669103536155,45-65
P00815,Pichincha,Sierra,Rural,Hombre,37,8.0,61.0,686.61,1,Secundaria,6.5317664454383575,30-44
P00816,Pichincha,Sierra,Urbana,Hombre,31,19.0,29.0,1635.41,0,Posgrado,7.3996488164211796,30-44
P00817,Los Ríos,Costa,Urbana,Hombre,45,8.0,66.0,669.08,1,Secundaria,6.505903634443808,45-65
P00818,Los Ríos,Costa,Urbana,Mujer,58,9.0,25.0,225.17,0,Secundaria,5.416855672471569,45-65
P00819,Guayas,Costa,Urbana,Hombre,18,14.0,35.0,1001.25,1,Superior,6.909004498382569,18-29
P00820,Orellana,Amazonía,Urbana,Mujer,54,16.0,64.0,279.32,0,Superior,5.632358077977835,45-65
P00821,Guayas,Costa,Urbana,Hombre,23,11.0,30.0,273.5,0,Secundaria,5.611301621862036,18-29
P00822,Loja,Sierra,Urbana,Hombre,59,15.0,48.0,444.98,0,Superior,6.098029337336012,45-65
P00823,Pichincha,Sierra,Rural,Mujer,36,11.0,38.0,258.14,0,Secundaria,5.553502073407041,30-44
P00824,Loja,Sierra,Rural,Mujer,32,10.0,42.0,249.53,0,Secundaria,5.519579148444228,30-44
P00825,Pichincha,Sierra,Urbana,Hombre,43,10.0,39.0,747.16,0,Secundaria,6.6162793522911025,30-44
P00826,El Oro,Costa,Urbana,Mujer,40,17.0,38.0,1239.02,0,Posgrado,7.122076023548901,30-44
P00827,Guayas,Costa,Rural,Hombre,63,7.0,32.0,428.6,0,Secundaria,6.060524083039477,45-65
P00828,Tungurahua,Sierra,Urbana,Hombre,52,13.0,34.0,534.3,0,Superior,6.2809574789637255,45-65
P00829,Chimborazo,Sierra,Rural,Mujer,46,6.0,45.0,361.81,0,Primaria,5.891119212159107,45-65
P00830,Guayas,Costa,Urbana,Hombre,57,19.0,42.0,1988.71,1,Posgrado,7.5952414663133325,45-65
P00831,Orellana,Amazonía,Rural,Mujer,21,15.0,40.0,537.96,1,Superior,6.287784207955348,18-29
P00832,Azuay,Sierra,Urbana,Mujer,45,14.0,44.0,356.3,0,Superior,5.87577307261179,45-65
P00833,Guayas,Costa,Urbana,Hombre,20,10.0,36.0,332.71,0,Secundaria,5.807271239681231,18-29
P00834,Guayas,Costa,Urbana,Mujer,28,18.0,38.0,600.27,0,Posgrado,6.397379553996511,18-29
P00835,Pichincha,Sierra,Rural,Hombre,60,6.0,35.0,508.39,0,Primaria,6.231248869570317,45-65
P00836,Pichincha,Sierra,Urbana,Hombre,51,15.0,51.0,830.3,1,Superior,6.721787081267985,45-65
P00837,Esmeraldas,Costa,Urbana,Hombre,60,14.0,44.0,532.07,1,Superior,6.2767750596332625,45-65
P00838,Pichincha,Sierra,Urbana,Mujer,65,13.0,27.0,284.31,0,Superior,5.650065192150214,45-65
P00840,El Oro,Costa,Urbana,Hombre,32,17.0,51.0,1595.82,1,Posgrado,7.3751429896945035,30-44
P00841,Manabí,Costa,Urbana,Mujer,43,4.0,38.0,299.78,0,Primaria,5.70304887230245,30-44
P00842,Azuay,Sierra,Rural,Mujer,21,3.0,39.0,405.08,0,Primaria,6.004084578464084,18-29
P00843,Pichincha,Sierra,Rural,Mujer,44,9.0,26.0,85.33,0,Secundaria,4.446526092548494,30-44
P00844,Pichincha,Sierra,Rural,Hombre,40,6.0,46.0,595.72,1,Primaria,6.389770758017667,30-44
P00845,Imbabura,Sierra,Urbana,Mujer,18,12.0,49.0,584.16,1,Secundaria,6.370174917907327,18-29
P00846,Chimborazo,Sierra,Urbana,Mujer,56,10.0,54.0,332.39,0,Secundaria,5.806308978292893,45-65
P00847,Azuay,Sierra,Rural,Mujer,24,7.0,37.0,318.61,0,Secundaria,5.763967784302899,18-29
P00848,Guayas,Costa,Rural,Hombre,57,14.0,37.0,599.05,0,Superior,6.395345067085908,45-65
P00849,Esmeraldas,Costa,Rural,Mujer,32,8.0,22.0,233.72,0,Secundaria,5.454123817686236,30-44
P00850,Pichincha,Sierra,Urbana,Hombre,65,10.0,30.0,807.18,0,Secundaria,6.693546691725507,45-65
P00851,El Oro,Costa,Rural,Mujer,53,14.0,53.0,1655.45,1,Superior,7.411828154175417,45-65
P00852,Morona Santiago,Amazonía,Urbana,Mujer,37,9.0,60.0,459.5,0,Secundaria,6.1301389417957415,30-44
P00853,Guayas,Costa,Urbana,Hombre,41,11.0,34.0,1113.18,0,Secundaria,7.014976063266841,30-44
P00854,Guayas,Costa,Rural,Mujer,64,13.0,38.0,327.03,0,Superior,5.790051909808377,45-65
P00855,Guayas,Costa,Rural,Hombre,59,16.0,48.0,772.54,1,Superior,6.649683787366641,45-65
P00856,Manabí,Costa,Urbana,Mujer,58,14.0,41.0,529.92,1,Superior,6.27272605175684,45-65
P00857,Chimborazo,Sierra,Urbana,Hombre,57,11.0,30.0,1260.33,1,Secundaria,7.139128870416363,45-65
P00858,Loja,Sierra,Urbana,Mujer,60,14.0,62.0,1318.92,1,Superior,7.184568498868809,45-65
P00859,Guayas,Costa,Urbana,Hombre,24,10.0,48.0,713.05,1,Secundaria,6.569551544182776,18-29
P00860,Guayas,Costa,Urbana,Hombre,40,16.0,50.0,581.78,1,Superior,6.366092369395978,30-44
P00862,El Oro,Costa,Urbana,Mujer,34,14.0,62.0,624.88,1,Superior,6.437559631302042,30-44
P00863,Pichincha,Sierra,Rural,Mujer,45,13.0,34.0,900.86,0,Superior,6.803349862627283,45-65
P00864,Manabí,Costa,Urbana,Hombre,44,14.0,46.0,726.48,1,Superior,6.588210953381573,30-44
P00866,Pichincha,Sierra,Urbana,Hombre,18,10.0,39.0,404.38,0,Secundaria,6.002355029939155,18-29
P00867,Los Ríos,Costa,Rural,Mujer,37,8.0,39.0,301.49,0,Secundaria,5.708736848121332,30-44
P00868,Pichincha,Sierra,Urbana,Hombre,48,13.0,49.0,600.91,1,Superior,6.398445172905521,45-65
P00869,Pichincha,Sierra,Rural,Mujer,46,6.0,34.0,295.06,0,Primaria,5.687178725489421,45-65
P00870,Manabí,Costa,Urbana,Hombre,26,7.0,39.0,237.91,0,Secundaria,5.471892450893752,18-29
P00871,Los Ríos,Costa,Urbana,Hombre,54,19.0,23.0,1669.72,0,Posgrado,7.42041122668285,45-65
P00872,El Oro,Costa,Urbana,Mujer,28,12.0,53.0,403.0,0,Secundaria,5.998936561946683,18-29
P00873,El Oro,Costa,Rural,Hombre,23,16.0,37.0,448.98,1,Superior,6.106978343320322,18-29
P00875,Manabí,Costa,Urbana,Hombre,41,10.0,43.0,421.48,0,Secundaria,6.043772326731327,30-44
P00876,Manabí,Costa,Urbana,Mujer,41,19.0,29.0,1701.14,0,Posgrado,7.439053893535779,30-44
P00877,Pichincha,Sierra,Rural,Mujer,61,5.0,40.0,874.54,0,Primaria,6.773698033835695,45-65
P00878,Los Ríos,Costa,Urbana,Mujer,52,11.0,52.0,922.18,1,Secundaria,6.82674043226786,45-65
P00879,Guayas,Costa,Rural,Hombre,59,11.0,45.0,678.68,1,Secundaria,6.520149735174739,45-65
P00880,Azuay,Sierra,Urbana,Hombre,44,9.0,50.0,533.77,1,Secundaria,6.279965034566819,30-44
P00881,Azuay,Sierra,Rural,Mujer,40,5.0,54.0,259.79,0,Primaria,5.55987361234866,30-44
P00883,Chimborazo,Sierra,Rural,Mujer,36,9.0,48.0,448.6,0,Secundaria,6.106131622086108,30-44
P00884,Los Ríos,Costa,Urbana,Mujer,39,16.0,46.0,1604.12,1,Superior,7.38033059859569,30-44
P00885,Guayas,Costa,Urbana,Hombre,61,10.0,59.0,851.92,1,Secundaria,6.747492625707128,45-65
P00886,Guayas,Costa,Urbana,Mujer,32,20.0,18.0,353.02,0,Posgrado,5.866524712552133,30-44
P00887,Guayas,Costa,Urbana,Mujer,33,7.0,42.0,263.0,0,Secundaria,5.572154032177765,30-44
P00888,Guayas,Costa,Rural,Hombre,48,12.0,39.0,719.38,0,Secundaria,6.578389729929838,45-65
P00889,Imbabura,Sierra,Urbana,Hombre,62,15.0,36.0,713.51,0,Superior,6.570196452235635,45-65
P00890,Manabí,Costa,Rural,Mujer,26,13.0,38.0,344.28,0,Superior,5.8414552797812735,18-29
P00891,Azuay,Sierra,Urbana,Mujer,54,11.0,45.0,347.86,0,Secundaria,5.851800099980007,45-65
P00892,El Oro,Costa,Urbana,Mujer,32,11.0,46.0,738.02,1,Secundaria,6.603970924504269,30-44
P00893,Guayas,Costa,Rural,Hombre,19,9.0,31.0,395.29,0,Secundaria,5.979619672740059,18-29
P00894,Esmeraldas,Costa,Urbana,Hombre,51,17.0,54.0,730.0,1,Posgrado,6.593044534142437,45-65
P00895,Loja,Sierra,Urbana,Mujer,64,8.0,70.0,452.15,0,Secundaria,6.1140139831864895,45-65
P00896,Los Ríos,Costa,Urbana,Hombre,44,12.0,42.0,664.66,1,Secundaria,6.499275631713101,30-44
P00897,Galápagos,Insular,Rural,Hombre,59,16.0,54.0,1095.77,1,Superior,6.999212591470927,45-65
P00898,Imbabura,Sierra,Urbana,Mujer,24,12.0,33.0,281.25,0,Secundaria,5.63924395351863,18-29
P00899,Tungurahua,Sierra,Urbana,Mujer,49,14.0,35.0,417.92,1,Superior,6.035290026648012,45-65
P00900,Los Ríos,Costa,Rural,Mujer,52,8.0,43.0,358.59,0,Secundaria,5.8821796745579995,45-65
P00901,El Oro,Costa,Rural,Mujer,64,10.0,60.0,410.92,1,Secundaria,6.018398548348063,45-65
P00902,Orellana,Amazonía,Urbana,Mujer,46,18.0,40.0,678.82,1,Posgrado,6.520355996685599,45-65
P00903,Guayas,Costa,Urbana,Mujer,63,12.0,41.0,289.66,0,Secundaria,5.668707821372711,45-65
P00904,Guayas,Costa,Rural,Hombre,65,9.0,34.0,708.18,1,Secundaria,6.562698298669033,45-65
P00905,Pichincha,Sierra,Urbana,Hombre,49,18.0,32.0,1258.96,0,Posgrado,7.138041262292609,45-65
P00906,Orellana,Amazonía,Rural,Mujer,32,7.0,42.0,332.66,0,Secundaria,5.807120947362389,30-44
P00907,Pichincha,Sierra,Urbana,Mujer,21,14.0,55.0,1142.6,1,Superior,7.041061646290362,18-29
P00908,Sucumbíos,Amazonía,Urbana,Hombre,24,11.0,49.0,393.29,1,Secundaria,5.974547253230972,18-29
P00909,Guayas,Costa,Rural,Hombre,46,3.0,42.0,500.88,1,Primaria,6.216366551437055,45-65
P00910,Galápagos,Insular,Urbana,Mujer,41,10.0,38.0,527.62,0,Secundaria,6.268376327630374,30-44
P00911,Pichincha,Sierra,Urbana,Mujer,52,10.0,51.0,362.83,0,Secundaria,5.893934405009768,45-65
P00912,Guayas,Costa,Urbana,Hombre,29,10.0,22.0,510.19,0,Secundaria,6.234783205358824,18-29
P00913,Los Ríos,Costa,Urbana,Mujer,25,5.0,39.0,406.94,0,Primaria,6.008665754427756,18-29
P00914,Guayas,Costa,Urbana,Hombre,51,10.0,42.0,512.6,1,Secundaria,6.239495813929971,45-65
P00915,Azuay,Sierra,Urbana,Hombre,18,13.0,61.0,695.89,1,Superior,6.545191601866827,18-29
P00916,Guayas,Costa,Rural,Hombre,62,12.0,35.0,447.64,0,Secundaria,6.103989337949827,45-65
P00917,Pichincha,Sierra,Urbana,Hombre,23,13.0,51.0,1351.14,1,Superior,7.208703959534303,18-29
P00918,Esmeraldas,Costa,Rural,Mujer,41,5.0,48.0,729.13,1,Primaria,6.591852042585005,30-44
P00919,El Oro,Costa,Urbana,Mujer,27,12.0,22.0,606.14,0,Secundaria,6.407110982489897,18-29
P00920,Los Ríos,Costa,Urbana,Mujer,22,10.0,38.0,517.15,0,Secundaria,6.248332967823813,18-29
P00921,Guayas,Costa,Urbana,Hombre,62,11.0,44.0,227.33,0,Secundaria,5.426402706311255,45-65
P00922,Azuay,Sierra,Rural,Hombre,55,12.0,22.0,821.02,0,Secundaria,6.710547469691647,45-65
P00923,Sucumbíos,Amazonía,Urbana,Hombre,45,14.0,41.0,231.85,0,Superior,5.446090610837469,45-65
P00924,Sucumbíos,Amazonía,Urbana,Hombre,48,11.0,41.0,335.3,0,Secundaria,5.8150256534721825,45-65
P00925,El Oro,Costa,Urbana,Hombre,28,9.0,24.0,270.13,0,Secundaria,5.598903324604841,18-29
P00926,Imbabura,Sierra,Urbana,Hombre,31,5.0,50.0,533.61,1,Primaria,6.279665235055496,30-44
P00927,Pichincha,Sierra,Urbana,Hombre,58,13.0,32.0,683.74,0,Superior,6.527577728400722,45-65
P00928,Guayas,Costa,Rural,Mujer,48,9.0,62.0,287.19,0,Secundaria,5.660144017626371,45-65
P00931,Guayas,Costa,Urbana,Hombre,51,15.0,42.0,747.7,1,Superior,6.61700182800587,45-65
P00932,Imbabura,Sierra,Urbana,Hombre,46,15.0,35.0,395.95,0,Superior,5.981287940656421,45-65
P00933,Guayas,Costa,Urbana,Mujer,22,14.0,43.0,346.97,0,Superior,5.849238320877969,18-29
P00934,Sucumbíos,Amazonía,Rural,Mujer,24,4.0,19.0,291.07,0,Primaria,5.6735637880722,18-29
P00935,Guayas,Costa,Urbana,Mujer,44,12.0,53.0,259.83,0,Secundaria,5.560027571011063,30-44
P00936,Imbabura,Sierra,Urbana,Mujer,44,19.0,37.0,1256.43,0,Posgrado,7.1360296451253635,30-44
P00937,Azuay,Sierra,Urbana,Mujer,23,14.0,30.0,613.76,0,Superior,6.419603972255019,18-29
P00938,Loja,Sierra,Rural,Mujer,20,11.0,39.0,509.29,0,Secundaria,6.233017598904941,18-29
P00939,Guayas,Costa,Urbana,Hombre,57,8.0,30.0,268.62,0,Secundaria,5.593297741480929,45-65
P00940,Guayas,Costa,Urbana,Hombre,36,18.0,34.0,681.04,0,Posgrado,6.523621041575802,30-44
P00941,Tungurahua,Sierra,Urbana,Hombre,35,13.0,34.0,659.37,0,Superior,6.491284833697292,30-44
P00942,Morona Santiago,Amazonía,Urbana,Hombre,44,13.0,21.0,634.0,0,Superior,6.452048954437226,30-44
P00943,Imbabura,Sierra,Urbana,Mujer,19,9.0,44.0,491.05,1,Secundaria,6.196545955603783,18-29
P00944,Pichincha,Sierra,Urbana,Hombre,28,12.0,61.0,385.72,0,Secundaria,5.9551117176421835,18-29
P00945,Pichincha,Sierra,Rural,Hombre,47,8.0,42.0,943.0,1,Secundaria,6.849066282633458,45-65
P00946,Guayas,Costa,Rural,Hombre,50,7.0,20.0,329.18,1,Secundaria,5.796604713615922,45-65
P00947,Guayas,Costa,Urbana,Hombre,51,10.0,47.0,550.14,1,Secundaria,6.310172791289864,45-65
P00948,Pichincha,Sierra,Rural,Hombre,48,8.0,42.0,1333.42,1,Secundaria,7.19550234932151,45-65
P00949,Orellana,Amazonía,Rural,Mujer,56,14.0,45.0,448.58,0,Superior,6.10608703794468,45-65
P00950,Guayas,Costa,Urbana,Hombre,48,10.0,66.0,516.69,1,Secundaria,6.247443081515765,45-65
P00951,Azuay,Sierra,Rural,Mujer,50,16.0,41.0,1127.41,1,Superior,7.027678245574431,45-65
P00952,Pichincha,Sierra,Rural,Mujer,29,9.0,45.0,227.83,0,Secundaria,5.428599736810959,18-29
P00953,Guayas,Costa,Urbana,Hombre,33,14.0,46.0,816.98,1,Superior,6.705614614756206,30-44
P00954,Manabí,Costa,Urbana,Hombre,32,17.0,59.0,1202.05,1,Posgrado,7.0917837115677775,30-44
P00955,Guayas,Costa,Urbana,Mujer,42,14.0,37.0,344.83,0,Superior,5.843051541965209,30-44
P00956,Pichincha,Sierra,Urbana,Hombre,50,16.0,43.0,1729.78,0,Superior,7.455749511775278,45-65
P00957,Loja,Sierra,Rural,Mujer,43,7.0,55.0,268.85,1,Secundaria,5.594153603255688,30-44
P00958,Morona Santiago,Amazonía,Urbana,Mujer,60,15.0,30.0,494.44,0,Superior,6.203425809019622,45-65
P00959,Guayas,Costa,Urbana,Hombre,51,14.0,23.0,704.45,0,Superior,6.557417356499286,45-65
P00960,Guayas,Costa,Urbana,Mujer,19,10.0,56.0,333.31,0,Secundaria,5.809072987863913,18-29
P00962,Azuay,Sierra,Rural,Mujer,60,9.0,39.0,280.53,0,Secundaria,5.636680671115465,45-65
P00963,Pichincha,Sierra,Rural,Mujer,58,14.0,41.0,491.35,1,Superior,6.197156704808436,45-65
P00964,Pichincha,Sierra,Urbana,Mujer,34,15.0,33.0,856.87,0,Superior,6.753286215142734,30-44
P00965,Morona Santiago,Amazonía,Rural,Hombre,63,11.0,34.0,590.09,0,Secundaria,6.380275067639242,45-65
P00966,Loja,Sierra,Urbana,Hombre,48,10.0,29.0,331.62,0,Secundaria,5.803989735073227,45-65
P00967,Manabí,Costa,Urbana,Mujer,65,10.0,44.0,436.31,0,Secundaria,6.078352999876072,45-65
P00968,Pichincha,Sierra,Urbana,Mujer,25,12.0,64.0,682.06,1,Secundaria,6.525117630513343,18-29
P00969,Sucumbíos,Amazonía,Rural,Mujer,52,5.0,18.0,212.23,0,Primaria,5.357670592247549,45-65
P00970,Guayas,Costa,Urbana,Mujer,25,10.0,39.0,263.48,0,Secundaria,5.573977463772493,18-29
P00971,Guayas,Costa,Urbana,Mujer,33,9.0,45.0,451.96,0,Secundaria,6.1135936803410456,30-44
P00972,Los Ríos,Costa,Urbana,Mujer,18,8.0,44.0,381.65,0,Secundaria,5.944503958244479,18-29
P00973,Los Ríos,Costa,Urbana,Hombre,32,13.0,50.0,1062.69,1,Superior,6.968558708340963,30-44
P00975,Manabí,Costa,Rural,Hombre,48,13.0,34.0,799.55,0,Superior,6.684049069405451,45-65
P00976,Guayas,Costa,Rural,Hombre,63,13.0,31.0,1031.95,0,Superior,6.9392054952553845,45-65
P00977,Morona Santiago,Amazonía,Urbana,Mujer,41,5.0,28.0,293.38,0,Primaria,5.681468697059617,30-44
P00978,Guayas,Costa,Rural,Mujer,34,18.0,48.0,414.93,1,Posgrado,6.028109831304726,30-44
P00979,Guayas,Costa,Rural,Mujer,19,12.0,44.0,291.85,0,Secundaria,5.6762399716498,18-29
P00980,Tungurahua,Sierra,Urbana,Mujer,38,18.0,42.0,728.53,1,Posgrado,6.591028805295259,30-44
P00981,Sucumbíos,Amazonía,Rural,Mujer,23,13.0,34.0,388.75,0,Superior,5.962936463493444,18-29
P00982,Tungurahua,Sierra,Rural,Hombre,58,9.0,29.0,343.06,0,Secundaria,5.837905358981679,45-65
P00983,Manabí,Costa,Urbana,Mujer,45,10.0,41.0,697.58,1,Secundaria,6.547617202459015,45-65
P00985,Guayas,Costa,Rural,Hombre,19,7.0,40.0,326.22,0,Secundaria,5.787572000385884,18-29
P00986,Los Ríos,Costa,Rural,Hombre,37,15.0,48.0,552.33,1,Superior,6.314145693737225,30-44
P00987,Pichincha,Sierra,Urbana,Hombre,62,11.0,69.0,723.26,1,Secundaria,6.583768770238365,45-65
P00988,Orellana,Amazonía,Rural,Mujer,41,12.0,41.0,93.58,0,Secundaria,4.5388166854380705,30-44
P00989,Orellana,Amazonía,Urbana,Hombre,52,8.0,32.0,542.15,0,Secundaria,6.295542715918191,45-65
P00990,El Oro,Costa,Urbana,Mujer,50,10.0,68.0,410.85,0,Secundaria,6.018228184377197,45-65
P00991,Guayas,Costa,Rural,Hombre,62,13.0,23.0,647.19,0,Superior,6.472639914450622,45-65
P00992,Sucumbíos,Amazonía,Urbana,Mujer,50,19.0,30.0,1288.45,0,Posgrado,7.161195224527697,45-65
P00993,Los Ríos,Costa,Rural,Hombre,18,16.0,57.0,770.33,0,Superior,6.646818994465797,18-29
P00994,Loja,Sierra,Urbana,Hombre,24,11.0,52.0,564.98,1,Secundaria,6.33679033228982,18-29
P00995,Pichincha,Sierra,Urbana,Hombre,39,15.0,23.0,1097.21,0,Superior,7.000525873130555,30-44
P00996,El Oro,Costa,Urbana,Mujer,62,7.0,35.0,495.92,0,Secundaria,6.206414623393664,45-65
P00997,Los Ríos,Costa,Urbana,Hombre,61,16.0,44.0,1005.57,1,Superior,6.9133098238954656,45-65
P00998,Guayas,Costa,Rural,Hombre,56,9.0,23.0,678.09,0,Secundaria,6.519280022493607,45-65
P00999,Guayas,Costa,Urbana,Hombre,22,13.0,37.0,543.96,0,Superior,6.298875714740758,18-29
P01000,Azuay,Sierra,Rural,Mujer,31,2.0,45.0,1040.14,1,Primaria,6.947110598460196,30-44
P01001,Los Ríos,Costa,Rural,Mujer,55,10.0,32.0,196.3,0,Secundaria,5.279644101282416,45-65
P01002,Pichincha,Sierra,Rural,Mujer,60,9.0,32.0,686.17,0,Secundaria,6.531125410436292,45-65
P01003,Imbabura,Sierra,Urbana,Mujer,48,11.0,26.0,334.72,0,Secundaria,5.813294361436504,45-65
P01004,Manabí,Costa,Rural,Mujer,19,13.0,42.0,489.34,1,Superior,6.193057544391747,18-29
P01006,Pichincha,Sierra,Rural,Hombre,50,7.0,30.0,327.24,0,Secundaria,5.790693846645498,45-65
P01007,Morona Santiago,Amazonía,Rural,Hombre,61,9.0,51.0,294.73,0,Secundaria,5.686059683001631,45-65
P01008,Pichincha,Sierra,Urbana,Mujer,35,13.0,52.0,505.98,1,Superior,6.226497142814606,30-44
P01009,Esmeraldas,Costa,Urbana,Hombre,56,13.0,42.0,929.61,1,Superior,6.834765143354762,45-65
P01010,Pichincha,Sierra,Urbana,Hombre,35,13.0,21.0,332.26,0,Superior,5.805917794958333,30-44
P01011,Imbabura,Sierra,Rural,Mujer,29,5.0,53.0,219.76,0,Primaria,5.392536041787018,18-29
P01012,Guayas,Costa,Urbana,Mujer,57,12.0,33.0,354.44,0,Secundaria,5.8705390791791014,45-65
P01013,Guayas,Costa,Rural,Hombre,25,13.0,38.0,462.93,0,Superior,6.137575854751223,18-29
P01015,Guayas,Costa,Urbana,Mujer,50,17.0,32.0,1309.08,1,Posgrado,7.177079879397666,45-65
P01016,Manabí,Costa,Urbana,Mujer,21,12.0,41.0,607.51,1,Secundaria,6.409368635984574,18-29
P01017,El Oro,Costa,Urbana,Hombre,33,11.0,55.0,1074.73,1,Secundaria,6.979824746224409,30-44
P01018,Pichincha,Sierra,Urbana,Mujer,64,11.0,47.0,654.61,1,Secundaria,6.4840396384551315,45-65
P01019,Imbabura,Sierra,Urbana,Mujer,50,13.0,46.0,386.21,0,Superior,5.956381262978711,45-65
P01020,Orellana,Amazonía,Urbana,Hombre,51,12.0,44.0,785.98,1,Secundaria,6.666931346812849,45-65
P01021,Guayas,Costa,Urbana,Mujer,29,9.0,47.0,567.72,1,Secundaria,6.341628339431057,18-29
P01022,Esmeraldas,Costa,Urbana,Hombre,45,11.0,45.0,688.6,1,Secundaria,6.534660550904423,45-65
P01023,Guayas,Costa,Urbana,Hombre,63,15.0,40.0,1330.75,1,Superior,7.1934979720528665,45-65
P01025,Guayas,Costa,Urbana,Hombre,32,7.0,48.0,376.99,0,Secundaria,5.932218661897273,30-44
P01026,Guayas,Costa,Rural,Mujer,58,9.0,35.0,495.34,0,Secundaria,6.205244395469226,45-65
P01027,El Oro,Costa,Urbana,Hombre,45,14.0,36.0,1402.46,0,Superior,7.2459831164910256,45-65
P01028,Pichincha,Sierra,Rural,Hombre,52,9.0,38.0,860.62,0,Secundaria,6.757653059734743,45-65
P01029,Morona Santiago,Amazonía,Urbana,Mujer,46,9.0,24.0,451.71,0,Secundaria,6.113040381003062,45-65
P01030,Imbabura,Sierra,Urbana,Hombre,52,21.0,38.0,1881.63,0,Posgrado,7.539893701454757,45-65
P01031,Guayas,Costa,Urbana,Hombre,29,7.0,39.0,159.35,0,Secundaria,5.0711030408633455,18-29
P01033,Pichincha,Sierra,Urbana,Hombre,19,21.0,38.0,901.61,0,Posgrado,6.8041820540571365,18-29
P01034,Tungurahua,Sierra,Urbana,Hombre,45,11.0,39.0,1007.97,0,Secundaria,6.9156936862836575,45-65
P01035,Esmeraldas,Costa,Urbana,Hombre,20,11.0,43.0,740.99,1,Secundaria,6.607987129928372,18-29
P01036,Los Ríos,Costa,Urbana,Hombre,39,14.0,44.0,979.09,1,Superior,6.886623568846526,30-44
P01037,Pichincha,Sierra,Urbana,Mujer,39,11.0,37.0,1287.32,0,Secundaria,7.160317816938903,30-44
P01039,Tungurahua,Sierra,Urbana,Hombre,34,10.0,32.0,1018.49,0,Secundaria,6.926076417258327,30-44
P01040,Guayas,Costa,Rural,Mujer,62,12.0,46.0,494.47,1,Secundaria,6.203486481881681,45-65
P01041,Sucumbíos,Amazonía,Urbana,Mujer,43,12.0,46.0,584.34,1,Secundaria,6.370483005201163,30-44
P01042,Manabí,Costa,Rural,Hombre,61,12.0,45.0,997.6,1,Secundaria,6.905352394365827,45-65
P01043,Manabí,Costa,Rural,Mujer,35,13.0,32.0,539.97,0,Superior,6.291513582459498,30-44
P01044,Loja,Sierra,Urbana,Mujer,30,16.0,43.0,1688.77,1,Superior,7.431755732283481,30-44
P01045,Chimborazo,Sierra,Urbana,Hombre,64,10.0,39.0,857.53,0,Secundaria,6.75405616385086,45-65
P01046,Azuay,Sierra,Rural,Mujer,59,8.0,19.0,1128.59,0,Secundaria,7.028724344960609,45-65
P01047,Manabí,Costa,Urbana,Mujer,56,13.0,47.0,388.46,1,Superior,5.962190204403987,45-65
P01048,Pichincha,Sierra,Urbana,Mujer,60,11.0,57.0,1064.3,0,Secundaria,6.9700725850469984,45-65
P01049,Sucumbíos,Amazonía,Rural,Mujer,23,14.0,31.0,291.45,0,Superior,5.674868464491559,18-29
P01050,Chimborazo,Sierra,Urbana,Hombre,59,12.0,54.0,748.16,1,Secundaria,6.617616858843649,45-65
P01051,Pichincha,Sierra,Rural,Hombre,26,13.0,19.0,942.95,0,Superior,6.849013258958374,18-29
P01052,Guayas,Costa,Urbana,Hombre,29,12.0,40.0,693.06,1,Secundaria,6.541116575528644,18-29
P01053,Chimborazo,Sierra,Rural,Hombre,39,10.0,33.0,457.57,0,Secundaria,6.125929878475914,30-44
P01054,Manabí,Costa,Urbana,Mujer,62,13.0,36.0,239.11,0,Superior,5.47692369709451,45-65
P01055,Guayas,Costa,Urbana,Mujer,50,7.0,43.0,976.76,1,Secundaria,6.884240971917069,45-65
P01056,Guayas,Costa,Urbana,Hombre,21,17.0,53.0,1582.22,1,Posgrado,7.366584203134379,18-29
P01057,Tungurahua,Sierra,Urbana,Hombre,33,10.0,48.0,1157.19,1,Secundaria,7.0537499315160765,30-44
P01058,Imbabura,Sierra,Rural,Mujer,40,7.0,38.0,240.21,0,Secundaria,5.481513540752652,30-44
P01059,Pichincha,Sierra,Urbana,Hombre,57,9.0,30.0,528.78,0,Secundaria,6.270572466339624,45-65
P01060,Azuay,Sierra,Urbana,Hombre,49,10.0,36.0,503.59,0,Secundaria,6.22176244494365,45-65
P01061,Esmeraldas,Costa,Rural,Hombre,43,7.0,35.0,276.8,0,Secundaria,5.623295223743515,30-44
P01062,Esmeraldas,Costa,Urbana,Hombre,29,9.0,44.0,647.11,1,Secundaria,6.472516295505861,18-29
P01063,Imbabura,Sierra,Urbana,Mujer,55,15.0,40.0,1086.96,1,Superior,6.991140087916068,45-65
P01064,Los Ríos,Costa,Urbana,Mujer,53,11.0,42.0,406.13,0,Secundaria,6.006673305393934,45-65
P01065,Imbabura,Sierra,Urbana,Mujer,30,12.0,47.0,449.31,0,Secundaria,6.107713072672414,30-44
P01066,Esmeraldas,Costa,Urbana,Mujer,33,12.0,44.0,264.32,0,Secundaria,5.577160490332613,30-44
P01067,Guayas,Costa,Rural,Mujer,22,15.0,34.0,641.28,0,Superior,6.4634661790163905,18-29
P01068,Pichincha,Sierra,Rural,Hombre,18,10.0,40.0,537.16,1,Secundaria,6.286296001712975,18-29
P01069,Pichincha,Sierra,Urbana,Hombre,47,16.0,33.0,913.88,0,Superior,6.817699271806282,45-65
P01070,El Oro,Costa,Rural,Mujer,48,5.0,56.0,328.09,0,Primaria,5.793287960989928,45-65
P01071,Pichincha,Sierra,Urbana,Hombre,52,10.0,49.0,430.93,0,Secundaria,6.0659456639202896,45-65
P01072,Esmeraldas,Costa,Urbana,Hombre,18,12.0,28.0,510.11,0,Secundaria,6.234626388735941,18-29
P01073,Pichincha,Sierra,Urbana,Hombre,39,13.0,23.0,839.87,0,Superior,6.733247117955738,30-44
P01074,Los Ríos,Costa,Urbana,Mujer,49,10.0,34.0,321.5,0,Secundaria,5.772997543677674,45-65
P01075,Guayas,Costa,Urbana,Mujer,30,7.0,36.0,118.64,0,Secundaria,4.776093697829677,30-44
P01076,Pichincha,Sierra,Urbana,Mujer,27,14.0,47.0,966.82,1,Superior,6.87401233541718,18-29
P01077,Guayas,Costa,Urbana,Mujer,64,12.0,67.0,1516.17,1,Secundaria,7.323942697118577,45-65
P01078,Pichincha,Sierra,Rural,Hombre,64,16.0,37.0,492.26,0,Superior,6.19900703219354,45-65
P01080,Pichincha,Sierra,Rural,Hombre,52,12.0,36.0,589.56,0,Secundaria,6.3793764959685575,45-65
P01081,Morona Santiago,Amazonía,Rural,Mujer,64,11.0,36.0,202.95,0,Secundaria,5.312959643284906,45-65
P01082,Guayas,Costa,Urbana,Hombre,49,15.0,26.0,868.87,0,Superior,6.767193516836405,45-65
P01083,Manabí,Costa,Urbana,Mujer,24,10.0,38.0,520.14,0,Secundaria,6.254098006108604,18-29
P01084,Pichincha,Sierra,Urbana,Hombre,18,10.0,40.0,574.1,1,Secundaria,6.352803597173591,18-29
P01085,Pichincha,Sierra,Urbana,Hombre,54,11.0,43.0,179.74,0,Secundaria,5.191511362230227,45-65
P01086,El Oro,Costa,Urbana,Hombre,36,13.0,63.0,2090.13,0,Superior,7.6449815439813955,30-44
P01087,Guayas,Costa,Urbana,Mujer,57,13.0,46.0,463.38,0,Superior,6.138547451809227,45-65
P01088,Guayas,Costa,Urbana,Mujer,35,15.0,43.0,548.58,1,Superior,6.30733312140439,30-44
P01089,Pichincha,Sierra,Urbana,Mujer,37,15.0,47.0,1043.27,1,Superior,6.9501152901481955,30-44
P01090,Loja,Sierra,Urbana,Hombre,64,6.0,40.0,432.65,0,Primaria,6.069929087052747,45-65
P01091,Orellana,Amazonía,Rural,Mujer,42,9.0,41.0,125.85,0,Secundaria,4.835090721581325,30-44
P01092,Guayas,Costa,Rural,Hombre,61,14.0,28.0,983.85,0,Superior,6.891473446407854,45-65
P01093,Guayas,Costa,Urbana,Hombre,30,8.0,48.0,180.49,0,Secundaria,5.195675374576157,30-44
P01094,Guayas,Costa,Rural,Mujer,24,6.0,46.0,191.15,0,Primaria,5.253058460142422,18-29
P01095,Pichincha,Sierra,Rural,Mujer,23,9.0,40.0,567.42,1,Secundaria,6.341099770255476,18-29
P01096,Guayas,Costa,Rural,Hombre,46,6.0,36.0,471.02,0,Primaria,6.154900555959907,45-65
P01097,Esmeraldas,Costa,Rural,Hombre,36,6.0,27.0,436.33,0,Primaria,6.0783988377932054,30-44
P01098,Pichincha,Sierra,Urbana,Hombre,64,9.0,53.0,507.65,1,Secundaria,6.229792233747232,45-65
P01099,Los Ríos,Costa,Urbana,Mujer,51,13.0,47.0,577.06,1,Superior,6.3579462472370984,45-65
P01100,Pichincha,Sierra,Urbana,Hombre,33,12.0,46.0,1343.12,1,Secundaria,7.202750544728143,30-44
P01101,Manabí,Costa,Urbana,Mujer,51,15.0,45.0,989.13,1,Superior,6.896825768889411,45-65
P01102,Los Ríos,Costa,Rural,Mujer,61,5.0,48.0,283.37,0,Primaria,5.646753464207978,45-65
P01104,Chimborazo,Sierra,Urbana,Hombre,18,6.0,23.0,331.19,0,Primaria,5.8026922288185645,18-29
P01105,Los Ríos,Costa,Rural,Hombre,25,10.0,34.0,586.99,0,Secundaria,6.375007783907858,18-29
P01106,Tungurahua,Sierra,Rural,Mujer,29,7.0,33.0,232.38,0,Secundaria,5.448373962754716,18-29
P01107,Guayas,Costa,Rural,Mujer,31,10.0,46.0,448.75,0,Secundaria,6.106465939802488,30-44
P01108,Pichincha,Sierra,Rural,Mujer,42,14.0,34.0,1273.76,0,Superior,7.149728435340268,30-44
P01109,El Oro,Costa,Urbana,Mujer,44,18.0,48.0,784.4,1,Posgrado,6.664919094322191,30-44
P01110,Guayas,Costa,Urbana,Mujer,19,6.0,36.0,506.87,0,Primaria,6.228254560456043,18-29
P01111,Chimborazo,Sierra,Urbana,Hombre,36,9.0,50.0,1071.82,1,Secundaria,6.977113417084449,30-44
P01112,Chimborazo,Sierra,Urbana,Mujer,18,14.0,45.0,205.13,0,Superior,5.323643924494045,18-29
P01113,Azuay,Sierra,Urbana,Hombre,56,9.0,35.0,238.44,0,Secundaria,5.474117706351726,45-65
P01114,Imbabura,Sierra,Urbana,Hombre,61,15.0,39.0,420.61,0,Superior,6.041706038544691,45-65
P01115,Loja,Sierra,Rural,Hombre,45,10.0,57.0,390.98,0,Secundaria,5.968656407781974,45-65
P01117,Pichincha,Sierra,Urbana,Hombre,31,12.0,48.0,1538.38,1,Secundaria,7.338485193670042,30-44
P01118,Guayas,Costa,Rural,Hombre,21,16.0,42.0,867.47,0,Superior,6.765580929090474,18-29
P01119,Manabí,Costa,Rural,Hombre,58,14.0,46.0,604.32,1,Superior,6.404103858964147,45-65
P01120,Imbabura,Sierra,Urbana,Hombre,25,12.0,39.0,399.19,0,Secundaria,5.98943749402335,18-29
P01121,Imbabura,Sierra,Rural,Hombre,42,11.0,39.0,307.93,0,Secundaria,5.729872484415941,30-44
P01122,Pichincha,Sierra,Rural,Hombre,34,6.0,44.0,504.13,1,Primaria,6.222834171319403,30-44
P01123,Sucumbíos,Amazonía,Urbana,Mujer,62,10.0,51.0,461.6,0,Secundaria,6.13469871519389,45-65
P01124,Guayas,Costa,Urbana,Mujer,29,13.0,39.0,478.67,0,Superior,6.171011424704114,18-29
P01125,Guayas,Costa,Urbana,Hombre,28,13.0,47.0,668.54,1,Superior,6.505096230204434,18-29
P01126,Pichincha,Sierra,Rural,Hombre,26,5.0,37.0,209.72,0,Primaria,5.345773307704332,18-29
P01127,Azuay,Sierra,Rural,Hombre,61,8.0,23.0,401.74,0,Secundaria,5.995805113206402,45-65
P01128,Sucumbíos,Amazonía,Urbana,Mujer,26,10.0,29.0,606.46,0,Secundaria,6.407638774024498,18-29
P01129,Tungurahua,Sierra,Urbana,Hombre,42,11.0,37.0,352.81,0,Secundaria,5.865929668402136,30-44
P01130,Azuay,Sierra,Rural,Hombre,44,6.0,49.0,312.36,0,Primaria,5.744156368794474,30-44
P01131,Esmeraldas,Costa,Urbana,Mujer,54,18.0,47.0,1055.95,1,Posgrado,6.962196114660383,45-65
P01133,Manabí,Costa,Rural,Mujer,19,12.0,41.0,427.54,0,Secundaria,6.058047851251135,18-29
P01134,Los Ríos,Costa,Urbana,Hombre,46,17.0,49.0,1563.57,0,Posgrado,7.354726947242027,45-65
P01135,Morona Santiago,Amazonía,Rural,Hombre,20,18.0,33.0,462.47,0,Posgrado,6.136581689983799,18-29
P01137,Manabí,Costa,Urbana,Mujer,19,10.0,39.0,643.01,0,Secundaria,6.46616027621622,18-29
P01138,Imbabura,Sierra,Urbana,Mujer,25,14.0,24.0,446.43,0,Superior,6.101282613110069,18-29
P01139,Manabí,Costa,Rural,Mujer,29,14.0,51.0,701.78,1,Superior,6.5536199645954145,18-29
P01140,Guayas,Costa,Urbana,Hombre,59,12.0,54.0,734.87,1,Secundaria,6.599693612821062,45-65
P01141,Guayas,Costa,Urbana,Mujer,56,13.0,46.0,419.06,0,Superior,6.038014107760962,45-65
P01142,Chimborazo,Sierra,Urbana,Hombre,42,13.0,51.0,410.01,1,Superior,6.016181549644819,30-44
P01143,Chimborazo,Sierra,Rural,Hombre,48,8.0,51.0,416.4,0,Secundaria,6.031646336740814,45-65
P01144,Pichincha,Sierra,Urbana,Mujer,64,19.0,51.0,1129.39,1,Posgrado,7.029432942940638,45-65
P01145,Loja,Sierra,Urbana,Mujer,28,12.0,43.0,389.4,0,Secundaria,5.964607092938099,18-29
P01146,Imbabura,Sierra,Rural,Mujer,24,15.0,42.0,952.13,1,Superior,6.8587015800904805,18-29
P01147,Azuay,Sierra,Urbana,Mujer,21,15.0,22.0,427.63,0,Superior,6.058258335716989,18-29
P01148,Guayas,Costa,Urbana,Hombre,48,13.0,49.0,859.04,1,Superior,6.755815486674259,45-65
P01149,Guayas,Costa,Urbana,Hombre,43,7.0,36.0,176.69,0,Secundaria,5.174396784628558,30-44
P01150,Imbabura,Sierra,Urbana,Hombre,50,12.0,25.0,505.34,0,Secundaria,6.225231470059323,45-65
P01151,Azuay,Sierra,Rural,Hombre,24,5.0,36.0,239.27,0,Primaria,5.477592621405586,18-29
P01152,Tungurahua,Sierra,Urbana,Hombre,58,13.0,45.0,588.65,1,Superior,6.377831779524206,45-65
P01153,Imbabura,Sierra,Urbana,Hombre,65,17.0,44.0,904.51,1,Posgrado,6.807393360606186,45-65
P01154,Morona Santiago,Amazonía,Urbana,Hombre,38,16.0,39.0,1376.27,0,Superior,7.227132220174712,30-44
P01156,Pichincha,Sierra,Rural,Mujer,33,17.0,18.0,1314.74,0,Posgrado,7.181394206431781,30-44
P01157,Guayas,Costa,Rural,Hombre,23,2.0,56.0,270.98,1,Primaria,5.602045017418285,18-29
P01158,Manabí,Costa,Urbana,Mujer,53,11.0,12.0,268.15,0,Secundaria,5.591546525428934,45-65
P01159,Pichincha,Sierra,Urbana,Hombre,26,11.0,34.0,1921.07,0,Secundaria,7.560637601459162,18-29
P01160,Azuay,Sierra,Rural,Mujer,31,14.0,55.0,629.62,1,Superior,6.445116462799421,30-44
P01162,Pichincha,Sierra,Urbana,Hombre,37,15.0,34.0,1014.97,0,Superior,6.922614334388835,30-44
P01163,Pichincha,Sierra,Urbana,Mujer,61,12.0,43.0,243.09,0,Secundaria,5.493431745140744,45-65
P01165,Pichincha,Sierra,Urbana,Mujer,55,15.0,51.0,870.12,1,Superior,6.7686311331715014,45-65
P01166,Orellana,Amazonía,Urbana,Hombre,47,12.0,37.0,382.67,0,Secundaria,5.947172998974857,45-65
P01167,Guayas,Costa,Urbana,Hombre,58,9.0,44.0,770.75,1,Secundaria,6.64736406676626,45-65
P01168,Orellana,Amazonía,Rural,Mujer,55,10.0,43.0,546.57,1,Secundaria,6.303662387245703,45-65
P01169,Pichincha,Sierra,Rural,Mujer,27,14.0,27.0,309.36,0,Superior,5.734505647299041,18-29
P01170,El Oro,Costa,Urbana,Hombre,46,8.0,30.0,381.84,0,Secundaria,5.945001672697641,45-65
P01171,Manabí,Costa,Urbana,Hombre,44,10.0,41.0,643.19,1,Secundaria,6.466440170480215,30-44
P01172,El Oro,Costa,Rural,Mujer,29,10.0,27.0,653.62,0,Secundaria,6.482526142832832,18-29
P01173,Esmeraldas,Costa,Urbana,Mujer,51,21.0,43.0,1261.39,1,Posgrado,7.139969566498745,45-65
P01174,Guayas,Costa,Urbana,Hombre,54,5.0,25.0,279.14,0,Primaria,5.6317134480804985,45-65
P01175,Tungurahua,Sierra,Urbana,Mujer,23,15.0,36.0,603.75,0,Superior,6.403160204966783,18-29
P01176,Guayas,Costa,Rural,Mujer,56,11.0,28.0,662.04,0,Secundaria,6.49532597707234,45-65
P01177,Los Ríos,Costa,Rural,Hombre,31,16.0,18.0,962.8,0,Superior,6.869845705908917,30-44
P01178,Manabí,Costa,Urbana,Mujer,43,16.0,53.0,979.26,0,Superior,6.88679718439066,30-44
P01179,Pichincha,Sierra,Urbana,Mujer,21,13.0,24.0,1228.11,0,Superior,7.1132316812425795,18-29
P01180,Guayas,Costa,Urbana,Hombre,52,13.0,29.0,629.17,0,Superior,6.444401490454281,45-65
P01181,Pichincha,Sierra,Rural,Mujer,25,11.0,42.0,367.13,0,Secundaria,5.905716008765504,18-29
P01182,Loja,Sierra,Urbana,Mujer,47,10.0,53.0,717.93,1,Secundaria,6.576372071259257,45-65
P01183,Guayas,Costa,Rural,Mujer,48,13.0,33.0,394.3,0,Superior,5.977112040883582,45-65
P01184,Manabí,Costa,Urbana,Mujer,49,14.0,52.0,1595.26,0,Superior,7.374792011338744,45-65
P01185,El Oro,Costa,Urbana,Hombre,27,7.0,28.0,244.92,0,Secundaria,5.500931626609754,18-29
P01186,Guayas,Costa,Urbana,Mujer,41,11.0,49.0,746.77,1,Secundaria,6.61575723946271,30-44
P01187,Morona Santiago,Amazonía,Rural,Hombre,30,16.0,48.0,426.8,0,Superior,6.056315519427598,30-44
P01188,Loja,Sierra,Urbana,Hombre,60,14.0,33.0,1223.21,0,Superior,7.109233829859394,45-65
P01189,Tungurahua,Sierra,Urbana,Hombre,30,15.0,43.0,931.05,1,Superior,6.8363129815277714,30-44
P01190,Pichincha,Sierra,Urbana,Hombre,19,16.0,32.0,1125.38,0,Superior,7.025876035382228,18-29
P01191,Guayas,Costa,Urbana,Mujer,61,13.0,30.0,470.92,0,Superior,6.154688228209996,45-65
P01193,Imbabura,Sierra,Rural,Hombre,62,9.0,40.0,427.09,0,Secundaria,6.056994763852875,45-65
P01194,Pichincha,Sierra,Urbana,Mujer,58,14.0,42.0,365.95,0,Superior,5.9024967120472365,45-65
P01195,Pichincha,Sierra,Rural,Hombre,18,11.0,21.0,375.19,0,Secundaria,5.927432564324861,18-29
P01196,Los Ríos,Costa,Rural,Mujer,22,12.0,35.0,629.8,0,Secundaria,6.4454023086669245,18-29
P01197,Guayas,Costa,Rural,Mujer,41,14.0,41.0,627.95,1,Superior,6.442460545464136,30-44
P01198,Guayas,Costa,Urbana,Hombre,28,14.0,64.0,379.44,0,Superior,5.938696481569326,18-29
P01199,Pichincha,Sierra,Rural,Mujer,46,15.0,49.0,941.62,1,Superior,6.8476017961622935,45-65
P01200,Pichincha,Sierra,Rural,Mujer,28,6.0,42.0,234.59,0,Primaria,5.457839309564922,18-29
P01201,Guayas,Costa,Urbana,Hombre,32,19.0,39.0,1260.14,0,Posgrado,7.138978104884252,30-44
P01202,Azuay,Sierra,Urbana,Hombre,24,13.0,29.0,730.05,0,Superior,6.593113024947573,18-29
P01203,Morona Santiago,Amazonía,Rural,Mujer,18,11.0,28.0,644.51,0,Secundaria,6.468490338162673,18-29
P01205,Guayas,Costa,Rural,Hombre,54,14.0,50.0,417.86,0,Superior,6.035146448194105,45-65
P01206,Imbabura,Sierra,Urbana,Hombre,30,14.0,60.0,1699.13,0,Superior,7.437871634342173,30-44
P01207,Pichincha,Sierra,Urbana,Mujer,54,13.0,37.0,1012.66,0,Superior,6.920335811187466,45-65
P01208,Loja,Sierra,Urbana,Hombre,59,12.0,54.0,729.31,1,Secundaria,6.592098881674599,45-65
P01209,Guayas,Costa,Rural,Hombre,32,16.0,41.0,918.54,1,Superior,6.822785452972044,30-44
P01210,Tungurahua,Sierra,Rural,Hombre,26,9.0,37.0,561.76,0,Secundaria,6.331074712420122,18-29
P01211,Orellana,Amazonía,Rural,Mujer,36,10.0,51.0,428.77,0,Secundaria,6.060920644622522,30-44
P01212,Morona Santiago,Amazonía,Rural,Mujer,41,5.0,40.0,169.99,0,Primaria,5.135739611790679,30-44
P01213,Manabí,Costa,Urbana,Mujer,35,12.0,36.0,725.52,0,Secundaria,6.586888639139312,30-44
P01214,Pichincha,Sierra,Urbana,Hombre,22,17.0,57.0,796.61,1,Posgrado,6.6803652240204965,18-29
P01215,Pichincha,Sierra,Rural,Hombre,19,9.0,36.0,734.91,0,Secundaria,6.599748042735756,18-29
P01216,Guayas,Costa,Urbana,Hombre,39,14.0,52.0,851.28,1,Superior,6.746741099133476,30-44
P01217,Pichincha,Sierra,Urbana,Mujer,42,12.0,55.0,2139.73,1,Secundaria,7.668434931831718,30-44
P01218,Guayas,Costa,Rural,Hombre,36,10.0,45.0,517.72,1,Secundaria,6.249434555574237,30-44
P01219,Chimborazo,Sierra,Urbana,Mujer,30,13.0,34.0,1002.81,0,Superior,6.910561338312599,30-44
P01220,Guayas,Costa,Urbana,Mujer,36,8.0,32.0,293.8,0,Secundaria,5.682899263739777,30-44
P01221,Guayas,Costa,Urbana,Mujer,37,13.0,25.0,527.03,0,Superior,6.267257472917344,30-44
P01222,Esmeraldas,Costa,Urbana,Mujer,34,20.0,52.0,2251.35,1,Posgrado,7.719285315270433,30-44
P01223,Los Ríos,Costa,Urbana,Hombre,52,11.0,36.0,434.73,0,Secundaria,6.074725148725943,45-65
P01224,Guayas,Costa,Urbana,Mujer,22,11.0,34.0,340.22,1,Secundaria,5.8295924671814365,18-29
P01225,Manabí,Costa,Urbana,Hombre,41,5.0,43.0,385.21,0,Primaria,5.953788640126981,30-44
P01226,Manabí,Costa,Urbana,Hombre,54,5.0,43.0,408.23,0,Primaria,6.011830741060833,45-65
P01227,Loja,Sierra,Rural,Hombre,50,8.0,34.0,856.62,0,Secundaria,6.7529944130291835,45-65
P01228,Pichincha,Sierra,Rural,Hombre,53,12.0,40.0,794.23,1,Secundaria,6.677373091844226,45-65
P01229,Loja,Sierra,Urbana,Mujer,50,9.0,47.0,399.63,0,Secundaria,5.990539119031481,45-65
P01230,Pichincha,Sierra,Urbana,Mujer,29,9.0,65.0,437.73,0,Secundaria,6.081602281944041,18-29
P01231,Manabí,Costa,Urbana,Mujer,50,13.0,36.0,820.06,0,Superior,6.709377508313159,45-65
P01232,Orellana,Amazonía,Rural,Mujer,29,16.0,43.0,790.65,1,Superior,6.672855391969326,18-29
P01233,Pichincha,Sierra,Rural,Mujer,55,8.0,42.0,196.29,0,Secundaria,5.279593157549757,45-65
P01234,Los Ríos,Costa,Urbana,Hombre,44,8.0,51.0,299.07,0,Secundaria,5.700677659702722,30-44
P01235,Guayas,Costa,Rural,Mujer,42,11.0,57.0,377.48,0,Secundaria,5.9335175871531325,30-44
P01236,Guayas,Costa,Urbana,Mujer,64,10.0,35.0,589.4,0,Secundaria,6.379105070303594,45-65
P01237,Manabí,Costa,Urbana,Mujer,27,16.0,27.0,504.49,0,Superior,6.223548017991663,18-29
P01238,Pichincha,Sierra,Urbana,Hombre,18,15.0,52.0,354.39,0,Superior,5.870398001628538,18-29
P01239,Azuay,Sierra,Urbana,Mujer,32,11.0,57.0,567.8,1,Secundaria,6.341769244038871,30-44
P01240,Manabí,Costa,Rural,Hombre,33,15.0,43.0,450.95,0,Superior,6.111356468611717,30-44
P01241,Los Ríos,Costa,Rural,Hombre,58,17.0,36.0,889.15,0,Posgrado,6.79026595018967,45-65
P01242,Los Ríos,Costa,Rural,Mujer,35,12.0,28.0,363.36,0,Secundaria,5.895394078357248,30-44
P01243,Chimborazo,Sierra,Rural,Mujer,27,4.0,36.0,183.25,0,Primaria,5.2108513407667605,18-29
P01244,Azuay,Sierra,Rural,Mujer,54,5.0,37.0,289.08,0,Primaria,5.666703466414781,45-65
P01245,Sucumbíos,Amazonía,Urbana,Mujer,54,14.0,29.0,461.03,0,Superior,6.133463116801211,45-65
P01246,Chimborazo,Sierra,Urbana,Hombre,23,19.0,33.0,1115.86,0,Posgrado,7.01738068704332,18-29
P01247,Azuay,Sierra,Urbana,Hombre,33,12.0,26.0,651.93,0,Secundaria,6.479937194199755,30-44
P01248,Pichincha,Sierra,Rural,Mujer,37,9.0,27.0,635.53,0,Secundaria,6.454459296438979,30-44
P01249,Guayas,Costa,Urbana,Hombre,55,16.0,36.0,851.74,1,Superior,6.747281315937961,45-65
P01252,Pichincha,Sierra,Urbana,Hombre,21,15.0,45.0,354.0,0,Superior,5.869296913133774,18-29
P01253,Chimborazo,Sierra,Rural,Hombre,59,10.0,52.0,373.85,0,Secundaria,5.923854647445925,45-65
P01254,Tungurahua,Sierra,Urbana,Hombre,51,7.0,43.0,1748.47,1,Secundaria,7.466496398792612,45-65
P01255,Pichincha,Sierra,Urbana,Mujer,27,12.0,48.0,466.05,0,Secundaria,6.144292924507166,18-29
P01256,Esmeraldas,Costa,Urbana,Hombre,29,16.0,48.0,1644.83,1,Superior,7.405392314394123,18-29
P01257,Manabí,Costa,Urbana,Hombre,22,19.0,46.0,940.86,1,Posgrado,6.846794350620995,18-29
P01258,Guayas,Costa,Urbana,Mujer,57,8.0,28.0,604.57,0,Secundaria,6.40451746153107,45-65
P01259,Manabí,Costa,Rural,Mujer,57,6.0,52.0,315.78,0,Primaria,5.755045768593742,45-65
P01260,Manabí,Costa,Urbana,Mujer,18,16.0,44.0,1361.49,1,Superior,7.216334967246591,18-29
P01261,Morona Santiago,Amazonía,Rural,Hombre,60,10.0,30.0,516.75,0,Secundaria,6.247559198561878,45-65
P01262,Imbabura,Sierra,Urbana,Mujer,51,9.0,31.0,413.2,0,Secundaria,6.0239317372454835,45-65
P01263,Guayas,Costa,Rural,Hombre,45,17.0,48.0,549.87,1,Posgrado,6.309681886651866,45-65
P01264,Guayas,Costa,Rural,Mujer,18,6.0,47.0,178.87,0,Primaria,5.186659285005154,18-29
P01265,Pichincha,Sierra,Rural,Mujer,54,12.0,44.0,175.06,0,Secundaria,5.165128772304292,45-65
P01266,Guayas,Costa,Rural,Hombre,31,12.0,28.0,636.43,0,Secundaria,6.455874435515988,30-44
P01267,Los Ríos,Costa,Urbana,Mujer,60,17.0,44.0,815.06,1,Posgrado,6.703261730162972,45-65
P01268,Guayas,Costa,Rural,Mujer,49,8.0,64.0,197.87,0,Secundaria,5.287610249404349,45-65
P01269,Los Ríos,Costa,Urbana,Mujer,28,12.0,48.0,581.56,1,Secundaria,6.365714148063224,18-29
P01270,Guayas,Costa,Rural,Mujer,21,11.0,59.0,301.88,0,Secundaria,5.710029587416668,18-29
P01271,El Oro,Costa,Rural,Mujer,19,5.0,30.0,211.69,0,Primaria,5.355122940369489,18-29
P01272,Pichincha,Sierra,Rural,Mujer,45,10.0,16.0,163.4,0,Secundaria,5.096201182425903,45-65
P01273,Pichincha,Sierra,Urbana,Mujer,40,12.0,26.0,341.87,0,Secundaria,5.8344305478407765,30-44
P01274,Guayas,Costa,Urbana,Mujer,18,17.0,53.0,862.68,1,Posgrado,6.76004382278378,18-29
P01275,Sucumbíos,Amazonía,Rural,Mujer,39,13.0,59.0,303.9,0,Superior,5.716698699922747,30-44
P01276,Imbabura,Sierra,Urbana,Hombre,64,12.0,33.0,561.0,0,Secundaria,6.329720905522696,45-65
P01277,Guayas,Costa,Rural,Mujer,37,9.0,40.0,212.34,0,Secundaria,5.358188763585427,30-44
P01278,Guayas,Costa,Urbana,Mujer,59,12.0,44.0,1436.78,1,Secundaria,7.270159777629227,45-65
P01279,Pichincha,Sierra,Urbana,Hombre,58,8.0,39.0,567.58,0,Secundaria,6.341381708583334,45-65
P01280,Tungurahua,Sierra,Urbana,Hombre,20,11.0,44.0,407.58,1,Secundaria,6.010237232431265,18-29
P01281,Orellana,Amazonía,Urbana,Hombre,18,17.0,44.0,620.74,1,Posgrado,6.430912314713611,18-29
P01282,Tungurahua,Sierra,Urbana,Mujer,27,14.0,42.0,596.52,1,Superior,6.3911127698945815,18-29
P01284,Guayas,Costa,Urbana,Hombre,51,9.0,52.0,1524.28,1,Secundaria,7.3292774464049675,45-65
P01285,Los Ríos,Costa,Urbana,Hombre,35,15.0,52.0,271.97,0,Superior,5.605691766095507,30-44
P01286,Azuay,Sierra,Rural,Mujer,47,10.0,36.0,345.83,0,Secundaria,5.845947324836075,45-65
P01287,Imbabura,Sierra,Rural,Hombre,28,9.0,46.0,412.63,0,Secundaria,6.02255130764008,18-29
P01288,Guayas,Costa,Urbana,Mujer,32,14.0,50.0,1659.61,1,Superior,7.414337913988884,30-44
P01289,Imbabura,Sierra,Urbana,Hombre,54,12.0,44.0,1116.33,1,Secundaria,7.017801798155677,45-65
P01290,Guayas,Costa,Rural,Mujer,23,8.0,41.0,497.67,1,Secundaria,6.2099372067722935,18-29
P01291,Guayas,Costa,Rural,Hombre,44,17.0,51.0,770.66,1,Posgrado,6.647247290567711,30-44
P01292,Guayas,Costa,Rural,Hombre,44,9.0,40.0,302.46,0,Secundaria,5.7119490373225945,30-44
P01294,Guayas,Costa,Rural,Mujer,65,2.0,55.0,189.35,0,Primaria,5.243597154347804,45-65
P01295,El Oro,Costa,Urbana,Mujer,34,19.0,44.0,1733.07,1,Posgrado,7.457649681283006,30-44
P01296,Tungurahua,Sierra,Urbana,Hombre,21,11.0,44.0,555.36,1,Secundaria,6.319616552113476,18-29
P01297,Guayas,Costa,Rural,Hombre,38,4.0,30.0,227.51,0,Primaria,5.427194193468923,30-44
P01298,Los Ríos,Costa,Urbana,Hombre,31,9.0,42.0,562.94,1,Secundaria,6.333173050524441,30-44
P01299,Tungurahua,Sierra,Rural,Hombre,37,9.0,54.0,699.18,1,Secundaria,6.549908219813227,30-44
P01300,Orellana,Amazonía,Rural,Hombre,25,11.0,53.0,581.71,1,Secundaria,6.365972041760872,18-29
P01301,Chimborazo,Sierra,Urbana,Hombre,61,12.0,47.0,479.57,1,Secundaria,6.172889869070121,45-65
P01302,Orellana,Amazonía,Urbana,Hombre,41,11.0,31.0,223.73,0,Secundaria,5.410439967684985,30-44
P01303,Sucumbíos,Amazonía,Rural,Mujer,54,10.0,66.0,595.33,1,Secundaria,6.3891158736485165,45-65
P01304,Sucumbíos,Amazonía,Urbana,Hombre,31,19.0,45.0,633.72,1,Posgrado,6.451607216506842,30-44
P01305,Morona Santiago,Amazonía,Rural,Mujer,50,11.0,48.0,1779.56,1,Secundaria,7.484121421718161,45-65
P01306,Orellana,Amazonía,Rural,Hombre,49,6.0,30.0,385.28,0,Primaria,5.953970342680401,45-65
P01307,Guayas,Costa,Rural,Mujer,36,5.0,40.0,297.82,0,Primaria,5.696489277162059,30-44
P01308,Pichincha,Sierra,Urbana,Hombre,63,15.0,45.0,584.8,1,Superior,6.371269908435568,45-65
P01309,Orellana,Amazonía,Rural,Mujer,55,9.0,31.0,804.75,0,Secundaria,6.690531670178918,45-65
P01310,Guayas,Costa,Urbana,Mujer,54,13.0,44.0,526.54,1,Superior,6.266327302097504,45-65
P01311,Chimborazo,Sierra,Urbana,Hombre,61,12.0,34.0,360.5,0,Secundaria,5.887491956725004,45-65
P01312,Galápagos,Insular,Urbana,Hombre,19,13.0,62.0,1476.09,1,Superior,7.297151978911237,18-29
P01313,El Oro,Costa,Urbana,Mujer,38,15.0,33.0,971.29,0,Superior,6.878625084875002,30-44
P01314,Guayas,Costa,Urbana,Mujer,31,17.0,46.0,733.82,1,Posgrado,6.598263766932699,30-44
P01315,Tungurahua,Sierra,Urbana,Hombre,45,17.0,55.0,893.71,1,Posgrado,6.795381337761916,45-65
P01316,Esmeraldas,Costa,Rural,Hombre,31,12.0,35.0,603.44,0,Secundaria,6.402646615545375,30-44
P01317,Pichincha,Sierra,Urbana,Mujer,42,13.0,33.0,340.09,0,Superior,5.8292102884641395,30-44
P01318,Chimborazo,Sierra,Rural,Hombre,52,14.0,36.0,1592.99,0,Superior,7.37336803242644,45-65
P01319,Imbabura,Sierra,Urbana,Mujer,47,13.0,54.0,961.1,1,Superior,6.8680784618292385,45-65
P01320,Sucumbíos,Amazonía,Rural,Hombre,27,12.0,40.0,1022.21,0,Secundaria,6.929722229107694,18-29
P01321,Guayas,Costa,Urbana,Hombre,60,10.0,46.0,434.7,0,Secundaria,6.074656137994746,45-65
P01322,Sucumbíos,Amazonía,Rural,Hombre,39,10.0,56.0,681.18,1,Secundaria,6.523826588404497,30-44
P01323,Pichincha,Sierra,Rural,Hombre,45,10.0,45.0,608.94,1,Secundaria,6.411719740688782,45-65
P01324,Loja,Sierra,Urbana,Mujer,23,22.0,34.0,1048.01,0,Posgrado,6.954648406820196,18-29
P01325,Orellana,Amazonía,Rural,Hombre,31,8.0,24.0,246.11,0,Secundaria,5.50577859046014,30-44
P01326,Manabí,Costa,Urbana,Mujer,20,10.0,39.0,532.99,0,Secundaria,6.2785026622637625,18-29
P01327,Pichincha,Sierra,Rural,Mujer,52,2.0,45.0,211.06,0,Primaria,5.352142453242944,45-65
P01328,Morona Santiago,Amazonía,Rural,Hombre,39,11.0,48.0,389.93,0,Secundaria,5.965967235834453,30-44
P01329,Manabí,Costa,Rural,Hombre,25,9.0,24.0,349.77,0,Secundaria,5.85727579561331,18-29
P01330,Guayas,Costa,Urbana,Hombre,41,15.0,29.0,702.85,0,Superior,6.555143497777775,30-44
P01331,Sucumbíos,Amazonía,Rural,Hombre,33,10.0,40.0,801.71,1,Secundaria,6.686746946464938,30-44
P01332,Esmeraldas,Costa,Urbana,Mujer,30,16.0,60.0,860.85,1,Superior,6.7579202732224815,30-44
P01333,Orellana,Amazonía,Urbana,Hombre,65,5.0,36.0,776.77,1,Primaria,6.655144296251942,45-65
P01334,Tungurahua,Sierra,Rural,Mujer,22,11.0,53.0,384.7,0,Secundaria,5.95246380975825,18-29
P01335,Guayas,Costa,Urbana,Hombre,39,16.0,57.0,558.89,1,Superior,6.325952673827159,30-44
P01337,Manabí,Costa,Urbana,Mujer,43,14.0,55.0,593.23,1,Superior,6.385582182147506,30-44
P01338,Manabí,Costa,Rural,Mujer,26,11.0,25.0,190.92,0,Secundaria,5.251854492137696,18-29
P01340,Guayas,Costa,Urbana,Mujer,39,11.0,35.0,636.04,0,Secundaria,6.455261454444196,30-44
P01341,Guayas,Costa,Rural,Mujer,44,10.0,42.0,302.02,0,Secundaria,5.710493240347643,30-44
P01342,Pichincha,Sierra,Urbana,Mujer,20,5.0,46.0,364.58,0,Primaria,5.898746006104775,18-29
P01343,Guayas,Costa,Urbana,Hombre,56,9.0,65.0,1320.49,1,Secundaria,7.185758158819455,45-65
P01344,Azuay,Sierra,Rural,Hombre,46,13.0,65.0,999.5,1,Superior,6.907255153940455,45-65
P01345,Imbabura,Sierra,Rural,Hombre,54,7.0,45.0,611.07,1,Secundaria,6.415211518894159,45-65
P01346,Manabí,Costa,Urbana,Mujer,58,20.0,47.0,1109.25,1,Posgrado,7.011439390259019,45-65
P01347,Azuay,Sierra,Rural,Mujer,27,11.0,47.0,1243.82,1,Secundaria,7.125942568296098,18-29
P01348,Pichincha,Sierra,Urbana,Hombre,34,11.0,51.0,537.61,1,Secundaria,6.287133390226416,30-44
P01349,Guayas,Costa,Urbana,Hombre,28,16.0,42.0,888.18,1,Superior,6.789174425153456,18-29
P01350,Guayas,Costa,Urbana,Hombre,31,10.0,37.0,875.56,0,Secundaria,6.774863681644954,30-44
P01351,Pichincha,Sierra,Urbana,Hombre,63,11.0,34.0,1214.85,0,Secundaria,7.102375891363108,45-65
P01352,Guayas,Costa,Rural,Hombre,41,11.0,40.0,350.43,0,Secundaria,5.859160971835714,30-44
P01353,Guayas,Costa,Rural,Hombre,54,7.0,31.0,667.04,0,Secundaria,6.502850014132487,45-65
P01354,Guayas,Costa,Urbana,Mujer,46,9.0,25.0,953.45,0,Secundaria,6.860086985280636,45-65
P01355,Guayas,Costa,Urbana,Hombre,46,13.0,34.0,373.98,0,Superior,5.924202320048814,45-65
P01356,Los Ríos,Costa,Rural,Mujer,20,14.0,49.0,294.8,0,Superior,5.686297160315181,18-29
P01357,Guayas,Costa,Rural,Mujer,31,8.0,50.0,126.35,0,Secundaria,4.839055833834204,30-44
P01358,Guayas,Costa,Urbana,Hombre,33,11.0,53.0,1651.97,1,Secundaria,7.409723794109737,30-44
P01359,Los Ríos,Costa,Urbana,Mujer,24,11.0,33.0,396.14,0,Secundaria,5.981767684129118,18-29
P01360,Los Ríos,Costa,Urbana,Hombre,44,17.0,49.0,2130.25,1,Posgrado,7.663994622708065,30-44
P01361,Imbabura,Sierra,Rural,Mujer,29,12.0,46.0,371.67,1,Secundaria,5.918006363795757,18-29
P01362,Manabí,Costa,Rural,Mujer,54,9.0,23.0,514.67,0,Secundaria,6.243525918579576,45-65
P01363,Pichincha,Sierra,Rural,Hombre,50,14.0,55.0,637.56,1,Superior,6.457648390250852,45-65
P01364,Chimborazo,Sierra,Urbana,Mujer,33,15.0,43.0,654.65,1,Superior,6.484100741673762,30-44
P01365,El Oro,Costa,Rural,Hombre,57,5.0,59.0,594.41,1,Primaria,6.387569316949785,45-65
P01367,Pichincha,Sierra,Urbana,Mujer,37,13.0,42.0,563.12,1,Superior,6.333492749299876,30-44
P01368,Pichincha,Sierra,Rural,Hombre,60,4.0,47.0,376.75,1,Primaria,5.931581837506605,45-65
P01369,Sucumbíos,Amazonía,Urbana,Mujer,25,7.0,37.0,232.74,0,Secundaria,5.449921950679931,18-29
P01370,Guayas,Costa,Urbana,Mujer,58,21.0,28.0,2164.23,1,Posgrado,7.679819918976599,45-65
P01371,Orellana,Amazonía,Urbana,Hombre,21,14.0,41.0,509.37,1,Superior,6.23317466799603,18-29
P01372,Loja,Sierra,Urbana,Hombre,64,15.0,41.0,741.23,1,Superior,6.608310968497676,45-65
P01374,El Oro,Costa,Rural,Mujer,39,12.0,52.0,552.7,1,Secundaria,6.314815358839217,30-44
P01375,Guayas,Costa,Rural,Mujer,42,10.0,39.0,578.04,0,Secundaria,6.359643070430129,30-44
P01376,Esmeraldas,Costa,Rural,Hombre,40,12.0,26.0,970.86,0,Secundaria,6.878182276639771,30-44
P01377,Tungurahua,Sierra,Urbana,Mujer,25,12.0,38.0,159.22,0,Secundaria,5.070286893660432,18-29
P01378,Loja,Sierra,Rural,Mujer,30,10.0,34.0,517.27,0,Secundaria,6.248564981900374,30-44
P01379,Guayas,Costa,Rural,Hombre,33,11.0,27.0,1052.59,0,Secundaria,6.959009072589542,30-44
P01380,Pichincha,Sierra,Rural,Hombre,39,13.0,43.0,864.22,1,Superior,6.7618273660210635,30-44
P01381,Guayas,Costa,Urbana,Mujer,65,10.0,31.0,727.13,0,Secundaria,6.589105278604051,45-65
P01382,Imbabura,Sierra,Urbana,Mujer,65,4.0,31.0,417.12,0,Primaria,6.033373950185192,45-65
P01383,Sucumbíos,Amazonía,Urbana,Hombre,27,14.0,39.0,467.1,0,Superior,6.1465433675080625,18-29
P01384,Guayas,Costa,Urbana,Hombre,41,15.0,25.0,1005.82,0,Superior,6.913558408209087,30-44
P01385,Azuay,Sierra,Urbana,Mujer,18,11.0,47.0,509.7,0,Secundaria,6.233822317345996,18-29
P01386,Chimborazo,Sierra,Urbana,Hombre,35,9.0,50.0,600.96,1,Secundaria,6.3985283765798435,30-44
P01387,Guayas,Costa,Rural,Hombre,62,11.0,40.0,309.15,0,Secundaria,5.733826596004578,45-65
P01388,Imbabura,Sierra,Rural,Hombre,63,4.0,54.0,489.78,0,Primaria,6.19395631069132,45-65
P01389,Chimborazo,Sierra,Urbana,Hombre,20,14.0,44.0,1502.28,1,Superior,7.314739233059571,18-29
P01390,El Oro,Costa,Urbana,Hombre,45,19.0,37.0,1025.97,0,Posgrado,6.933393785537143,45-65
P01391,Pichincha,Sierra,Urbana,Hombre,59,9.0,37.0,788.49,0,Secundaria,6.670119724014492,45-65
P01392,Tungurahua,Sierra,Rural,Mujer,33,8.0,64.0,406.96,0,Secundaria,6.0087149005145095,30-44
P01393,Pichincha,Sierra,Rural,Mujer,36,10.0,30.0,335.25,0,Secundaria,5.8148765221617875,30-44
P01394,Guayas,Costa,Urbana,Hombre,61,11.0,23.0,154.06,0,Secundaria,5.03734213692482,45-65
P01395,Chimborazo,Sierra,Urbana,Mujer,24,8.0,34.0,272.48,0,Secundaria,5.607565216914378,18-29
P01396,Imbabura,Sierra,Urbana,Hombre,39,6.0,49.0,578.48,1,Primaria,6.360403973866696,30-44
P01397,Guayas,Costa,Rural,Hombre,51,9.0,36.0,510.85,0,Secundaria,6.236076005037432,45-65
P01398,Imbabura,Sierra,Rural,Hombre,28,15.0,39.0,734.11,0,Superior,6.5986588811462825,18-29
P01399,Manabí,Costa,Urbana,Hombre,47,18.0,29.0,752.62,0,Posgrado,6.623560452347829,45-65
P01400,Los Ríos,Costa,Urbana,Mujer,18,14.0,31.0,456.34,0,Superior,6.1232381457174245,18-29
P01401,Tungurahua,Sierra,Urbana,Hombre,22,5.0,41.0,426.06,0,Primaria,6.0545801814220574,18-29
P01402,Esmeraldas,Costa,Rural,Mujer,20,2.0,17.0,433.71,0,Primaria,6.072376107988461,18-29
P01403,Loja,Sierra,Urbana,Mujer,19,14.0,19.0,403.44,0,Superior,6.00002777776847,18-29
P01404,Pichincha,Sierra,Urbana,Mujer,18,9.0,47.0,269.56,0,Secundaria,5.596791000078016,18-29
P01405,Azuay,Sierra,Rural,Mujer,54,9.0,47.0,314.9,0,Secundaria,5.752255128106979,45-65
P01406,Pichincha,Sierra,Urbana,Hombre,28,14.0,42.0,679.29,1,Superior,6.521048135052539,18-29
P01407,Guayas,Costa,Urbana,Mujer,46,16.0,64.0,1016.39,1,Superior,6.924012412751407,45-65
P01408,Guayas,Costa,Urbana,Mujer,26,10.0,42.0,344.72,0,Secundaria,5.842732493307583,18-29
P01410,Guayas,Costa,Urbana,Mujer,29,6.0,50.0,159.29,0,Primaria,5.070726440306547,18-29
P01411,Guayas,Costa,Rural,Hombre,35,11.0,24.0,284.64,0,Secundaria,5.651225223917525,30-44
P01412,Esmeraldas,Costa,Rural,Mujer,41,11.0,38.0,543.78,0,Secundaria,6.298544753294745,30-44
P01413,Pichincha,Sierra,Urbana,Hombre,48,12.0,39.0,1087.68,0,Secundaria,6.991802266507751,45-65
P01414,Azuay,Sierra,Urbana,Hombre,50,14.0,44.0,347.0,0,Superior,5.849324779946859,45-65
P01415,Tungurahua,Sierra,Urbana,Hombre,31,9.0,26.0,1840.99,0,Secundaria,7.518058749387799,30-44
P01416,Pichincha,Sierra,Urbana,Hombre,29,13.0,43.0,617.84,1,Superior,6.426229524261008,18-29
P01417,Azuay,Sierra,Urbana,Mujer,20,10.0,39.0,522.78,0,Secundaria,6.259160725471251,18-29
P01418,Guayas,Costa,Rural,Hombre,20,6.0,49.0,130.23,0,Primaria,4.869302117979612,18-29
P01419,Chimborazo,Sierra,Urbana,Mujer,50,7.0,44.0,183.76,0,Secundaria,5.213630558380843,45-65
P01420,Pichincha,Sierra,Rural,Hombre,37,12.0,44.0,421.04,0,Secundaria,6.042727841045523,30-44
P01421,Pichincha,Sierra,Urbana,Mujer,32,12.0,72.0,462.53,0,Secundaria,6.13671141971371,30-44
P01422,Azuay,Sierra,Rural,Hombre,26,9.0,60.0,1542.27,1,Secundaria,7.3410106360718,18-29
P01423,Imbabura,Sierra,Urbana,Hombre,39,8.0,45.0,396.23,0,Secundaria,5.981994850731557,30-44
P01424,Chimborazo,Sierra,Urbana,Mujer,21,14.0,51.0,432.96,0,Superior,6.070645344982423,18-29
P01425,Manabí,Costa,Rural,Mujer,34,13.0,41.0,433.85,0,Superior,6.0726988522394985,30-44
P01426,Morona Santiago,Amazonía,Urbana,Hombre,29,14.0,46.0,893.35,1,Superior,6.794978441379176,18-29
P01428,Orellana,Amazonía,Rural,Hombre,56,10.0,55.0,607.18,1,Secundaria,6.408825287462533,45-65
P01429,Esmeraldas,Costa,Rural,Hombre,59,8.0,52.0,535.32,1,Secundaria,6.282864698928174,45-65
P01430,Chimborazo,Sierra,Urbana,Hombre,32,12.0,28.0,520.54,0,Secundaria,6.254866734285754,30-44
P01431,Pichincha,Sierra,Urbana,Mujer,34,16.0,24.0,420.45,0,Superior,6.041325566278907,30-44
P01432,Chimborazo,Sierra,Urbana,Mujer,20,12.0,37.0,608.93,0,Secundaria,6.411703318574762,18-29
P01433,Tungurahua,Sierra,Rural,Hombre,20,0.0,49.0,167.11,0,Primaria,5.118652278215292,18-29
P01434,Pichincha,Sierra,Urbana,Mujer,34,14.0,38.0,1414.21,0,Superior,7.254326350280764,30-44
P01435,Pichincha,Sierra,Urbana,Mujer,22,12.0,39.0,1028.65,0,Secundaria,6.93600254192024,18-29
P01436,Pichincha,Sierra,Urbana,Mujer,63,13.0,37.0,653.04,0,Superior,6.481638383143101,45-65
P01437,Azuay,Sierra,Urbana,Hombre,37,17.0,47.0,1486.63,1,Posgrado,7.304267092364716,30-44
P01438,Pichincha,Sierra,Urbana,Hombre,62,12.0,48.0,485.89,1,Secundaria,6.1859822608337485,45-65
P01440,Pichincha,Sierra,Urbana,Hombre,57,8.0,51.0,1475.64,1,Secundaria,7.296847072972357,45-65
P01441,Pichincha,Sierra,Rural,Hombre,45,13.0,23.0,460.68,0,Superior,6.132703658800707,45-65
P01442,Pichincha,Sierra,Rural,Hombre,64,17.0,56.0,763.66,1,Posgrado,6.638122663934972,45-65
P01443,Pichincha,Sierra,Urbana,Hombre,62,13.0,41.0,725.5,1,Superior,6.5868610723242424,45-65
P01444,Sucumbíos,Amazonía,Urbana,Mujer,57,6.0,27.0,88.5,0,Primaria,4.483002552013883,45-65
P01445,Tungurahua,Sierra,Rural,Mujer,49,13.0,56.0,420.76,0,Superior,6.042062599871073,45-65
P01446,El Oro,Costa,Urbana,Hombre,52,10.0,52.0,458.2,0,Secundaria,6.127305770019395,45-65
P01447,Morona Santiago,Amazonía,Urbana,Mujer,45,13.0,42.0,535.74,1,Superior,6.28364896875718,45-65
P01448,Manabí,Costa,Urbana,Mujer,64,6.0,49.0,586.56,1,Primaria,6.37427496465134,45-65
P01449,Orellana,Amazonía,Rural,Mujer,59,10.0,54.0,260.8,0,Secundaria,5.563753830052498,45-65
P01450,Tungurahua,Sierra,Rural,Mujer,56,5.0,58.0,166.16,0,Primaria,5.112951179567857,45-65
P01452,Imbabura,Sierra,Urbana,Mujer,23,7.0,38.0,507.99,0,Secundaria,6.230461762345359,18-29
P01453,Guayas,Costa,Rural,Hombre,19,11.0,32.0,698.93,0,Secundaria,6.549550594157642,18-29
P01454,Pichincha,Sierra,Urbana,Mujer,18,14.0,38.0,421.25,0,Superior,6.043226481666571,18-29
P01455,Pichincha,Sierra,Rural,Hombre,63,9.0,42.0,662.1,1,Secundaria,6.495416601930801,45-65
P01456,Sucumbíos,Amazonía,Rural,Mujer,34,10.0,72.0,144.03,0,Secundaria,4.970021611210958,30-44
P01457,Guayas,Costa,Rural,Mujer,38,11.0,30.0,192.34,0,Secundaria,5.259264639284336,30-44
P01458,Esmeraldas,Costa,Rural,Mujer,24,12.0,52.0,442.79,1,Secundaria,6.093095617020301,18-29
P01459,Guayas,Costa,Rural,Hombre,35,15.0,31.0,1212.0,0,Superior,7.10002716662926,30-44
P01460,Pichincha,Sierra,Rural,Hombre,48,13.0,28.0,478.73,0,Superior,6.171136764165318,45-65
P01461,Manabí,Costa,Urbana,Mujer,60,10.0,42.0,593.06,1,Secundaria,6.385295574317778,45-65
P01462,Pichincha,Sierra,Rural,Mujer,47,10.0,44.0,475.55,1,Secundaria,6.164472028928395,45-65
P01463,Loja,Sierra,Urbana,Hombre,29,16.0,44.0,1467.45,1,Superior,7.2912814795715475,18-29
P01464,Guayas,Costa,Rural,Mujer,64,6.0,48.0,690.7,1,Primaria,6.537705576094927,45-65
P01465,Los Ríos,Costa,Urbana,Mujer,20,11.0,52.0,417.75,0,Secundaria,6.0348831674755035,18-29
P01466,Pichincha,Sierra,Urbana,Hombre,37,14.0,20.0,593.78,0,Superior,6.386508880388229,30-44
P01467,Pichincha,Sierra,Urbana,Mujer,47,18.0,59.0,665.56,1,Posgrado,6.500628791547307,45-65
P01468,Pichincha,Sierra,Urbana,Hombre,19,14.0,60.0,1221.62,1,Superior,7.107933125741589,18-29
P01469,Orellana,Amazonía,Urbana,Hombre,34,6.0,45.0,387.9,0,Primaria,5.9607475744459215,30-44
P01470,Guayas,Costa,Rural,Mujer,48,6.0,53.0,171.15,0,Primaria,5.1425403649761945,45-65
P01471,Manabí,Costa,Urbana,Mujer,41,15.0,46.0,430.11,0,Superior,6.064040989926286,30-44
P01472,Guayas,Costa,Urbana,Mujer,41,8.0,34.0,524.82,0,Secundaria,6.263055346659819,30-44
P01473,Guayas,Costa,Urbana,Mujer,25,12.0,43.0,1461.12,1,Secundaria,7.286958543901376,18-29
P01475,El Oro,Costa,Rural,Hombre,38,10.0,54.0,405.12,0,Secundaria,6.004183319515756,30-44
P01476,Azuay,Sierra,Rural,Hombre,25,4.0,45.0,258.26,0,Primaria,5.553966829418505,18-29
P01477,Orellana,Amazonía,Urbana,Hombre,50,15.0,31.0,719.82,0,Superior,6.579001180754892,45-65
P01478,Esmeraldas,Costa,Urbana,Mujer,27,10.0,39.0,445.08,0,Secundaria,6.0982540412895,18-29
P01479,Los Ríos,Costa,Urbana,Hombre,45,12.0,40.0,660.05,1,Secundaria,6.492315589726768,45-65
P01480,Pichincha,Sierra,Urbana,Hombre,22,20.0,40.0,648.01,1,Posgrado,6.473906128331967,18-29
P01481,Azuay,Sierra,Urbana,Mujer,30,18.0,36.0,919.34,0,Posgrado,6.823656021290462,30-44
P01482,Pichincha,Sierra,Urbana,Hombre,46,10.0,40.0,266.75,0,Secundaria,5.586311890181863,45-65
P01483,Esmeraldas,Costa,Urbana,Mujer,30,15.0,33.0,1684.16,0,Superior,7.429022202165414,30-44
P01484,Guayas,Costa,Rural,Mujer,41,14.0,27.0,297.35,0,Superior,5.694909896152603,30-44
P01485,Guayas,Costa,Rural,Hombre,46,10.0,36.0,341.29,0,Secundaria,5.832732555747113,45-65
P01486,Guayas,Costa,Urbana,Mujer,18,9.0,39.0,387.67,0,Secundaria,5.960154462265867,18-29
P01488,Orellana,Amazonía,Rural,Mujer,57,13.0,50.0,354.8,0,Superior,5.871554250435424,45-65
P01489,Manabí,Costa,Urbana,Mujer,50,15.0,36.0,729.39,0,Superior,6.592208568382052,45-65
P01490,Azuay,Sierra,Rural,Hombre,62,10.0,49.0,1359.1,1,Secundaria,7.214577994961301,45-65
P01491,Los Ríos,Costa,Urbana,Hombre,62,14.0,56.0,581.36,1,Superior,6.365370186308381,45-65
P01492,Azuay,Sierra,Urbana,Hombre,39,17.0,55.0,1020.57,1,Posgrado,6.928116573724006,30-44
P01493,Esmeraldas,Costa,Urbana,Mujer,45,2.0,32.0,317.4,0,Primaria,5.760162808092309,45-65
P01494,Los Ríos,Costa,Rural,Hombre,63,12.0,53.0,555.42,1,Secundaria,6.319724584307175,45-65
P01495,Pichincha,Sierra,Urbana,Mujer,42,13.0,43.0,696.38,1,Superior,6.545895488354693,30-44
P01496,Azuay,Sierra,Rural,Mujer,36,3.0,58.0,164.22,0,Primaria,5.101206992280643,30-44
P01497,Pichincha,Sierra,Urbana,Hombre,55,20.0,36.0,1938.56,0,Posgrado,7.569700708398818,45-65
P01498,Guayas,Costa,Urbana,Hombre,23,15.0,40.0,604.66,1,Superior,6.404666316587869,18-29
P01499,Guayas,Costa,Urbana,Mujer,23,14.0,32.0,511.14,0,Superior,6.236643525282804,18-29
P01500,Los Ríos,Costa,Rural,Hombre,34,10.0,52.0,501.85,1,Secundaria,6.2183012702598095,30-44
P01502,Manabí,Costa,Rural,Hombre,49,13.0,54.0,1633.6,1,Superior,7.398541447410401,45-65
P01503,Azuay,Sierra,Urbana,Mujer,46,12.0,38.0,447.48,0,Secundaria,6.10363184397873,45-65
P01504,Esmeraldas,Costa,Urbana,Hombre,26,7.0,49.0,201.27,0,Secundaria,5.304647290242906,18-29
P01505,Los Ríos,Costa,Urbana,Mujer,24,16.0,61.0,882.09,1,Superior,6.782294091617308,18-29
P01506,Pichincha,Sierra,Urbana,Mujer,22,14.0,27.0,468.17,0,Superior,6.148831477822362,18-29
P01507,Los Ríos,Costa,Urbana,Mujer,54,7.0,73.0,660.35,1,Secundaria,6.492769997489813,45-65
P01508,Pichincha,Sierra,Rural,Hombre,40,13.0,43.0,765.72,1,Superior,6.640816567668256,30-44
P01509,Tungurahua,Sierra,Rural,Mujer,64,9.0,45.0,305.42,0,Secundaria,5.721687878525035,45-65
P01510,Pichincha,Sierra,Rural,Hombre,30,4.0,54.0,327.51,0,Primaria,5.791518588960288,30-44
P01511,Pichincha,Sierra,Urbana,Mujer,27,11.0,62.0,1197.14,1,Secundaria,7.0876906577831225,18-29
P01512,Orellana,Amazonía,Urbana,Hombre,22,14.0,28.0,571.86,0,Superior,6.348894206177589,18-29
P01513,Chimborazo,Sierra,Urbana,Mujer,22,14.0,34.0,469.23,0,Superior,6.15109305335426,18-29
P01514,Azuay,Sierra,Urbana,Mujer,22,20.0,36.0,625.1,0,Posgrado,6.437911636937767,18-29
P01515,Guayas,Costa,Urbana,Hombre,62,12.0,41.0,899.8,1,Secundaria,6.802172516407071,45-65
P01516,Guayas,Costa,Urbana,Mujer,35,8.0,55.0,236.32,0,Secundaria,5.46518681878307,30-44
P01517,Guayas,Costa,Urbana,Hombre,30,8.0,69.0,1006.28,1,Secundaria,6.914015641952951,30-44
P01518,Guayas,Costa,Rural,Mujer,37,8.0,37.0,169.47,0,Secundaria,5.132675920005281,30-44
P01519,Pichincha,Sierra,Urbana,Mujer,26,13.0,42.0,435.87,0,Superior,6.077344033751357,18-29
P01520,Guayas,Costa,Rural,Hombre,35,4.0,39.0,259.9,0,Primaria,5.560296941647445,30-44
P01521,Pichincha,Sierra,Urbana,Mujer,44,14.0,38.0,1230.82,0,Superior,7.115435892909623,30-44
P01522,Pichincha,Sierra,Urbana,Hombre,52,10.0,28.0,883.43,0,Secundaria,6.783812058286963,45-65
P01523,Chimborazo,Sierra,Urbana,Hombre,18,12.0,31.0,615.36,0,Secundaria,6.422207462400415,18-29
P01524,Tungurahua,Sierra,Urbana,Mujer,47,11.0,36.0,400.68,0,Secundaria,5.993163103743563,45-65
P01525,Los Ríos,Costa,Urbana,Mujer,30,9.0,16.0,412.06,0,Secundaria,6.021168969814313,30-44
P01526,Imbabura,Sierra,Urbana,Mujer,51,9.0,54.0,634.23,1,Secundaria,6.45241166467515,45-65
P01527,Guayas,Costa,Urbana,Hombre,32,13.0,41.0,521.85,1,Superior,6.257380190266061,30-44
P01528,Tungurahua,Sierra,Rural,Hombre,57,8.0,39.0,404.8,0,Secundaria,6.003393117973256,45-65
P01529,Chimborazo,Sierra,Rural,Mujer,65,12.0,44.0,788.92,1,Secundaria,6.670664921535303,45-65
P01530,Sucumbíos,Amazonía,Urbana,Hombre,61,13.0,34.0,640.81,1,Superior,6.462733001125518,45-65
P01531,Guayas,Costa,Rural,Mujer,41,12.0,61.0,311.72,0,Secundaria,5.74210534897536,30-44
P01532,Chimborazo,Sierra,Urbana,Mujer,40,7.0,40.0,337.21,0,Secundaria,5.82070588167848,30-44
P01533,Loja,Sierra,Urbana,Hombre,39,8.0,42.0,419.7,1,Secundaria,6.039540170339545,30-44
P01534,Guayas,Costa,Rural,Mujer,38,12.0,65.0,680.62,1,Secundaria,6.523004147471077,30-44
P01535,Manabí,Costa,Urbana,Hombre,21,10.0,12.0,864.14,0,Secundaria,6.76173479271451,18-29
P01537,Guayas,Costa,Urbana,Mujer,60,11.0,36.0,580.52,0,Secundaria,6.363924253602162,45-65
P01538,Azuay,Sierra,Rural,Mujer,47,8.0,28.0,466.22,0,Secundaria,6.144657625724376,45-65
P01539,El Oro,Costa,Urbana,Mujer,21,9.0,34.0,224.32,0,Secundaria,5.413073603846225,18-29
P01540,Pichincha,Sierra,Urbana,Mujer,37,14.0,46.0,1193.24,1,Superior,7.084427575377393,30-44
P01541,Guayas,Costa,Urbana,Mujer,33,9.0,43.0,457.72,0,Secundaria,6.126257643449514,30-44
P01542,Guayas,Costa,Rural,Mujer,63,4.0,30.0,484.96,0,Primaria,6.184066413309493,45-65
P01543,Guayas,Costa,Urbana,Mujer,18,7.0,41.0,363.62,0,Secundaria,5.896109366291126,18-29
P01545,Guayas,Costa,Urbana,Mujer,57,19.0,23.0,1829.47,0,Posgrado,7.511781586401884,45-65
P01546,El Oro,Costa,Urbana,Mujer,42,13.0,44.0,906.82,1,Superior,6.809943973970215,30-44
P01547,Esmeraldas,Costa,Rural,Mujer,37,5.0,40.0,370.39,0,Primaria,5.914556504567403,30-44
P01548,Sucumbíos,Amazonía,Rural,Mujer,34,7.0,37.0,193.57,0,Secundaria,5.265639204157455,30-44
P01550,Guayas,Costa,Rural,Hombre,53,12.0,40.0,794.66,1,Secundaria,6.677914350220195,45-65
P01551,Guayas,Costa,Urbana,Hombre,42,15.0,46.0,1697.86,1,Superior,7.4371239135310026,30-44
P01552,Guayas,Costa,Rural,Mujer,55,10.0,23.0,516.66,0,Secundaria,6.2473850179361285,45-65
P01553,Guayas,Costa,Rural,Hombre,26,10.0,44.0,220.98,0,Secundaria,5.3980721996850285,18-29
P01554,Imbabura,Sierra,Urbana,Mujer,30,14.0,56.0,737.3,1,Superior,6.602994864995605,30-44
P01555,Azuay,Sierra,Urbana,Hombre,41,14.0,50.0,573.36,1,Superior,6.351513791685663,30-44
P01556,Pichincha,Sierra,Urbana,Hombre,59,7.0,66.0,637.62,1,Secundaria,6.457742494612659,45-65
P01557,Guayas,Costa,Rural,Mujer,64,11.0,67.0,550.69,1,Secundaria,6.311172037396465,45-65
P01558,Guayas,Costa,Rural,Mujer,58,13.0,39.0,262.63,0,Superior,5.570746197537003,45-65
P01559,Los Ríos,Costa,Urbana,Hombre,53,16.0,40.0,980.68,1,Superior,6.888246208593912,45-65
P01560,Pichincha,Sierra,Rural,Mujer,65,14.0,44.0,963.52,1,Superior,6.870593245293369,45-65
P01561,Pichincha,Sierra,Urbana,Mujer,19,13.0,54.0,773.61,1,Superior,6.65106787063258,18-29
P01562,El Oro,Costa,Rural,Mujer,19,15.0,45.0,411.07,0,Superior,6.018763516295763,18-29
P01563,Pichincha,Sierra,Urbana,Hombre,27,9.0,61.0,514.39,1,Secundaria,6.242981732610031,18-29
P01564,Imbabura,Sierra,Urbana,Hombre,35,9.0,45.0,483.28,1,Secundaria,6.180596195830486,30-44
P01565,Pichincha,Sierra,Urbana,Hombre,52,16.0,39.0,1034.87,0,Superior,6.942031093945909,45-65
P01566,El Oro,Costa,Rural,Mujer,19,12.0,25.0,300.42,0,Secundaria,5.705181495569908,18-29
P01567,Guayas,Costa,Rural,Hombre,25,11.0,23.0,395.45,0,Secundaria,5.980024356965426,18-29
P01568,Pichincha,Sierra,Rural,Hombre,55,12.0,54.0,376.67,0,Secundaria,5.931369472556642,45-65
P01569,Imbabura,Sierra,Rural,Mujer,35,10.0,32.0,109.97,1,Secundaria,4.700207601322843,30-44
P01570,Pichincha,Sierra,Urbana,Hombre,43,16.0,28.0,665.42,0,Superior,6.500418420241177,30-44
P01571,Loja,Sierra,Urbana,Hombre,26,9.0,50.0,207.26,0,Secundaria,5.333974043756071,18-29
P01572,Sucumbíos,Amazonía,Rural,Hombre,39,9.0,41.0,577.17,1,Secundaria,6.358136850496991,30-44
P01573,Guayas,Costa,Rural,Hombre,48,6.0,59.0,261.74,0,Primaria,5.567351644627335,45-65
P01574,Azuay,Sierra,Urbana,Hombre,26,17.0,21.0,553.06,0,Posgrado,6.315466494732575,18-29
P01575,Imbabura,Sierra,Urbana,Mujer,57,13.0,32.0,501.87,0,Superior,6.218341122011299,45-65
P01576,Guayas,Costa,Urbana,Hombre,39,14.0,51.0,467.73,0,Superior,6.14789120635657,30-44
P01577,El Oro,Costa,Rural,Hombre,56,11.0,45.0,755.1,1,Secundaria,6.62685019080938,45-65
P01578,Pichincha,Sierra,Urbana,Hombre,28,14.0,49.0,550.62,1,Superior,6.311044916058977,18-29
P01579,Guayas,Costa,Urbana,Mujer,31,13.0,40.0,1547.54,1,Superior,7.3444218523668585,30-44
P01580,Guayas,Costa,Rural,Hombre,19,10.0,38.0,331.4,0,Secundaria,5.803326104992462,18-29
P01581,Tungurahua,Sierra,Urbana,Hombre,32,12.0,29.0,678.91,0,Secundaria,6.520488570908945,30-44
P01582,El Oro,Costa,Urbana,Mujer,26,14.0,56.0,483.03,1,Superior,6.180078763524957,18-29
P01583,Imbabura,Sierra,Urbana,Mujer,46,20.0,50.0,551.78,1,Posgrado,6.313149416110009,45-65
P01584,Chimborazo,Sierra,Rural,Mujer,53,13.0,51.0,212.59,0,Superior,5.35936542811297,45-65
P01585,Orellana,Amazonía,Rural,Hombre,25,8.0,37.0,567.22,0,Secundaria,6.340747235527155,18-29
P01586,Pichincha,Sierra,Urbana,Mujer,31,10.0,34.0,1041.55,0,Secundaria,6.948465267229924,30-44
P01587,El Oro,Costa,Urbana,Hombre,21,11.0,41.0,551.59,1,Secundaria,6.31280501667577,18-29
P01589,Guayas,Costa,Urbana,Mujer,57,13.0,55.0,920.91,1,Superior,6.825362311610703,45-65
P01590,Esmeraldas,Costa,Urbana,Hombre,61,7.0,38.0,355.59,0,Secundaria,5.873778381759519,45-65
P01591,Manabí,Costa,Urbana,Mujer,49,15.0,48.0,1886.02,0,Superior,7.542224067591047,45-65
P01592,Azuay,Sierra,Rural,Hombre,38,4.0,35.0,173.1,0,Primaria,5.153869462182164,30-44
P01593,Pichincha,Sierra,Rural,Hombre,44,17.0,49.0,744.78,1,Posgrado,6.613088872755911,30-44
P01594,Loja,Sierra,Urbana,Mujer,51,11.0,38.0,650.77,0,Secundaria,6.478156277171131,45-65
P01595,Chimborazo,Sierra,Urbana,Hombre,24,10.0,41.0,414.83,0,Secundaria,6.0278687977516885,18-29
P01596,Tungurahua,Sierra,Rural,Mujer,55,4.0,31.0,280.58,0,Primaria,5.636858889290626,45-65
P01597,Loja,Sierra,Urbana,Hombre,29,17.0,48.0,1260.31,1,Posgrado,7.139113001430709,18-29
P01598,Pichincha,Sierra,Urbana,Mujer,52,20.0,47.0,530.92,1,Posgrado,6.2746113507580015,45-65
P01599,Guayas,Costa,Rural,Mujer,32,9.0,44.0,274.67,0,Secundaria,5.6155703770900525,30-44
P01600,Azuay,Sierra,Urbana,Mujer,32,13.0,55.0,321.24,0,Superior,5.772188507320261,30-44
P01601,Los Ríos,Costa,Urbana,Mujer,61,14.0,29.0,984.28,0,Superior,6.8919104094203,45-65
P01602,Pichincha,Sierra,Urbana,Mujer,46,9.0,32.0,304.62,0,Secundaria,5.719065098187358,45-65
P01604,Orellana,Amazonía,Rural,Hombre,31,17.0,53.0,562.19,1,Posgrado,6.331839871049918,30-44
P01605,Pichincha,Sierra,Urbana,Hombre,52,13.0,27.0,823.61,0,Superior,6.713697116896339,45-65
P01606,Loja,Sierra,Urbana,Mujer,61,15.0,24.0,1379.96,0,Superior,7.229809792223916,45-65
P01607,Guayas,Costa,Urbana,Hombre,48,9.0,43.0,395.4,0,Secundaria,5.979897910736517,45-65
P01608,Chimborazo,Sierra,Urbana,Hombre,30,6.0,53.0,1112.57,1,Primaria,7.0144279334092445,30-44
P01609,Pichincha,Sierra,Urbana,Mujer,25,8.0,35.0,1046.54,0,Secundaria,6.953244763802506,18-29
P01610,Loja,Sierra,Urbana,Hombre,46,15.0,48.0,686.85,1,Superior,6.532115927771214,45-65
P01611,Orellana,Amazonía,Rural,Hombre,58,17.0,42.0,880.19,1,Posgrado,6.780137793258148,45-65
P01612,Imbabura,Sierra,Urbana,Mujer,51,14.0,25.0,463.39,0,Superior,6.138569032136602,45-65
P01613,Guayas,Costa,Urbana,Mujer,23,9.0,46.0,334.83,0,Secundaria,5.813622940335733,18-29
P01614,Morona Santiago,Amazonía,Rural,Hombre,29,8.0,44.0,187.41,0,Secundaria,5.233298730173588,18-29
P01615,Los Ríos,Costa,Rural,Mujer,58,11.0,30.0,485.55,0,Secundaria,6.185282269040363,45-65
P01616,Tungurahua,Sierra,Urbana,Hombre,45,13.0,36.0,2238.98,0,Superior,7.713775683999681,45-65
P01617,Guayas,Costa,Rural,Mujer,29,9.0,26.0,465.26,1,Secundaria,6.1425963891118975,18-29
P01618,Loja,Sierra,Rural,Mujer,23,11.0,47.0,269.74,0,Secundaria,5.597458532088711,18-29
P01619,Sucumbíos,Amazonía,Urbana,Mujer,62,14.0,42.0,823.61,1,Superior,6.713697116896339,45-65
P01620,El Oro,Costa,Urbana,Hombre,57,8.0,30.0,306.43,0,Secundaria,5.724989344300599,45-65
P01621,Guayas,Costa,Urbana,Mujer,34,15.0,36.0,395.12,0,Superior,5.97918951623237,30-44
P01622,Morona Santiago,Amazonía,Rural,Hombre,27,8.0,40.0,389.42,0,Secundaria,5.964658452687475,18-29
P01623,Pichincha,Sierra,Urbana,Mujer,28,13.0,55.0,666.75,1,Superior,6.502415163062124,18-29
P01624,Guayas,Costa,Rural,Hombre,28,9.0,29.0,351.46,0,Secundaria,5.8620959067667,18-29
P01625,Morona Santiago,Amazonía,Rural,Mujer,45,12.0,51.0,453.69,0,Secundaria,6.117414145430759,45-65
P01626,El Oro,Costa,Urbana,Mujer,45,8.0,30.0,580.25,0,Secundaria,6.3634590451545465,45-65
P01628,Manabí,Costa,Urbana,Hombre,54,10.0,29.0,539.5,0,Secundaria,6.290642784698189,45-65
P01629,Galápagos,Insular,Urbana,Mujer,39,12.0,36.0,371.0,0,Secundaria,5.916202062607435,30-44
P01630,Sucumbíos,Amazonía,Rural,Hombre,34,6.0,35.0,323.17,0,Primaria,5.778178500556554,30-44
P01631,Guayas,Costa,Urbana,Hombre,24,17.0,36.0,817.4,1,Posgrado,6.706128571130177,18-29
P01632,Guayas,Costa,Urbana,Hombre,32,15.0,46.0,338.2,0,Superior,5.82363743646448,30-44
P01634,Guayas,Costa,Urbana,Mujer,40,13.0,35.0,1055.19,0,Superior,6.961476124481777,30-44
P01636,Guayas,Costa,Rural,Mujer,33,12.0,49.0,257.27,0,Secundaria,5.550126117076011,30-44
P01637,Los Ríos,Costa,Urbana,Hombre,34,10.0,46.0,356.44,0,Secundaria,5.876165922744519,30-44
P01638,Manabí,Costa,Urbana,Mujer,37,11.0,41.0,738.51,1,Secundaria,6.604634642841165,30-44
P01639,Guayas,Costa,Rural,Hombre,38,3.0,52.0,236.96,0,Primaria,5.467891350519489,30-44
P01640,Esmeraldas,Costa,Urbana,Hombre,62,11.0,57.0,710.34,1,Secundaria,6.5657437286516,45-65
P01641,Guayas,Costa,Urbana,Mujer,47,15.0,30.0,273.71,0,Superior,5.612069151732869,45-65
P01642,Pichincha,Sierra,Urbana,Hombre,26,17.0,35.0,887.96,0,Posgrado,6.788926696932567,18-29
P01643,El Oro,Costa,Urbana,Hombre,41,7.0,42.0,645.78,0,Secundaria,6.470458888504262,30-44
P01644,Pichincha,Sierra,Urbana,Mujer,63,18.0,48.0,796.09,1,Posgrado,6.679712244779614,45-65
P01645,Pichincha,Sierra,Urbana,Hombre,49,9.0,41.0,672.81,1,Secundaria,6.511462971806307,45-65
P01646,Los Ríos,Costa,Urbana,Hombre,49,11.0,58.0,434.58,0,Secundaria,6.07438004743529,45-65
P01647,Guayas,Costa,Rural,Mujer,19,8.0,51.0,151.27,0,Secundaria,5.019066319574108,18-29
P01648,El Oro,Costa,Rural,Hombre,21,12.0,49.0,789.98,1,Secundaria,6.672007628684904,18-29
P01649,Azuay,Sierra,Urbana,Hombre,39,21.0,42.0,1099.22,1,Posgrado,7.0023561163535035,30-44
P01652,Morona Santiago,Amazonía,Urbana,Mujer,43,12.0,58.0,1241.32,1,Secundaria,7.123930608532601,30-44
P01653,Imbabura,Sierra,Urbana,Mujer,58,16.0,44.0,671.71,1,Superior,6.50982669976063,45-65
P01654,Galápagos,Insular,Urbana,Hombre,31,11.0,41.0,745.21,1,Secundaria,6.613666057853714,30-44
P01655,Pichincha,Sierra,Urbana,Hombre,64,6.0,46.0,660.54,1,Primaria,6.493057682310367,45-65
P01656,Guayas,Costa,Rural,Mujer,24,11.0,43.0,271.85,0,Secundaria,5.60525044359193,18-29
P01657,Pichincha,Sierra,Urbana,Mujer,62,13.0,35.0,348.92,0,Superior,5.854842669565018,45-65
P01658,Morona Santiago,Amazonía,Urbana,Hombre,65,1.0,51.0,261.76,0,Primaria,5.567428053414382,45-65
P01659,Guayas,Costa,Urbana,Mujer,28,13.0,46.0,1095.03,1,Superior,6.998537039135577,18-29
P01660,Guayas,Costa,Rural,Mujer,34,11.0,54.0,508.04,1,Secundaria,6.2305601846361185,30-44
P01661,Manabí,Costa,Urbana,Mujer,41,4.0,40.0,453.72,0,Primaria,6.1174802676908415,30-44
P01662,Chimborazo,Sierra,Urbana,Mujer,57,12.0,27.0,555.99,0,Secundaria,6.320750308477328,45-65
P01663,Manabí,Costa,Rural,Mujer,45,8.0,49.0,144.97,0,Secundaria,4.976526824462806,45-65
P01664,Pichincha,Sierra,Urbana,Mujer,21,16.0,26.0,548.93,0,Superior,6.3079709288264,18-29
P01665,Guayas,Costa,Rural,Mujer,27,2.0,25.0,132.25,0,Primaria,4.8846940707384086,18-29
P01667,Azuay,Sierra,Urbana,Hombre,39,12.0,36.0,747.07,0,Secundaria,6.616158888908479,30-44
P01668,Guayas,Costa,Urbana,Hombre,55,16.0,41.0,1041.59,1,Superior,6.948503670793779,45-65
P01669,Guayas,Costa,Urbana,Mujer,35,15.0,46.0,510.93,1,Superior,6.236232594518854,30-44
P01670,Guayas,Costa,Rural,Hombre,31,5.0,28.0,626.84,0,Primaria,6.440691324655015,30-44
P01671,Pichincha,Sierra,Urbana,Hombre,64,5.0,32.0,531.12,0,Primaria,6.274987984410904,45-65
P01673,Esmeraldas,Costa,Rural,Mujer,62,11.0,38.0,425.9,0,Secundaria,6.054204576929168,45-65
P01674,Pichincha,Sierra,Rural,Hombre,58,2.0,50.0,660.85,1,Primaria,6.493526885203816,45-65
P01675,Los Ríos,Costa,Rural,Mujer,45,12.0,54.0,474.33,1,Secundaria,6.161903281990163,45-65
P01677,Guayas,Costa,Urbana,Mujer,57,12.0,45.0,1219.13,0,Secundaria,7.1058927685859326,45-65
P01678,Manabí,Costa,Rural,Mujer,42,17.0,44.0,522.69,1,Posgrado,6.258988554102924,30-44
P01679,Pichincha,Sierra,Urbana,Mujer,34,12.0,48.0,354.91,0,Secundaria,5.871864236206742,30-44
P01680,Guayas,Costa,Rural,Hombre,51,20.0,33.0,781.63,0,Posgrado,6.661381482796475,45-65
P01681,Los Ríos,Costa,Rural,Hombre,37,10.0,47.0,588.04,1,Secundaria,6.376794972795765,30-44
P01682,Guayas,Costa,Urbana,Hombre,47,6.0,62.0,132.39,0,Primaria,4.885752111949565,45-65
P01683,Morona Santiago,Amazonía,Urbana,Mujer,18,10.0,49.0,538.49,1,Secundaria,6.288768926321882,18-29
P01684,Guayas,Costa,Urbana,Hombre,54,5.0,41.0,504.14,1,Primaria,6.222854007276043,45-65
P01685,Guayas,Costa,Rural,Mujer,35,7.0,42.0,578.03,1,Secundaria,6.359625770439644,30-44
P01686,Manabí,Costa,Rural,Hombre,53,18.0,46.0,784.49,1,Posgrado,6.66503382511925,45-65
P01687,Los Ríos,Costa,Urbana,Mujer,25,6.0,47.0,295.06,0,Primaria,5.687178725489421,18-29
P01688,Los Ríos,Costa,Rural,Hombre,55,10.0,48.0,489.07,1,Secundaria,6.192505628514245,45-65
P01689,Guayas,Costa,Urbana,Hombre,37,11.0,27.0,858.23,0,Secundaria,6.754872128832953,30-44
P01690,Pichincha,Sierra,Rural,Hombre,19,13.0,54.0,509.82,1,Superior,6.234057722243505,18-29
P01691,Guayas,Costa,Urbana,Hombre,63,10.0,33.0,350.43,0,Secundaria,5.859160971835714,45-65
P01692,Guayas,Costa,Urbana,Mujer,39,13.0,78.0,353.83,0,Superior,5.868816571799645,30-44
P01693,Pichincha,Sierra,Rural,Mujer,22,12.0,41.0,455.27,0,Secundaria,6.1208906495482855,18-29
P01694,Pichincha,Sierra,Rural,Hombre,54,7.0,47.0,341.0,0,Secundaria,5.831882477283517,45-65
P01695,Loja,Sierra,Urbana,Hombre,40,14.0,50.0,513.01,0,Superior,6.240295338158168,30-44
P01696,Guayas,Costa,Urbana,Hombre,23,9.0,34.0,1081.31,0,Secundaria,6.985928548035982,18-29
P01697,Sucumbíos,Amazonía,Rural,Hombre,28,10.0,35.0,531.97,0,Secundaria,6.27658709677417,18-29
P01699,Pichincha,Sierra,Urbana,Hombre,54,17.0,28.0,541.49,0,Posgrado,6.29432459904984,45-65
P01700,Imbabura,Sierra,Urbana,Hombre,33,15.0,50.0,1789.68,1,Superior,7.4897921119036495,30-44
P01701,Pichincha,Sierra,Urbana,Hombre,44,12.0,42.0,1712.72,1,Secundaria,7.445838029038467,30-44
P01702,Guayas,Costa,Urbana,Mujer,46,10.0,42.0,449.26,0,Secundaria,6.1076017847370245,45-65
P01703,Guayas,Costa,Urbana,Mujer,47,13.0,38.0,944.53,0,Superior,6.850687449274616,45-65
P01704,Pichincha,Sierra,Rural,Hombre,56,12.0,54.0,476.79,1,Secundaria,6.167076142376838,45-65
P01705,Sucumbíos,Amazonía,Rural,Hombre,31,5.0,56.0,414.0,0,Primaria,6.025865973825314,30-44
P01706,Guayas,Costa,Urbana,Hombre,60,9.0,50.0,435.82,0,Secundaria,6.077229314068775,45-65
P01707,El Oro,Costa,Urbana,Mujer,63,12.0,29.0,491.48,0,Secundaria,6.197421246999371,45-65
P01708,Guayas,Costa,Rural,Hombre,41,11.0,54.0,380.38,0,Secundaria,5.941170753053515,30-44
P01709,Manabí,Costa,Rural,Mujer,50,12.0,22.0,326.88,0,Secundaria,5.789593131069312,45-65
P01710,Esmeraldas,Costa,Urbana,Hombre,26,13.0,24.0,515.52,0,Superior,6.245176099988609,18-29
P01711,Pichincha,Sierra,Rural,Hombre,29,9.0,45.0,317.53,0,Secundaria,5.760572302057995,18-29
P01712,Guayas,Costa,Urbana,Mujer,25,11.0,25.0,437.86,0,Secundaria,6.08189922457919,18-29
P01713,Manabí,Costa,Urbana,Hombre,54,14.0,41.0,1185.78,1,Superior,7.078156064880398,45-65
P01714,Pichincha,Sierra,Urbana,Mujer,26,9.0,41.0,678.31,1,Secundaria,6.519604410582562,18-29
P01715,El Oro,Costa,Rural,Hombre,49,10.0,50.0,356.55,0,Secundaria,5.876474482474313,45-65
P01717,Los Ríos,Costa,Rural,Mujer,18,6.0,44.0,263.77,0,Primaria,5.57507751129926,18-29
P01718,Manabí,Costa,Rural,Hombre,27,8.0,54.0,398.89,0,Secundaria,5.9886856896575456,18-29
P01719,Guayas,Costa,Urbana,Hombre,63,22.0,39.0,852.67,0,Posgrado,6.748372602767181,45-65
P01720,Pichincha,Sierra,Rural,Hombre,57,15.0,50.0,921.9,1,Superior,6.826436757804549,45-65
P01721,Chimborazo,Sierra,Rural,Hombre,51,13.0,28.0,813.82,0,Superior,6.701739211328518,45-65
P01722,Loja,Sierra,Urbana,Hombre,43,18.0,39.0,779.32,0,Posgrado,6.658421744577686,30-44
P01723,Los Ríos,Costa,Rural,Hombre,46,9.0,62.0,432.35,0,Secundaria,6.06923544540644,45-65
P01724,Azuay,Sierra,Urbana,Mujer,29,18.0,49.0,677.02,1,Posgrado,6.517700814573405,18-29
P01725,Pichincha,Sierra,Urbana,Mujer,25,12.0,57.0,549.49,1,Secundaria,6.308990575315937,18-29
P01726,Manabí,Costa,Urbana,Hombre,34,15.0,46.0,661.04,1,Superior,6.493814352392929,30-44
P01727,Manabí,Costa,Urbana,Hombre,41,11.0,40.0,604.54,1,Secundaria,6.404467838254435,30-44
P01728,Pichincha,Sierra,Urbana,Hombre,32,8.0,41.0,338.8,0,Secundaria,5.8254099627779,30-44
P01729,Guayas,Costa,Rural,Hombre,19,10.0,34.0,383.05,0,Secundaria,5.94816552896283,18-29
P01730,Tungurahua,Sierra,Urbana,Mujer,40,15.0,18.0,499.48,0,Superior,6.213567557246944,30-44
P01731,Pichincha,Sierra,Urbana,Hombre,36,11.0,42.0,885.19,1,Secundaria,6.7858023112310235,30-44
P01732,Guayas,Costa,Rural,Mujer,46,12.0,38.0,459.72,0,Secundaria,6.130617608500558,45-65
P01733,Guayas,Costa,Rural,Mujer,33,0.0,38.0,308.13,0,Primaria,5.730521771845822,30-44
P01734,Loja,Sierra,Urbana,Hombre,60,11.0,42.0,2063.75,1,Secundaria,7.632279995234338,45-65
P01735,Guayas,Costa,Urbana,Hombre,56,12.0,53.0,432.78,0,Secundaria,6.070229515743637,45-65
P01736,Tungurahua,Sierra,Urbana,Hombre,44,7.0,49.0,389.42,0,Secundaria,5.964658452687475,30-44
P01737,Guayas,Costa,Rural,Hombre,39,14.0,28.0,800.85,0,Superior,6.685673663614305,30-44
P01738,Guayas,Costa,Rural,Hombre,27,12.0,46.0,732.25,1,Secundaria,6.596121985707843,18-29
P01739,Pichincha,Sierra,Urbana,Mujer,61,14.0,24.0,977.63,0,Superior,6.885131275344191,45-65
P01740,Guayas,Costa,Rural,Mujer,37,7.0,23.0,500.14,0,Secundaria,6.214888059229508,30-44
P01741,Galápagos,Insular,Urbana,Hombre,48,22.0,28.0,2185.11,0,Posgrado,7.68942144951194,45-65
P01742,Loja,Sierra,Urbana,Hombre,27,11.0,50.0,378.13,0,Secundaria,5.935238051838176,18-29
P01743,Imbabura,Sierra,Rural,Hombre,62,10.0,35.0,1074.47,0,Secundaria,6.979582795730022,45-65
P01744,Los Ríos,Costa,Rural,Hombre,64,13.0,40.0,734.77,1,Superior,6.5995575250714715,45-65
P01745,Pichincha,Sierra,Urbana,Hombre,19,12.0,46.0,661.58,1,Secundaria,6.494630913506484,18-29
P01746,Los Ríos,Costa,Urbana,Mujer,58,15.0,50.0,487.33,1,Superior,6.188941511672941,45-65
P01747,Los Ríos,Costa,Urbana,Mujer,55,17.0,56.0,1330.05,1,Posgrado,7.1929718144941255,45-65
P01748,Tungurahua,Sierra,Urbana,Hombre,53,11.0,35.0,868.01,0,Secundaria,6.766203235331314,45-65
P01749,Sucumbíos,Amazonía,Urbana,Mujer,28,7.0,46.0,383.54,0,Secundaria,5.94944391784537,18-29
P01750,Pichincha,Sierra,Urbana,Hombre,53,11.0,32.0,410.94,0,Secundaria,6.018447218437869,45-65
P01751,Pichincha,Sierra,Urbana,Hombre,23,13.0,36.0,1281.37,1,Superior,7.155685097037617,18-29
P01752,Sucumbíos,Amazonía,Rural,Hombre,59,13.0,44.0,449.78,0,Superior,6.10875857433034,45-65
P01753,Guayas,Costa,Urbana,Hombre,38,12.0,41.0,844.15,1,Secundaria,6.738330203923202,30-44
P01754,Orellana,Amazonía,Urbana,Mujer,56,14.0,32.0,1110.83,0,Superior,7.012862762630064,45-65
P01755,Azuay,Sierra,Urbana,Mujer,30,16.0,36.0,575.23,0,Superior,6.354769960818677,30-44
P01756,Guayas,Costa,Urbana,Mujer,24,20.0,62.0,924.56,1,Posgrado,6.829317948667186,18-29
P01757,Los Ríos,Costa,Urbana,Mujer,49,17.0,47.0,1234.43,1,Posgrado,7.11836460405888,45-65
P01758,Azuay,Sierra,Urbana,Hombre,56,13.0,55.0,1555.74,1,Superior,7.349706595660711,45-65
P01759,Pichincha,Sierra,Urbana,Mujer,27,20.0,54.0,1949.5,0,Posgrado,7.575328208422652,18-29
P01760,Guayas,Costa,Urbana,Mujer,63,13.0,51.0,383.86,0,Superior,5.950277902777732,45-65
P01761,Guayas,Costa,Urbana,Mujer,32,8.0,27.0,526.34,0,Secundaria,6.265947391751775,30-44
P01762,Sucumbíos,Amazonía,Rural,Hombre,52,8.0,32.0,458.59,0,Secundaria,6.128156564691076,45-65
P01763,Esmeraldas,Costa,Urbana,Hombre,46,17.0,42.0,456.0,0,Posgrado,6.1224928095143865,45-65
P01764,Pichincha,Sierra,Urbana,Mujer,39,12.0,55.0,385.27,0,Secundaria,5.953944387194059,30-44
P01765,Guayas,Costa,Urbana,Mujer,24,11.0,51.0,476.53,1,Secundaria,6.166530680189018,18-29
P01766,Los Ríos,Costa,Urbana,Hombre,38,12.0,45.0,849.13,1,Secundaria,6.744212295908674,30-44
P01767,Pichincha,Sierra,Rural,Hombre,52,10.0,54.0,1450.14,1,Secundaria,7.27941538247794,45-65
P01768,Pichincha,Sierra,Rural,Hombre,39,5.0,45.0,510.71,1,Primaria,6.235801914429193,30-44
P01769,Pichincha,Sierra,Urbana,Hombre,47,16.0,55.0,1768.42,1,Superior,7.477841771546583,45-65
P01770,Orellana,Amazonía,Rural,Mujer,23,10.0,39.0,306.72,0,Secundaria,5.725935279297334,18-29
P01771,Azuay,Sierra,Urbana,Mujer,56,10.0,29.0,643.28,0,Secundaria,6.466580088239893,45-65
P01772,Pichincha,Sierra,Urbana,Hombre,46,9.0,26.0,975.76,0,Secundaria,6.883216654534983,45-65
P01773,Guayas,Costa,Urbana,Mujer,37,13.0,28.0,486.59,0,Superior,6.187421879377874,30-44
P01774,Pichincha,Sierra,Urbana,Hombre,62,12.0,35.0,543.01,0,Secundaria,6.297127735970621,45-65
P01776,Guayas,Costa,Urbana,Mujer,36,20.0,47.0,838.03,1,Posgrado,6.731053899363968,30-44
P01777,El Oro,Costa,Rural,Hombre,61,13.0,24.0,286.82,0,Superior,5.658854841301066,45-65
P01778,Morona Santiago,Amazonía,Rural,Mujer,55,1.0,36.0,90.71,0,Primaria,4.507667604626853,45-65
P01779,El Oro,Costa,Rural,Hombre,19,10.0,34.0,683.09,0,Secundaria,6.526626622485576,18-29
P01780,Guayas,Costa,Rural,Hombre,56,7.0,26.0,203.24,0,Secundaria,5.3143875467255315,45-65
P01781,Pichincha,Sierra,Urbana,Hombre,40,9.0,31.0,388.85,0,Secundaria,5.9631936651409525,30-44
P01782,Guayas,Costa,Urbana,Hombre,60,11.0,39.0,521.32,0,Secundaria,6.256364056662519,45-65
P01783,Azuay,Sierra,Urbana,Hombre,56,13.0,35.0,529.52,0,Superior,6.271970935810668,45-65
P01784,Guayas,Costa,Urbana,Hombre,35,10.0,58.0,319.72,1,Secundaria,5.767445612757818,30-44
P01785,Pichincha,Sierra,Urbana,Mujer,42,17.0,53.0,1277.38,1,Posgrado,7.152566384202039,30-44
P01786,Los Ríos,Costa,Urbana,Mujer,40,13.0,44.0,704.02,1,Superior,6.556806764845421,30-44
P01787,Manabí,Costa,Urbana,Hombre,35,19.0,54.0,1532.76,1,Posgrado,7.334825310842686,30-44
P01788,Loja,Sierra,Urbana,Mujer,49,15.0,34.0,1203.96,0,Superior,7.093371402725522,45-65
P01789,Guayas,Costa,Urbana,Mujer,37,6.0,41.0,524.96,1,Primaria,6.2633220692127916,30-44
P01790,Guayas,Costa,Rural,Hombre,21,11.0,51.0,331.21,0,Secundaria,5.802752615292013,18-29
P01791,El Oro,Costa,Rural,Mujer,54,9.0,42.0,583.22,1,Secundaria,6.36856447365925,45-65
P01792,Guayas,Costa,Rural,Mujer,55,8.0,56.0,327.29,1,Secundaria,5.790846628030911,45-65
P01793,Guayas,Costa,Urbana,Mujer,44,11.0,49.0,1416.47,1,Secundaria,7.255923140084063,30-44
P01794,Esmeraldas,Costa,Urbana,Hombre,27,14.0,23.0,430.25,0,Superior,6.064366435091649,18-29
P01795,Morona Santiago,Amazonía,Urbana,Mujer,18,10.0,47.0,379.31,0,Secundaria,5.938353812702712,18-29
P01796,Los Ríos,Costa,Urbana,Hombre,45,5.0,33.0,197.13,0,Primaria,5.2838634095778865,45-65
P01797,Chimborazo,Sierra,Urbana,Mujer,35,8.0,34.0,424.52,0,Secundaria,6.050959118893622,30-44
P01798,El Oro,Costa,Urbana,Mujer,26,12.0,45.0,911.45,1,Secundaria,6.8150367379789305,18-29
P01799,Guayas,Costa,Urbana,Hombre,55,13.0,62.0,2284.93,1,Superior,7.734090668285753,45-65
P01800,Esmeraldas,Costa,Rural,Hombre,36,13.0,67.0,367.58,0,Superior,5.906940982037328,30-44
P01801,Loja,Sierra,Rural,Mujer,25,13.0,37.0,528.79,0,Superior,6.270591377617365,18-29
P01802,Pichincha,Sierra,Urbana,Mujer,60,11.0,37.0,694.66,0,Secundaria,6.543422517230114,45-65
P01803,Morona Santiago,Amazonía,Rural,Hombre,35,11.0,29.0,404.92,0,Secundaria,6.003689516730551,30-44
P01804,Orellana,Amazonía,Urbana,Hombre,53,9.0,29.0,653.88,0,Secundaria,6.482923848383007,45-65
P01805,Guayas,Costa,Urbana,Hombre,26,11.0,38.0,429.57,0,Secundaria,6.062784708354025,18-29
P01806,Azuay,Sierra,Urbana,Hombre,22,17.0,48.0,492.79,1,Posgrado,6.200083119805628,18-29
P01807,Guayas,Costa,Urbana,Hombre,58,9.0,38.0,412.56,0,Secundaria,6.022381649742703,45-65
P01809,Guayas,Costa,Urbana,Mujer,54,13.0,44.0,536.6,1,Superior,6.285252937991523,45-65
P01810,Pichincha,Sierra,Rural,Hombre,27,9.0,52.0,796.71,1,Secundaria,6.680490748083624,18-29
P01811,Orellana,Amazonía,Urbana,Mujer,44,8.0,34.0,513.07,0,Secundaria,6.240412288103725,30-44
P01813,Morona Santiago,Amazonía,Urbana,Mujer,46,12.0,33.0,318.15,0,Secundaria,5.762522969678801,45-65
P01814,Imbabura,Sierra,Rural,Mujer,54,10.0,50.0,572.13,1,Secundaria,6.349366238284537,45-65
P01815,Guayas,Costa,Urbana,Hombre,63,14.0,45.0,1068.34,1,Superior,6.9738613209168,45-65
P01816,Los Ríos,Costa,Rural,Mujer,23,11.0,19.0,643.76,0,Secundaria,6.467325985837878,18-29
P01817,Guayas,Costa,Urbana,Hombre,25,17.0,37.0,1025.06,0,Posgrado,6.932506426444675,18-29
P01818,Galápagos,Insular,Urbana,Hombre,40,9.0,43.0,1677.35,1,Secundaria,7.424970446069796,30-44
P01819,Guayas,Costa,Rural,Mujer,44,12.0,50.0,395.84,0,Secundaria,5.981010089204123,30-44
P01820,Guayas,Costa,Urbana,Mujer,64,9.0,31.0,478.06,0,Secundaria,6.169736247626654,45-65
P01821,Imbabura,Sierra,Urbana,Mujer,40,9.0,48.0,710.37,1,Secundaria,6.56578596105653,30-44
P01822,Guayas,Costa,Urbana,Hombre,40,13.0,42.0,821.68,1,Superior,6.7113510248575485,30-44
P01823,Azuay,Sierra,Urbana,Mujer,57,14.0,45.0,1029.63,1,Superior,6.936954793386565,45-65
P01824,Guayas,Costa,Rural,Hombre,24,15.0,30.0,339.8,0,Superior,5.828357209237832,18-29
P01825,Pichincha,Sierra,Rural,Mujer,18,0.0,36.0,173.81,0,Primaria,5.157962748575389,18-29
P01826,Manabí,Costa,Urbana,Mujer,26,7.0,40.0,360.02,0,Secundaria,5.886159585462559,18-29
P01827,Manabí,Costa,Rural,Hombre,42,15.0,46.0,894.64,1,Superior,6.796421402719933,30-44
P01828,Guayas,Costa,Urbana,Hombre,24,12.0,58.0,456.51,0,Secundaria,6.123610605600133,18-29
P01829,Guayas,Costa,Urbana,Hombre,26,16.0,44.0,1618.9,1,Superior,7.38950218524746,18-29
P01830,Pichincha,Sierra,Urbana,Hombre,45,10.0,48.0,855.43,1,Secundaria,6.751604266489491,45-65
P01831,Guayas,Costa,Urbana,Mujer,60,15.0,37.0,482.54,0,Superior,6.179063818897301,45-65
P01832,Loja,Sierra,Urbana,Hombre,45,17.0,40.0,1638.36,0,Posgrado,7.401451020484661,45-65
P01834,Pichincha,Sierra,Urbana,Hombre,35,8.0,49.0,793.88,1,Secundaria,6.6769323163240575,30-44
P01835,Pichincha,Sierra,Rural,Mujer,25,8.0,37.0,500.15,0,Secundaria,6.21490805343119,18-29
P01836,Azuay,Sierra,Urbana,Mujer,43,15.0,29.0,464.65,0,Superior,6.141284434003349,30-44
P01837,Azuay,Sierra,Urbana,Mujer,42,14.0,41.0,621.02,1,Superior,6.431363287534036,30-44
P01838,Azuay,Sierra,Urbana,Hombre,23,16.0,36.0,562.0,0,Superior,6.331501849893691,18-29
P01839,Manabí,Costa,Rural,Hombre,55,9.0,40.0,875.93,1,Secundaria,6.775286179067724,45-65
P01840,Guayas,Costa,Rural,Mujer,55,9.0,48.0,473.81,1,Secundaria,6.160806397453836,45-65
P01841,Guayas,Costa,Rural,Mujer,37,10.0,29.0,478.09,0,Secundaria,6.169798999286979,30-44
P01842,Guayas,Costa,Urbana,Mujer,37,12.0,32.0,713.3,0,Secundaria,6.5699020892839926,30-44
P01843,El Oro,Costa,Urbana,Hombre,48,10.0,35.0,467.45,0,Secundaria,6.1472923911373245,45-65
P01844,Pichincha,Sierra,Urbana,Mujer,55,11.0,55.0,617.31,1,Secundaria,6.425371328847449,45-65
P01845,Imbabura,Sierra,Urbana,Hombre,24,13.0,38.0,719.71,0,Superior,6.578848353095567,18-29
P01846,Los Ríos,Costa,Urbana,Hombre,64,10.0,39.0,523.52,0,Secundaria,6.260575233974327,45-65
P01847,Guayas,Costa,Urbana,Mujer,48,17.0,41.0,669.54,1,Posgrado,6.506590909425665,45-65
P01849,Imbabura,Sierra,Rural,Hombre,44,6.0,37.0,215.72,0,Primaria,5.373981270469026,30-44
P01850,El Oro,Costa,Urbana,Hombre,25,9.0,59.0,372.16,0,Secundaria,5.9193238693303,18-29
P01851,Loja,Sierra,Urbana,Mujer,34,20.0,45.0,1045.96,1,Posgrado,6.952690402975883,30-44
P01852,Pichincha,Sierra,Urbana,Mujer,56,7.0,36.0,196.2,0,Secundaria,5.279134547131263,45-65
P01853,Manabí,Costa,Urbana,Mujer,27,14.0,40.0,743.53,1,Superior,6.61140911478356,18-29
P01854,Guayas,Costa,Urbana,Hombre,34,15.0,38.0,1126.35,0,Superior,7.026737595214002,30-44
P01855,Pichincha,Sierra,Urbana,Hombre,19,14.0,33.0,409.01,0,Superior,6.013739605621659,18-29
P01857,Manabí,Costa,Urbana,Mujer,64,5.0,34.0,431.81,0,Primaria,6.067985676682392,45-65
P01858,Los Ríos,Costa,Urbana,Mujer,37,9.0,38.0,236.75,0,Secundaria,5.467004732066187,30-44
P01859,Guayas,Costa,Rural,Mujer,30,7.0,60.0,1222.4,1,Secundaria,7.108571418412256,30-44
P01860,Guayas,Costa,Urbana,Hombre,28,16.0,56.0,1186.77,1,Superior,7.0789906100385265,18-29
P01861,Guayas,Costa,Rural,Hombre,51,10.0,44.0,670.46,1,Secundaria,6.507964043969777,45-65
P01862,Azuay,Sierra,Urbana,Mujer,51,9.0,45.0,1139.14,1,Secundaria,7.038028870731349,45-65
P01863,Azuay,Sierra,Urbana,Hombre,53,9.0,37.0,1008.78,0,Secundaria,6.916496958918891,45-65
P01864,Pichincha,Sierra,Urbana,Hombre,20,14.0,51.0,1048.78,1,Superior,6.9553828628550045,18-29
P01865,Orellana,Amazonía,Rural,Hombre,29,10.0,51.0,636.65,0,Secundaria,6.456220054019444,18-29
P01866,Esmeraldas,Costa,Urbana,Hombre,32,14.0,44.0,1182.04,1,Superior,7.074997038340998,30-44
P01867,Esmeraldas,Costa,Urbana,Mujer,61,18.0,32.0,685.91,0,Posgrado,6.530746423783747,45-65
P01868,Azuay,Sierra,Urbana,Mujer,56,9.0,45.0,559.55,1,Secundaria,6.327132889264036,45-65
P01869,Guayas,Costa,Rural,Mujer,48,9.0,48.0,308.52,0,Secundaria,5.731786671065798,45-65
P01870,Loja,Sierra,Rural,Mujer,43,11.0,22.0,350.62,0,Secundaria,5.859703015925728,30-44
P01871,Morona Santiago,Amazonía,Urbana,Hombre,33,11.0,37.0,627.24,0,Secundaria,6.441329242512831,30-44
P01872,Loja,Sierra,Urbana,Mujer,44,10.0,39.0,236.89,0,Secundaria,5.4675958983700355,30-44
P01873,Pichincha,Sierra,Urbana,Mujer,18,9.0,45.0,446.29,0,Secundaria,6.100968964931138,18-29
P01874,Los Ríos,Costa,Urbana,Mujer,50,9.0,29.0,550.39,0,Secundaria,6.310627117849432,45-65
P01875,Azuay,Sierra,Rural,Mujer,31,10.0,25.0,396.11,0,Secundaria,5.981691950459155,30-44
P01876,Pichincha,Sierra,Rural,Mujer,27,6.0,47.0,151.39,0,Primaria,5.019859288623787,18-29
P01877,Guayas,Costa,Urbana,Mujer,35,4.0,50.0,339.31,0,Primaria,5.826914143799146,30-44
P01879,Azuay,Sierra,Urbana,Mujer,62,11.0,42.0,1108.51,1,Secundaria,7.010772050215495,45-65
P01881,Azuay,Sierra,Urbana,Mujer,19,17.0,63.0,443.2,0,Posgrado,6.094021135433074,18-29
P01883,El Oro,Costa,Rural,Hombre,38,7.0,43.0,192.65,0,Secundaria,5.260875071072166,30-44
P01884,Guayas,Costa,Urbana,Mujer,35,15.0,67.0,901.59,1,Superior,6.804159871270977,30-44
P01885,Pichincha,Sierra,Urbana,Hombre,39,10.0,33.0,410.87,0,Secundaria,6.018276862759137,30-44
P01887,El Oro,Costa,Rural,Mujer,33,14.0,47.0,330.76,0,Superior,5.801393036853966,30-44
P01889,Pichincha,Sierra,Urbana,Hombre,55,10.0,49.0,703.35,1,Secundaria,6.555854634203705,45-65
P01890,Los Ríos,Costa,Urbana,Hombre,19,6.0,39.0,219.97,0,Primaria,5.393491173417632,18-29
P01891,Imbabura,Sierra,Urbana,Hombre,23,8.0,43.0,853.51,1,Secundaria,6.749357258627486,18-29
P01892,Pichincha,Sierra,Rural,Mujer,46,13.0,31.0,331.82,0,Superior,5.8045926532152095,45-65
P01893,Los Ríos,Costa,Rural,Mujer,56,7.0,27.0,477.88,0,Secundaria,6.169359654949023,45-65
P01894,Guayas,Costa,Rural,Hombre,20,12.0,41.0,260.34,0,Secundaria,5.561988469038314,18-29
P01895,Los Ríos,Costa,Urbana,Hombre,30,15.0,35.0,341.7,0,Superior,5.833933159121246,30-44
P01896,Esmeraldas,Costa,Urbana,Hombre,20,10.0,29.0,378.32,1,Secundaria,5.9357403983356205,18-29
P01897,Pichincha,Sierra,Rural,Mujer,19,14.0,38.0,715.02,0,Superior,6.57231051433077,18-29
P01898,Azuay,Sierra,Urbana,Hombre,64,12.0,38.0,541.18,0,Secundaria,6.29375194069878,45-65
P01900,Orellana,Amazonía,Urbana,Mujer,59,10.0,53.0,343.11,0,Secundaria,5.8380510954612355,45-65
P01901,Tungurahua,Sierra,Rural,Hombre,54,9.0,37.0,639.57,0,Secundaria,6.46079607554456,45-65
P01902,Tungurahua,Sierra,Rural,Hombre,62,9.0,38.0,904.47,0,Secundaria,6.807349136789442,45-65
P01903,Orellana,Amazonía,Rural,Hombre,63,10.0,31.0,562.03,0,Secundaria,6.331555229251906,45-65
P01904,Pichincha,Sierra,Rural,Mujer,58,7.0,30.0,189.89,0,Secundaria,5.246444957137325,45-65
P01905,El Oro,Costa,Urbana,Mujer,45,14.0,44.0,607.23,1,Superior,6.408907631975554,45-65
P01906,Imbabura,Sierra,Urbana,Mujer,46,15.0,41.0,759.84,1,Superior,6.633107884800812,45-65
P01907,Guayas,Costa,Urbana,Mujer,34,16.0,44.0,437.65,0,Superior,6.081419504178447,30-44
P01908,Manabí,Costa,Urbana,Hombre,27,15.0,50.0,308.79,0,Superior,5.732661434206578,18-29
P01909,Azuay,Sierra,Urbana,Hombre,40,12.0,52.0,704.85,1,Secundaria,6.557985014216935,30-44
P01910,Pichincha,Sierra,Urbana,Hombre,46,9.0,40.0,510.87,1,Secundaria,6.236115154706623,45-65
P01911,Guayas,Costa,Urbana,Mujer,56,15.0,49.0,697.75,1,Superior,6.5478608724164316,45-65
P01912,Pichincha,Sierra,Urbana,Mujer,58,11.0,29.0,996.09,0,Secundaria,6.903837614948032,45-65
P01913,Imbabura,Sierra,Urbana,Mujer,27,9.0,61.0,829.03,1,Secundaria,6.720256342659047,18-29
P01914,Chimborazo,Sierra,Urbana,Mujer,63,11.0,47.0,1237.07,1,Secundaria,7.120500959312032,45-65
P01915,Pichincha,Sierra,Urbana,Hombre,28,13.0,23.0,944.3,0,Superior,6.850443912269023,18-29
P01916,Chimborazo,Sierra,Urbana,Hombre,36,16.0,39.0,498.95,0,Superior,6.212505890330322,30-44
P01918,Pichincha,Sierra,Rural,Hombre,19,11.0,39.0,430.89,0,Secundaria,6.065852837111841,18-29
P01919,Guayas,Costa,Urbana,Mujer,21,10.0,28.0,677.33,0,Secundaria,6.518158598758311,18-29
P01920,Azuay,Sierra,Rural,Mujer,50,12.0,47.0,766.96,1,Secundaria,6.642434648768742,45-65
P01921,Esmeraldas,Costa,Rural,Mujer,64,8.0,37.0,325.93,0,Secundaria,5.786682634383844,45-65
P01922,Manabí,Costa,Urbana,Mujer,45,15.0,39.0,926.68,0,Superior,6.831608306402268,45-65
P01923,Pichincha,Sierra,Urbana,Mujer,19,13.0,39.0,360.62,1,Superior,5.887824772348222,18-29
P01924,Guayas,Costa,Urbana,Hombre,19,12.0,38.0,723.6,0,Secundaria,6.58423875352114,18-29
P01925,Loja,Sierra,Urbana,Hombre,29,12.0,28.0,1133.99,1,Secundaria,7.033497665906664,18-29
P01926,Azuay,Sierra,Urbana,Mujer,35,6.0,60.0,586.78,1,Primaria,6.374649962525065,30-44
P01927,El Oro,Costa,Urbana,Hombre,48,21.0,28.0,1757.95,0,Posgrado,7.471903636429964,45-65
P01928,Pichincha,Sierra,Rural,Hombre,57,11.0,39.0,425.43,0,Secundaria,6.053100422141364,45-65
P01929,Manabí,Costa,Urbana,Hombre,23,15.0,56.0,961.59,1,Superior,6.868588164392427,18-29
P01930,Guayas,Costa,Rural,Hombre,64,6.0,26.0,300.28,0,Primaria,5.7047153727048014,45-65
P01932,Guayas,Costa,Rural,Hombre,47,10.0,44.0,453.45,0,Secundaria,6.1168850098935765,45-65
P01933,El Oro,Costa,Urbana,Hombre,46,13.0,40.0,794.29,1,Superior,6.677448633858211,45-65
P01934,Manabí,Costa,Urbana,Mujer,39,21.0,46.0,1169.11,1,Posgrado,7.063998054564422,30-44
P01935,Guayas,Costa,Urbana,Hombre,21,21.0,48.0,829.38,1,Posgrado,6.720678433704321,18-29
P01936,Azuay,Sierra,Urbana,Mujer,51,14.0,51.0,576.87,1,Superior,6.357616937830605,45-65
P01937,Guayas,Costa,Rural,Mujer,31,10.0,37.0,426.41,0,Secundaria,6.055401324734236,30-44
P01939,Los Ríos,Costa,Urbana,Mujer,42,17.0,59.0,1461.51,1,Posgrado,7.287225426813215,30-44
P01940,El Oro,Costa,Urbana,Hombre,34,13.0,40.0,1598.82,1,Superior,7.377021136140963,30-44
P01941,Azuay,Sierra,Rural,Hombre,53,8.0,44.0,233.51,0,Secundaria,5.453224902744384,45-65
P01942,Pichincha,Sierra,Urbana,Hombre,65,16.0,61.0,1703.33,1,Superior,7.440340437580563,45-65
P01943,Guayas,Costa,Rural,Hombre,30,6.0,61.0,363.01,0,Primaria,5.8944303820947725,30-44
P01944,Loja,Sierra,Rural,Hombre,18,11.0,42.0,347.64,0,Secundaria,5.8511674615692595,18-29
P01945,Guayas,Costa,Rural,Hombre,42,11.0,35.0,1026.17,0,Secundaria,6.933588704013108,30-44
P01946,Imbabura,Sierra,Urbana,Hombre,58,14.0,39.0,662.38,0,Superior,6.49583940937851,45-65
P01947,Pichincha,Sierra,Urbana,Hombre,33,18.0,23.0,875.02,0,Posgrado,6.774246743239251,30-44
P01948,Pichincha,Sierra,Urbana,Hombre,50,13.0,54.0,1250.65,1,Superior,7.131418695143198,45-65
P01949,Esmeraldas,Costa,Urbana,Mujer,40,16.0,47.0,844.72,1,Superior,6.739005211498259,30-44
P01950,Tungurahua,Sierra,Urbana,Mujer,46,9.0,29.0,313.89,0,Secundaria,5.7490426060610655,45-65
P01951,Pichincha,Sierra,Urbana,Mujer,57,10.0,30.0,389.55,0,Secundaria,5.964992226776867,45-65
P01952,Sucumbíos,Amazonía,Urbana,Mujer,42,4.0,38.0,592.27,1,Primaria,6.3839626119917225,30-44
P01953,Esmeraldas,Costa,Rural,Mujer,20,12.0,43.0,205.58,0,Secundaria,5.325835252584776,18-29
P01954,Manabí,Costa,Urbana,Hombre,48,10.0,49.0,1613.43,1,Secundaria,7.3861176266029664,45-65
P01955,Guayas,Costa,Urbana,Mujer,44,16.0,33.0,582.58,0,Superior,6.367466515065505,30-44
P01956,Guayas,Costa,Rural,Hombre,19,12.0,42.0,1104.64,1,Secundaria,7.007274769014954,18-29
P01957,Guayas,Costa,Urbana,Mujer,60,20.0,44.0,1500.91,1,Posgrado,7.313826869809139,45-65
P01958,Imbabura,Sierra,Rural,Mujer,65,10.0,53.0,1070.4,1,Secundaria,6.975787689373964,45-65
P01960,Loja,Sierra,Urbana,Hombre,50,14.0,41.0,538.86,1,Superior,6.2894557969109135,45-65
P01961,Morona Santiago,Amazonía,Urbana,Mujer,21,12.0,51.0,301.04,0,Secundaria,5.707243146285182,18-29
P01962,Loja,Sierra,Urbana,Mujer,19,17.0,20.0,558.15,0,Posgrado,6.324627743460741,18-29
P01964,Guayas,Costa,Urbana,Hombre,25,10.0,44.0,620.92,1,Secundaria,6.431202249158242,18-29
P01965,Pichincha,Sierra,Urbana,Mujer,46,13.0,29.0,435.71,0,Superior,6.076976884432196,45-65
P01967,Guayas,Costa,Urbana,Mujer,25,14.0,45.0,692.61,1,Superior,6.540467070212342,18-29
P01968,Guayas,Costa,Urbana,Hombre,22,20.0,44.0,1576.51,1,Posgrado,7.362968822130237,18-29
P01969,Pichincha,Sierra,Rural,Hombre,23,9.0,27.0,1309.7,0,Secundaria,7.177553382335358,18-29
P01970,Tungurahua,Sierra,Urbana,Mujer,38,14.0,39.0,942.35,0,Superior,6.8483767554626365,30-44
P01971,Imbabura,Sierra,Urbana,Mujer,65,18.0,40.0,801.02,1,Posgrado,6.685885915545658,45-65
P01972,Manabí,Costa,Urbana,Hombre,54,11.0,31.0,301.04,1,Secundaria,5.707243146285182,45-65
P01973,Pichincha,Sierra,Rural,Hombre,49,10.0,29.0,578.76,1,Secundaria,6.360887883868881,45-65
P01974,Imbabura,Sierra,Rural,Hombre,34,12.0,60.0,313.58,0,Secundaria,5.748054510932304,30-44
P01975,Sucumbíos,Amazonía,Rural,Hombre,32,9.0,44.0,295.44,0,Secundaria,5.688465770544307,30-44
P01976,Sucumbíos,Amazonía,Rural,Hombre,25,3.0,52.0,238.91,0,Primaria,5.476086911973929,18-29
P01977,Morona Santiago,Amazonía,Rural,Hombre,60,12.0,47.0,453.48,0,Secundaria,6.116951167149398,45-65
P01978,Chimborazo,Sierra,Rural,Mujer,18,7.0,60.0,494.11,1,Secundaria,6.202758164464956,18-29
P01979,Imbabura,Sierra,Rural,Hombre,63,15.0,31.0,743.42,0,Superior,6.611261160917995,45-65
P01980,Pichincha,Sierra,Rural,Mujer,29,5.0,27.0,221.23,0,Primaria,5.3992028843218955,18-29
P01981,Galápagos,Insular,Urbana,Hombre,26,7.0,43.0,212.53,0,Secundaria,5.3590831548706,18-29
P01983,Guayas,Costa,Urbana,Mujer,41,9.0,26.0,225.86,0,Secundaria,5.4199153382955245,30-44
P01984,Orellana,Amazonía,Rural,Mujer,28,7.0,14.0,335.98,0,Secundaria,5.817051634382068,18-29
P01985,Galápagos,Insular,Urbana,Hombre,43,10.0,47.0,1162.36,1,Secundaria,7.058207700101697,30-44
P01986,Guayas,Costa,Urbana,Hombre,63,5.0,41.0,400.21,0,Primaria,5.991989409343697,45-65
P01987,Orellana,Amazonía,Urbana,Mujer,37,7.0,45.0,649.66,1,Secundaria,6.476449149114147,30-44
P01988,Pichincha,Sierra,Urbana,Hombre,37,17.0,26.0,1354.23,0,Posgrado,7.210988306107006,30-44
P01989,Guayas,Costa,Urbana,Mujer,56,16.0,54.0,1275.56,1,Superior,7.151140576851825,45-65
P01990,Pichincha,Sierra,Urbana,Hombre,47,15.0,52.0,788.68,1,Superior,6.670360661898067,45-65
P01991,Imbabura,Sierra,Urbana,Mujer,52,10.0,49.0,1187.2,0,Secundaria,7.079352872413116,45-65
P01992,Pichincha,Sierra,Urbana,Hombre,34,9.0,47.0,625.12,1,Secundaria,6.43794363130676,30-44
P01993,Manabí,Costa,Rural,Mujer,40,14.0,50.0,480.86,1,Superior,6.175576167448433,30-44
P01995,Guayas,Costa,Rural,Hombre,45,13.0,29.0,188.27,0,Superior,5.23787710273662,45-65
P01996,Loja,Sierra,Urbana,Hombre,28,8.0,22.0,273.72,0,Secundaria,5.6121056860842975,18-29
P01997,Tungurahua,Sierra,Urbana,Mujer,27,16.0,46.0,614.37,1,Superior,6.420597352516331,18-29
P01998,Guayas,Costa,Urbana,Mujer,58,9.0,47.0,578.37,1,Secundaria,6.360213802279487,45-65
P01999,Guayas,Costa,Urbana,Mujer,56,15.0,55.0,922.92,1,Superior,6.8275425568569625,45-65
P02000,Esmeraldas,Costa,Rural,Hombre,55,11.0,41.0,346.41,0,Secundaria,5.847623044631874,45-65
P02001,Tungurahua,Sierra,Urbana,Mujer,25,5.0,26.0,361.72,0,Primaria,5.89087043187228,18-29
P02002,Morona Santiago,Amazonía,Rural,Mujer,43,17.0,52.0,991.21,1,Posgrado,6.898926419045316,30-44
P02003,Pichincha,Sierra,Urbana,Hombre,58,8.0,34.0,298.85,0,Secundaria,5.699941775270263,45-65
P02004,Morona Santiago,Amazonía,Rural,Mujer,59,10.0,50.0,454.18,0,Secundaria,6.118493595236523,45-65
P02005,Orellana,Amazonía,Rural,Hombre,26,8.0,42.0,238.14,0,Secundaria,5.472858736023029,18-29
P02006,Sucumbíos,Amazonía,Rural,Mujer,53,10.0,27.0,282.73,0,Secundaria,5.644492378630635,45-65
P02007,Guayas,Costa,Urbana,Mujer,60,11.0,36.0,296.39,0,Secundaria,5.691676154661153,45-65
P02009,Azuay,Sierra,Urbana,Hombre,29,18.0,44.0,483.6,1,Posgrado,6.1812581187406375,18-29
P02010,Los Ríos,Costa,Urbana,Mujer,42,14.0,41.0,1048.87,0,Superior,6.955468673166596,30-44
P02011,Guayas,Costa,Rural,Hombre,33,14.0,55.0,291.05,0,Superior,5.673495073717745,30-44
P02012,Los Ríos,Costa,Urbana,Mujer,37,10.0,45.0,533.76,1,Secundaria,6.2799462997303275,30-44
P02014,Guayas,Costa,Urbana,Mujer,54,14.0,33.0,1219.88,0,Superior,7.106507772233838,45-65
P02015,Guayas,Costa,Urbana,Mujer,32,17.0,55.0,870.02,1,Posgrado,6.768516199890145,30-44
P02016,Pichincha,Sierra,Rural,Mujer,27,8.0,38.0,239.64,0,Secundaria,5.479137797215724,18-29
P02019,Imbabura,Sierra,Urbana,Mujer,41,8.0,42.0,157.12,0,Secundaria,5.0570098446061555,30-44
P02020,Esmeraldas,Costa,Rural,Hombre,24,11.0,45.0,1109.68,1,Secundaria,7.011826964455035,18-29
P02021,Sucumbíos,Amazonía,Rural,Hombre,48,2.0,32.0,248.2,0,Primaria,5.514234872770507,45-65
P02022,Guayas,Costa,Urbana,Hombre,49,11.0,51.0,350.69,0,Secundaria,5.859902642339818,45-65
P02023,Loja,Sierra,Urbana,Mujer,61,16.0,29.0,388.16,0,Superior,5.9614176257556855,45-65
P02026,Pichincha,Sierra,Rural,Hombre,39,10.0,43.0,669.29,1,Secundaria,6.506217449011862,30-44
P02027,Pichincha,Sierra,Rural,Hombre,48,10.0,30.0,267.02,0,Secundaria,5.587323561961949,45-65
P02028,Esmeraldas,Costa,Urbana,Hombre,48,14.0,53.0,416.59,0,Superior,6.0321025246981606,45-65
P02029,Loja,Sierra,Urbana,Hombre,37,14.0,29.0,1066.45,0,Superior,6.972090654487031,30-44
P02030,Guayas,Costa,Urbana,Hombre,40,13.0,43.0,291.65,0,Superior,5.675554453199647,30-44
P02032,Guayas,Costa,Rural,Hombre,58,9.0,47.0,403.42,0,Secundaria,5.999978202873186,45-65
P02033,Manabí,Costa,Urbana,Mujer,31,12.0,33.0,523.25,0,Secundaria,6.2600593613261095,30-44
P02034,Los Ríos,Costa,Urbana,Hombre,64,18.0,31.0,1838.21,0,Posgrado,7.5165475510136615,45-65
P02035,Pichincha,Sierra,Rural,Hombre,53,11.0,39.0,667.62,0,Secundaria,6.503719149397664,45-65
P02036,Guayas,Costa,Rural,Hombre,35,15.0,54.0,560.33,1,Superior,6.328525895882835,30-44
P02037,Guayas,Costa,Rural,Hombre,39,12.0,27.0,400.31,0,Secundaria,5.992239246950553,30-44
P02038,Tungurahua,Sierra,Rural,Hombre,57,14.0,48.0,390.64,0,Superior,5.967786419753405,45-65
P02039,Guayas,Costa,Urbana,Mujer,25,13.0,52.0,1098.48,1,Superior,7.001682685013496,18-29
P02040,El Oro,Costa,Rural,Mujer,58,5.0,35.0,360.82,0,Primaria,5.888379219024657,45-65
P02041,Loja,Sierra,Rural,Mujer,37,13.0,56.0,1254.96,1,Superior,7.134858978547985,30-44
P02042,Guayas,Costa,Rural,Mujer,39,13.0,29.0,191.82,0,Superior,5.256557432299805,30-44
P02044,Pichincha,Sierra,Rural,Hombre,37,8.0,41.0,244.29,0,Secundaria,5.498356044147149,30-44
P02045,Manabí,Costa,Urbana,Mujer,40,17.0,31.0,408.08,1,Posgrado,6.011463233614671,30-44
P02046,Manabí,Costa,Rural,Hombre,28,15.0,50.0,656.38,1,Superior,6.486739889525658,18-29
P02047,Imbabura,Sierra,Urbana,Mujer,65,14.0,46.0,700.33,1,Superior,6.551551652527296,45-65
P02048,Manabí,Costa,Rural,Mujer,65,8.0,44.0,447.7,0,Secundaria,6.10412336524692,45-65
P02049,Chimborazo,Sierra,Rural,Hombre,51,8.0,35.0,507.89,0,Secundaria,6.23026488869823,45-65
P02050,Esmeraldas,Costa,Urbana,Hombre,53,9.0,33.0,1068.14,0,Secundaria,6.973674097071425,45-65
P02051,Pichincha,Sierra,Urbana,Mujer,51,9.0,36.0,592.99,0,Secundaria,6.385177535449128,45-65
P02052,El Oro,Costa,Urbana,Mujer,28,12.0,52.0,1210.48,1,Secundaria,7.098772254143316,18-29
P02053,Imbabura,Sierra,Rural,Mujer,50,10.0,35.0,558.71,0,Secundaria,6.325630554998319,45-65
P02054,Azuay,Sierra,Rural,Mujer,34,8.0,23.0,278.85,0,Secundaria,5.630674002835563,30-44
P02055,Guayas,Costa,Urbana,Hombre,60,12.0,57.0,1191.22,1,Secundaria,7.0827332710206585,45-65
P02056,Pichincha,Sierra,Rural,Hombre,47,7.0,48.0,175.83,0,Secundaria,5.169517619156448,45-65
P02057,Loja,Sierra,Rural,Hombre,37,6.0,55.0,190.39,0,Primaria,5.249074599969585,30-44
P02058,Pichincha,Sierra,Urbana,Hombre,65,12.0,56.0,275.66,0,Secundaria,5.619168222266293,45-65
P02059,Manabí,Costa,Rural,Mujer,64,9.0,18.0,178.49,1,Secundaria,5.184532577241416,45-65
P02061,Loja,Sierra,Urbana,Mujer,48,10.0,43.0,784.03,1,Secundaria,6.6644472849244325,45-65
P02062,Pichincha,Sierra,Urbana,Hombre,36,11.0,36.0,518.86,0,Secundaria,6.251634097258639,30-44
P02063,Esmeraldas,Costa,Urbana,Hombre,61,15.0,29.0,844.68,0,Superior,6.738957857408041,45-65
P02064,Tungurahua,Sierra,Urbana,Mujer,43,8.0,29.0,418.94,0,Secundaria,6.03772771157762,30-44
P02065,Los Ríos,Costa,Rural,Hombre,22,13.0,18.0,825.49,0,Superior,6.715977149416427,18-29
P02066,Guayas,Costa,Urbana,Hombre,49,12.0,48.0,580.82,1,Secundaria,6.3644408981794145,45-65
P02067,Orellana,Amazonía,Rural,Hombre,56,15.0,54.0,882.9,1,Superior,6.783211943907537,45-65
P02068,Tungurahua,Sierra,Rural,Hombre,59,14.0,53.0,593.63,0,Superior,6.386256229659672,45-65
P02069,Guayas,Costa,Rural,Hombre,34,11.0,35.0,371.8,0,Secundaria,5.918356075287344,30-44
P02070,Guayas,Costa,Rural,Hombre,30,11.0,45.0,355.14,1,Secundaria,5.872512077930689,30-44
P02071,Pichincha,Sierra,Urbana,Mujer,27,9.0,53.0,954.25,0,Secundaria,6.860925691625339,18-29
P02072,Pichincha,Sierra,Rural,Mujer,28,17.0,38.0,240.34,0,Posgrado,5.482054587483153,18-29
P02073,Pichincha,Sierra,Urbana,Hombre,65,16.0,36.0,1072.42,0,Superior,6.977673055945453,45-65
P02074,Pichincha,Sierra,Urbana,Mujer,52,8.0,45.0,1140.66,1,Secundaria,7.03936232123159,45-65
P02075,Chimborazo,Sierra,Rural,Hombre,60,13.0,44.0,623.08,1,Superior,6.434674921458405,45-65
P02076,El Oro,Costa,Rural,Mujer,57,8.0,27.0,1082.67,0,Secundaria,6.9871854914264535,45-65
P02077,Azuay,Sierra,Urbana,Mujer,51,19.0,35.0,921.57,0,Posgrado,6.826078737328463,45-65
P02078,Manabí,Costa,Urbana,Hombre,39,7.0,43.0,334.13,0,Secundaria,5.811530138806526,30-44
P02079,Orellana,Amazonía,Rural,Hombre,62,10.0,52.0,193.34,0,Secundaria,5.2644502970364595,45-65
P02080,Guayas,Costa,Urbana,Hombre,58,10.0,22.0,443.52,0,Secundaria,6.094742896561484,45-65
P02081,Guayas,Costa,Urbana,Hombre,40,14.0,35.0,1119.03,0,Superior,7.020217517604028,30-44
P02082,Pichincha,Sierra,Urbana,Mujer,34,9.0,31.0,1586.82,0,Secundaria,7.369487292543604,30-44
P02083,Pichincha,Sierra,Urbana,Hombre,38,18.0,32.0,843.11,0,Posgrado,6.737097435847495,30-44
P02084,Pichincha,Sierra,Urbana,Hombre,40,11.0,32.0,398.02,0,Secundaria,5.986502255278167,30-44
P02085,Manabí,Costa,Urbana,Mujer,52,14.0,47.0,827.4,0,Superior,6.7182882540273114,45-65
P02086,Manabí,Costa,Urbana,Hombre,43,19.0,44.0,1329.92,1,Posgrado,7.192874069030753,30-44
P02087,Manabí,Costa,Urbana,Hombre,39,16.0,51.0,892.64,1,Superior,6.7941833640972185,30-44
P02089,Pichincha,Sierra,Urbana,Hombre,45,13.0,40.0,974.78,1,Superior,6.8822118045114395,45-65
P02090,Manabí,Costa,Urbana,Hombre,26,12.0,46.0,109.95,0,Secundaria,4.70002571700077,18-29
P02091,Orellana,Amazonía,Rural,Mujer,20,13.0,35.0,755.0,0,Superior,6.626717749249025,18-29
P02092,El Oro,Costa,Urbana,Hombre,58,19.0,51.0,1525.79,1,Posgrado,7.330267587695735,45-65
P02093,Los Ríos,Costa,Urbana,Hombre,25,16.0,30.0,743.18,0,Superior,6.61093827648091,18-29
P02094,Manabí,Costa,Urbana,Mujer,45,11.0,32.0,393.66,1,Secundaria,5.975487592584841,45-65
P02095,Pichincha,Sierra,Rural,Hombre,36,8.0,31.0,267.46,0,Secundaria,5.58897002244465,30-44
P02097,Guayas,Costa,Urbana,Hombre,23,6.0,45.0,635.51,1,Primaria,6.454427826146932,18-29
P02098,Pichincha,Sierra,Urbana,Mujer,19,8.0,47.0,176.99,0,Secundaria,5.176093233802662,18-29
P02099,Manabí,Costa,Urbana,Hombre,25,17.0,33.0,1339.18,0,Posgrado,7.199812765334565,18-29
P02100,Pichincha,Sierra,Urbana,Hombre,45,12.0,53.0,765.22,1,Secundaria,6.640163374182191,45-65
P02101,Guayas,Costa,Urbana,Mujer,48,12.0,41.0,315.95,0,Secundaria,5.755583973219464,45-65
P02102,Manabí,Costa,Urbana,Hombre,45,15.0,44.0,1182.54,1,Superior,7.075419946432458,45-65
P02103,Pichincha,Sierra,Urbana,Mujer,28,7.0,45.0,230.49,0,Secundaria,5.440207477547653,18-29
P02104,Chimborazo,Sierra,Urbana,Hombre,31,18.0,50.0,1948.42,1,Posgrado,7.574774066712388,30-44
P02105,Guayas,Costa,Urbana,Mujer,62,10.0,46.0,1234.71,1,Secundaria,7.1185914036742926,45-65
P02106,Manabí,Costa,Urbana,Mujer,47,11.0,28.0,915.26,0,Secundaria,6.819208177917167,45-65
P02107,Tungurahua,Sierra,Rural,Mujer,46,8.0,47.0,339.03,0,Secundaria,5.826088599040169,45-65
P02108,Guayas,Costa,Urbana,Mujer,18,9.0,42.0,223.06,0,Secundaria,5.407440793566391,18-29
P02109,Sucumbíos,Amazonía,Rural,Hombre,47,17.0,61.0,591.53,0,Posgrado,6.382712400644558,45-65
P02110,Los Ríos,Costa,Urbana,Hombre,53,18.0,50.0,496.87,1,Posgrado,6.208328422464883,45-65
P02111,Tungurahua,Sierra,Rural,Mujer,23,6.0,54.0,304.43,0,Primaria,5.718441175664861,18-29
P02112,Manabí,Costa,Urbana,Hombre,38,14.0,38.0,440.25,0,Superior,6.087342747376315,30-44
P02113,Los Ríos,Costa,Rural,Mujer,51,16.0,35.0,488.34,0,Superior,6.191011884567005,45-65
P02114,Pichincha,Sierra,Urbana,Mujer,49,11.0,56.0,791.48,1,Secundaria,6.6739046105242394,45-65
P02115,Chimborazo,Sierra,Urbana,Mujer,57,7.0,32.0,227.41,0,Secundaria,5.426754555723338,45-65
P02116,Guayas,Costa,Urbana,Mujer,37,12.0,49.0,288.48,0,Secundaria,5.664625759455007,30-44
P02117,Pichincha,Sierra,Urbana,Hombre,28,9.0,30.0,796.56,0,Secundaria,6.680302456079829,18-29
P02118,Guayas,Costa,Rural,Hombre,23,5.0,45.0,181.35,0,Primaria,5.200428865728911,18-29
P02119,Guayas,Costa,Rural,Mujer,61,11.0,40.0,610.59,1,Secundaria,6.414425702832897,45-65
P02120,Galápagos,Insular,Rural,Hombre,30,10.0,53.0,583.16,1,Secundaria,6.368461591236621,30-44
P02121,Guayas,Costa,Rural,Mujer,39,4.0,58.0,212.2,0,Primaria,5.357529226179882,30-44
P02122,Guayas,Costa,Urbana,Hombre,33,11.0,29.0,327.74,0,Secundaria,5.792220611118078,30-44
P02123,Esmeraldas,Costa,Urbana,Mujer,65,8.0,33.0,537.39,1,Secundaria,6.28672408789512,45-65
P02124,Los Ríos,Costa,Urbana,Mujer,61,12.0,51.0,1019.22,1,Secundaria,6.926792907859275,45-65
P02125,Azuay,Sierra,Rural,Hombre,64,7.0,48.0,371.75,0,Secundaria,5.918221585340264,45-65
P02126,Chimborazo,Sierra,Urbana,Hombre,63,16.0,58.0,732.74,1,Superior,6.596790932278498,45-65
P02127,Pichincha,Sierra,Rural,Mujer,63,12.0,59.0,833.95,1,Secundaria,6.726173448523182,45-65
P02128,Loja,Sierra,Urbana,Hombre,48,15.0,32.0,793.35,0,Superior,6.676264486180099,45-65
P02129,Pichincha,Sierra,Urbana,Hombre,65,11.0,39.0,492.74,1,Secundaria,6.199981651560028,45-65
P02130,Pichincha,Sierra,Urbana,Hombre,30,16.0,33.0,1291.74,0,Superior,7.1637454257012925,30-44
P02131,Morona Santiago,Amazonía,Urbana,Hombre,58,19.0,36.0,1056.35,0,Posgrado,6.962574848746244,45-65
P02132,Morona Santiago,Amazonía,Urbana,Hombre,45,17.0,38.0,1173.57,1,Posgrado,7.06780566412986,45-65
P02133,El Oro,Costa,Urbana,Mujer,52,17.0,48.0,915.04,1,Posgrado,6.818967780167006,45-65
P02134,Azuay,Sierra,Rural,Hombre,29,9.0,46.0,712.57,1,Secundaria,6.568878152931057,18-29
P02135,Chimborazo,Sierra,Rural,Hombre,26,11.0,30.0,444.52,0,Secundaria,6.096995048317446,18-29
P02136,Guayas,Costa,Rural,Hombre,60,15.0,58.0,933.02,1,Superior,6.838426636844815,45-65
P02137,Manabí,Costa,Rural,Hombre,25,8.0,32.0,317.66,0,Secundaria,5.760981628407009,18-29
P02138,Pichincha,Sierra,Urbana,Mujer,27,11.0,34.0,1154.42,0,Secundaria,7.05135333232691,18-29
P02139,Manabí,Costa,Rural,Mujer,56,6.0,40.0,345.36,0,Primaria,5.844587351247222,45-65
P02140,Pichincha,Sierra,Urbana,Hombre,34,17.0,45.0,908.13,1,Posgrado,6.811387540159356,30-44
P02141,Guayas,Costa,Rural,Hombre,34,19.0,40.0,1149.66,1,Posgrado,7.047221525469663,30-44
P02142,Guayas,Costa,Rural,Hombre,24,8.0,44.0,164.62,0,Secundaria,5.103639787544498,18-29
P02143,Loja,Sierra,Rural,Hombre,33,12.0,45.0,572.31,1,Secundaria,6.349680802615536,30-44
P02144,Tungurahua,Sierra,Urbana,Mujer,23,17.0,51.0,1171.78,1,Posgrado,7.066279239206029,18-29
P02145,Esmeraldas,Costa,Urbana,Hombre,39,15.0,29.0,1021.22,0,Superior,6.928753269977743,30-44
P02146,Chimborazo,Sierra,Rural,Hombre,65,11.0,48.0,874.37,1,Secundaria,6.773503627033131,45-65
P02147,Pichincha,Sierra,Rural,Hombre,28,14.0,38.0,1271.05,0,Superior,7.14759860951876,18-29
P02148,Morona Santiago,Amazonía,Rural,Hombre,28,10.0,40.0,232.21,0,Secundaria,5.4476421346586,18-29
P02149,Esmeraldas,Costa,Urbana,Mujer,28,11.0,36.0,667.14,0,Secundaria,6.502999918943213,18-29
P02150,Guayas,Costa,Urbana,Hombre,40,8.0,23.0,1532.34,0,Secundaria,7.33455125779213,30-44
P02151,Manabí,Costa,Urbana,Hombre,19,12.0,39.0,529.32,0,Secundaria,6.271593163904849,18-29
P02152,Pichincha,Sierra,Urbana,Mujer,48,9.0,50.0,366.67,0,Secundaria,5.904462260986121,45-65
P02153,Guayas,Costa,Rural,Mujer,50,11.0,52.0,595.02,1,Secundaria,6.388595018426089,45-65
P02154,Guayas,Costa,Rural,Hombre,53,11.0,47.0,1675.13,1,Secundaria,7.423646053187815,45-65
P02155,Manabí,Costa,Urbana,Hombre,37,17.0,34.0,295.05,0,Posgrado,5.687144833503178,30-44
P02156,Pichincha,Sierra,Urbana,Mujer,22,7.0,38.0,557.1,0,Secundaria,6.322744757026769,18-29
P02157,Morona Santiago,Amazonía,Urbana,Mujer,23,14.0,24.0,219.47,0,Superior,5.391215548914767,18-29
P02158,Sucumbíos,Amazonía,Urbana,Hombre,55,19.0,41.0,802.65,1,Posgrado,6.687918753425423,45-65
P02159,Guayas,Costa,Rural,Mujer,54,15.0,43.0,591.72,1,Superior,6.383033550024035,45-65
P02160,Esmeraldas,Costa,Rural,Hombre,23,8.0,51.0,209.28,0,Secundaria,5.343673068268834,18-29
P02161,Manabí,Costa,Rural,Hombre,35,9.0,40.0,532.3,1,Secundaria,6.277207240178711,30-44
P02162,Guayas,Costa,Urbana,Mujer,56,12.0,50.0,326.16,0,Secundaria,5.787388058510998,45-65
P02163,Manabí,Costa,Urbana,Mujer,52,14.0,54.0,437.41,0,Superior,6.080870970349869,45-65
P02164,Pichincha,Sierra,Urbana,Hombre,18,12.0,50.0,989.5,1,Secundaria,6.89719976504262,18-29
P02165,El Oro,Costa,Rural,Hombre,25,12.0,46.0,1093.29,1,Secundaria,6.996946777778285,18-29
P02167,Pichincha,Sierra,Urbana,Mujer,18,8.0,24.0,414.3,0,Secundaria,6.026590349083357,18-29
P02168,Pichincha,Sierra,Urbana,Hombre,49,16.0,25.0,957.17,0,Superior,6.863981014130613,45-65
P02169,Guayas,Costa,Urbana,Mujer,43,8.0,19.0,478.77,0,Secundaria,6.171220315079204,30-44
P02170,Pichincha,Sierra,Urbana,Hombre,63,11.0,43.0,749.98,1,Secundaria,6.620046539508127,45-65
P02171,Pichincha,Sierra,Urbana,Mujer,40,11.0,38.0,630.48,0,Secundaria,6.446481434045394,30-44
P02172,Loja,Sierra,Urbana,Hombre,37,19.0,53.0,2017.3,0,Posgrado,7.609515262640305,30-44
P02173,Guayas,Costa,Urbana,Hombre,65,12.0,52.0,1411.0,1,Secundaria,7.252053951852814,45-65
P02174,Loja,Sierra,Urbana,Hombre,60,11.0,44.0,364.03,0,Secundaria,5.897236281823016,45-65
P02175,Guayas,Costa,Urbana,Hombre,29,15.0,27.0,403.25,0,Superior,5.999556717005318,18-29
P02176,Azuay,Sierra,Urbana,Mujer,47,12.0,46.0,219.83,0,Secundaria,5.392854520372025,45-65
P02177,Loja,Sierra,Urbana,Hombre,44,9.0,20.0,863.85,0,Secundaria,6.761399142620791,30-44
P02178,Sucumbíos,Amazonía,Rural,Hombre,44,9.0,33.0,387.55,0,Secundaria,5.959844872727521,30-44
P02179,Azuay,Sierra,Urbana,Hombre,48,17.0,46.0,894.38,1,Posgrado,6.796130740791245,45-65
P02180,Guayas,Costa,Urbana,Mujer,64,7.0,48.0,359.36,0,Secundaria,5.884324671550078,45-65
P02181,Tungurahua,Sierra,Rural,Hombre,48,9.0,49.0,445.7,0,Secundaria,6.09964607995251,45-65
P02182,Guayas,Costa,Urbana,Hombre,52,11.0,46.0,1007.26,1,Secundaria,6.914989052044016,45-65
P02183,Guayas,Costa,Rural,Hombre,33,7.0,23.0,277.34,0,Secundaria,5.625244190325718,30-44
P02184,Pichincha,Sierra,Urbana,Hombre,26,13.0,33.0,1658.48,0,Superior,7.4136567992248565,18-29
P02185,Guayas,Costa,Urbana,Hombre,24,17.0,40.0,1854.93,1,Posgrado,7.525602238480464,18-29
P02186,Manabí,Costa,Rural,Hombre,53,13.0,24.0,775.92,0,Superior,6.654049422085287,45-65
P02187,El Oro,Costa,Urbana,Hombre,22,12.0,43.0,446.18,0,Secundaria,6.100722458044504,18-29
P02188,Orellana,Amazonía,Rural,Mujer,43,7.0,35.0,290.95,1,Secundaria,5.673151431102679,30-44
P02189,Guayas,Costa,Urbana,Mujer,31,17.0,53.0,1055.39,1,Posgrado,6.96166564584614,30-44
P02190,Loja,Sierra,Rural,Mujer,44,12.0,37.0,676.28,0,Secundaria,6.516607191468766,30-44
P02191,El Oro,Costa,Urbana,Hombre,58,17.0,51.0,1401.97,1,Posgrado,7.245633669362742,45-65
P02192,Orellana,Amazonía,Rural,Mujer,62,10.0,66.0,551.84,1,Secundaria,6.313258149188531,45-65
P02193,Morona Santiago,Amazonía,Rural,Mujer,54,12.0,40.0,553.87,1,Secundaria,6.3169300021713015,45-65
P02194,Azuay,Sierra,Rural,Hombre,39,9.0,41.0,816.83,1,Secundaria,6.705430994873329,30-44
P02195,Guayas,Costa,Urbana,Mujer,42,22.0,52.0,1163.22,1,Posgrado,7.058947300579171,30-44
P02196,Esmeraldas,Costa,Rural,Hombre,52,8.0,28.0,310.38,1,Secundaria,5.7377973532434785,45-65
P02197,Pichincha,Sierra,Rural,Hombre,41,12.0,61.0,785.5,1,Secundaria,6.666320457695676,30-44
P02198,Loja,Sierra,Urbana,Hombre,31,8.0,28.0,365.9,0,Secundaria,5.902360072025161,30-44
P02199,Esmeraldas,Costa,Urbana,Hombre,62,16.0,36.0,721.18,1,Superior,6.580888759386122,45-65
P02200,Chimborazo,Sierra,Urbana,Mujer,26,15.0,45.0,650.52,1,Superior,6.477772043060247,18-29
P02201,Pichincha,Sierra,Urbana,Hombre,63,9.0,33.0,490.06,0,Secundaria,6.194527832587999,45-65
P02202,El Oro,Costa,Urbana,Hombre,39,14.0,48.0,931.5,1,Superior,6.836796190041643,30-44
P02203,Guayas,Costa,Urbana,Hombre,35,11.0,51.0,764.48,1,Secundaria,6.639195864137445,30-44
P02204,Pichincha,Sierra,Rural,Mujer,39,8.0,43.0,391.42,0,Secundaria,5.969781152276823,30-44
P02205,Los Ríos,Costa,Urbana,Hombre,65,16.0,48.0,1149.22,1,Superior,7.046838730364765,45-65
P02206,Guayas,Costa,Urbana,Hombre,18,11.0,41.0,562.46,1,Secundaria,6.332320020438949,18-29
P02207,Manabí,Costa,Rural,Mujer,65,15.0,47.0,695.6,1,Superior,6.544774782480128,45-65
P02208,Guayas,Costa,Urbana,Mujer,54,13.0,26.0,494.31,0,Superior,6.20316285073745,45-65
P02209,Guayas,Costa,Urbana,Hombre,21,15.0,51.0,610.95,1,Superior,6.415015122762531,18-29
P02210,Los Ríos,Costa,Urbana,Hombre,53,10.0,47.0,429.99,0,Secundaria,6.063761952603234,45-65
P02211,Esmeraldas,Costa,Rural,Mujer,19,11.0,32.0,283.64,0,Secundaria,5.647705828435796,18-29
P02212,Pichincha,Sierra,Urbana,Hombre,31,18.0,20.0,1039.2,0,Posgrado,6.94620646535639,30-44
P02213,Manabí,Costa,Urbana,Hombre,48,13.0,33.0,661.04,0,Superior,6.493814352392929,45-65
P02214,Pichincha,Sierra,Rural,Hombre,50,6.0,48.0,366.57,0,Primaria,5.904189498996541,45-65
P02215,Pichincha,Sierra,Rural,Hombre,61,11.0,25.0,426.03,0,Secundaria,6.054509766325031,45-65
P02216,Pichincha,Sierra,Rural,Hombre,33,8.0,20.0,306.01,0,Secundaria,5.723617781156972,30-44
P02217,Los Ríos,Costa,Urbana,Hombre,22,12.0,38.0,549.77,0,Secundaria,6.309500008945934,18-29
P02218,Los Ríos,Costa,Urbana,Mujer,47,11.0,26.0,398.25,0,Secundaria,5.987079948790158,45-65
P02219,Azuay,Sierra,Rural,Hombre,63,8.0,35.0,233.53,0,Secundaria,5.453310548513535,45-65
P02220,Pichincha,Sierra,Rural,Hombre,34,10.0,37.0,273.98,0,Secundaria,5.613055111023243,30-44
P02221,Pichincha,Sierra,Urbana,Hombre,34,11.0,37.0,375.5,0,Secundaria,5.928258471204189,30-44
P02222,Pichincha,Sierra,Urbana,Mujer,65,15.0,33.0,1215.32,0,Superior,7.102762695583274,45-65
P02223,Sucumbíos,Amazonía,Urbana,Hombre,20,10.0,43.0,808.36,1,Secundaria,6.695007503850047,18-29
P02224,Guayas,Costa,Urbana,Mujer,18,14.0,36.0,437.21,0,Superior,6.080413628867886,18-29
P02225,Pichincha,Sierra,Urbana,Hombre,20,11.0,29.0,237.85,0,Secundaria,5.471640222878291,18-29
P02226,Sucumbíos,Amazonía,Rural,Hombre,50,12.0,32.0,469.5,0,Secundaria,6.1516682986483175,45-65
P02227,Sucumbíos,Amazonía,Urbana,Mujer,51,15.0,47.0,425.35,0,Superior,6.052912359421893,45-65
P02228,Guayas,Costa,Urbana,Hombre,35,16.0,49.0,480.21,1,Superior,6.174223508226715,30-44
P02229,Guayas,Costa,Urbana,Mujer,46,18.0,38.0,362.05,0,Posgrado,5.89178232383483,45-65
P02230,Guayas,Costa,Urbana,Mujer,37,11.0,52.0,761.32,1,Secundaria,6.635053768819583,30-44
P02231,Manabí,Costa,Urbana,Mujer,19,7.0,47.0,283.44,0,Secundaria,5.647000460557217,18-29
P02232,Guayas,Costa,Urbana,Hombre,18,19.0,44.0,970.99,1,Posgrado,6.878316169577119,18-29
P02233,Guayas,Costa,Rural,Hombre,26,12.0,47.0,1165.17,1,Secundaria,7.060622278100894,18-29
P02234,Sucumbíos,Amazonía,Rural,Mujer,59,6.0,45.0,136.17,0,Primaria,4.913904105136484,45-65
P02235,Pichincha,Sierra,Urbana,Mujer,19,12.0,46.0,390.39,0,Secundaria,5.967146239456776,18-29
P02236,Pichincha,Sierra,Urbana,Mujer,60,10.0,36.0,670.42,0,Secundaria,6.507904381658441,45-65
P02237,Pichincha,Sierra,Rural,Hombre,59,15.0,59.0,1180.56,1,Superior,7.073744181155194,45-65
P02238,Pichincha,Sierra,Urbana,Mujer,62,12.0,19.0,800.01,0,Secundaria,6.684624227589803,45-65
P02239,Pichincha,Sierra,Urbana,Hombre,44,16.0,39.0,509.18,0,Superior,6.232801588614156,30-44
P02240,Sucumbíos,Amazonía,Rural,Hombre,39,12.0,37.0,1132.89,0,Secundaria,7.032527168936081,30-44
P02241,Orellana,Amazonía,Rural,Hombre,28,7.0,38.0,91.57,0,Secundaria,4.517103707119641,18-29
P02242,Morona Santiago,Amazonía,Rural,Mujer,55,10.0,38.0,397.7,0,Secundaria,5.985697952213645,45-65
P02243,Guayas,Costa,Urbana,Hombre,19,18.0,47.0,1055.99,1,Posgrado,6.962233994524399,18-29
P02245,Sucumbíos,Amazonía,Urbana,Hombre,54,9.0,46.0,471.12,1,Secundaria,6.155112838636315,45-65
P02246,Guayas,Costa,Urbana,Hombre,33,20.0,64.0,2223.83,1,Posgrado,7.706986213599954,30-44
P02247,Manabí,Costa,Urbana,Mujer,48,14.0,48.0,1126.99,1,Superior,7.027305640885947,45-65
P02248,El Oro,Costa,Rural,Mujer,43,5.0,44.0,273.44,0,Primaria,5.6110822193672805,30-44
P02249,Pichincha,Sierra,Urbana,Hombre,50,17.0,46.0,1246.84,1,Posgrado,7.128367629508815,45-65
P02250,Los Ríos,Costa,Rural,Hombre,52,7.0,42.0,314.64,0,Secundaria,5.751429128123554,45-65
P02251,El Oro,Costa,Urbana,Mujer,40,7.0,42.0,487.19,1,Secundaria,6.1886541907334776,30-44
P02252,Guayas,Costa,Urbana,Hombre,59,11.0,35.0,574.46,0,Secundaria,6.353430469103293,45-65
P02253,Loja,Sierra,Urbana,Mujer,28,9.0,43.0,328.61,0,Secundaria,5.794871637276455,18-29
P02254,Azuay,Sierra,Urbana,Mujer,54,19.0,51.0,1583.68,1,Posgrado,7.367506531763521,45-65
P02255,Pichincha,Sierra,Urbana,Hombre,32,14.0,59.0,734.13,1,Superior,6.598686124648708,30-44
P02256,Guayas,Costa,Urbana,Hombre,45,12.0,37.0,252.87,0,Secundaria,5.5328755226775,45-65
P02257,Pichincha,Sierra,Urbana,Mujer,39,10.0,42.0,217.72,0,Secundaria,5.383209833565999,30-44
P02258,Guayas,Costa,Rural,Mujer,61,8.0,39.0,247.28,0,Secundaria,5.5105212978238605,45-65
P02260,Pichincha,Sierra,Urbana,Mujer,24,12.0,52.0,863.54,1,Secundaria,6.7610402196175,18-29
P02261,Pichincha,Sierra,Urbana,Hombre,30,17.0,15.0,495.88,0,Posgrado,6.206333961969946,30-44
P02262,Pichincha,Sierra,Urbana,Hombre,29,7.0,37.0,355.26,0,Secundaria,5.87284991577174,18-29
P02263,Loja,Sierra,Urbana,Hombre,35,11.0,44.0,1059.51,1,Secundaria,6.965561816078159,30-44
P02264,Chimborazo,Sierra,Urbana,Hombre,20,8.0,45.0,370.13,0,Secundaria,5.913854295280189,18-29
P02266,Guayas,Costa,Urbana,Mujer,49,12.0,35.0,1204.93,0,Secundaria,7.094176752951085,45-65
P02267,Chimborazo,Sierra,Urbana,Hombre,28,22.0,41.0,479.79,0,Posgrado,6.173348508170889,18-29
P02268,Guayas,Costa,Urbana,Mujer,37,16.0,43.0,913.85,1,Superior,6.8176664442004515,30-44
P02269,El Oro,Costa,Urbana,Hombre,32,12.0,46.0,535.35,1,Secundaria,6.282920738604279,30-44
P02270,Loja,Sierra,Urbana,Hombre,28,19.0,37.0,1229.75,0,Posgrado,7.114566175675449,18-29
P02271,El Oro,Costa,Rural,Hombre,18,13.0,57.0,317.24,0,Superior,5.759658585215119,18-29
P02272,Morona Santiago,Amazonía,Urbana,Mujer,58,16.0,56.0,1234.31,1,Superior,7.118267388475146,45-65
P02274,Pichincha,Sierra,Urbana,Mujer,37,20.0,24.0,1268.14,0,Posgrado,7.145306538997063,30-44
P02275,Morona Santiago,Amazonía,Urbana,Mujer,46,6.0,43.0,475.19,1,Primaria,6.163714724055968,45-65
P02276,Manabí,Costa,Urbana,Mujer,27,11.0,45.0,592.22,1,Secundaria,6.383878187471415,18-29
P02277,Guayas,Costa,Urbana,Mujer,42,12.0,51.0,1148.97,1,Secundaria,7.046621167847318,30-44
P02278,Orellana,Amazonía,Urbana,Mujer,45,13.0,29.0,423.91,0,Superior,6.049521168549791,45-65
P02279,Sucumbíos,Amazonía,Urbana,Mujer,63,8.0,56.0,1047.27,1,Secundaria,6.953942057281454,45-65
P02280,Chimborazo,Sierra,Rural,Mujer,30,2.0,39.0,117.75,0,Primaria,4.768563732896527,30-44
P02281,Pichincha,Sierra,Urbana,Hombre,65,16.0,39.0,711.75,0,Superior,6.567726726158147,45-65
P02282,Guayas,Costa,Urbana,Hombre,27,16.0,51.0,1962.19,1,Superior,7.581816475395848,18-29
P02283,Esmeraldas,Costa,Urbana,Mujer,53,9.0,41.0,738.2,1,Secundaria,6.604214790595898,45-65
P02284,Guayas,Costa,Urbana,Hombre,51,11.0,46.0,406.44,0,Secundaria,6.007436316617681,45-65
P02285,Imbabura,Sierra,Urbana,Mujer,38,5.0,44.0,397.25,0,Primaria,5.984565805416826,30-44
P02286,Esmeraldas,Costa,Urbana,Hombre,65,9.0,42.0,731.79,1,Secundaria,6.595493587555966,45-65
P02287,Tungurahua,Sierra,Urbana,Hombre,40,11.0,41.0,850.02,1,Secundaria,6.745259878619315,30-44
P02288,Guayas,Costa,Urbana,Hombre,37,12.0,40.0,294.77,0,Secundaria,5.68619539122915,30-44
P02289,Imbabura,Sierra,Urbana,Mujer,47,10.0,30.0,294.03,0,Secundaria,5.683681802949198,45-65
P02290,Orellana,Amazonía,Urbana,Mujer,25,14.0,32.0,486.41,0,Superior,6.187051889651146,18-29
P02291,Guayas,Costa,Rural,Hombre,23,13.0,48.0,675.11,1,Superior,6.514875640558472,18-29
P02292,Guayas,Costa,Urbana,Mujer,18,11.0,31.0,370.96,0,Secundaria,5.916094240083205,18-29
P02293,Tungurahua,Sierra,Urbana,Mujer,29,13.0,41.0,661.61,1,Superior,6.494676258468288,18-29
P02294,Guayas,Costa,Urbana,Hombre,54,6.0,51.0,413.3,0,Primaria,6.024173721517687,45-65
P02295,Guayas,Costa,Urbana,Mujer,23,9.0,30.0,462.7,0,Secundaria,6.137078895912954,18-29
P02296,Guayas,Costa,Urbana,Mujer,65,16.0,27.0,397.58,0,Superior,5.985396171706375,45-65
P02297,Esmeraldas,Costa,Rural,Hombre,50,6.0,37.0,398.47,0,Primaria,5.987632213087757,45-65
P02298,Loja,Sierra,Urbana,Hombre,34,11.0,43.0,837.29,1,Secundaria,6.730170485988463,30-44
P02299,Esmeraldas,Costa,Rural,Mujer,53,8.0,41.0,518.73,1,Secundaria,6.2513835165848075,45-65
P02300,Pichincha,Sierra,Urbana,Hombre,27,11.0,36.0,588.05,1,Secundaria,6.376811978297045,18-29
P02301,Pichincha,Sierra,Urbana,Mujer,42,12.0,26.0,469.8,0,Secundaria,6.152307072224812,30-44
P02302,Sucumbíos,Amazonía,Urbana,Hombre,21,8.0,46.0,228.84,1,Secundaria,5.433023069400328,18-29
P02303,El Oro,Costa,Urbana,Hombre,48,15.0,43.0,1563.2,1,Superior,7.354490281288518,45-65
P02304,Orellana,Amazonía,Rural,Hombre,37,14.0,35.0,763.28,0,Superior,6.637624936443591,30-44
P02305,Guayas,Costa,Urbana,Hombre,31,11.0,34.0,372.21,0,Secundaria,5.9194582111228895,30-44
P02306,Guayas,Costa,Urbana,Mujer,36,13.0,67.0,995.51,1,Superior,6.903255168657213,30-44
P02307,Tungurahua,Sierra,Rural,Mujer,62,10.0,45.0,664.61,1,Secundaria,6.499200402451892,45-65
P02308,Guayas,Costa,Urbana,Mujer,41,14.0,42.0,341.85,0,Superior,5.834372044359803,30-44
P02309,Guayas,Costa,Rural,Hombre,38,9.0,35.0,271.46,0,Secundaria,5.603814798869819,30-44
P02310,Guayas,Costa,Urbana,Mujer,30,20.0,67.0,975.24,1,Posgrado,6.8826835945531135,30-44
P02312,Manabí,Costa,Urbana,Hombre,51,10.0,30.0,1576.06,0,Secundaria,7.36268334075913,45-65
P02313,Manabí,Costa,Urbana,Mujer,29,8.0,49.0,812.36,1,Secundaria,6.699943591664909,18-29
P02314,Azuay,Sierra,Rural,Hombre,27,15.0,32.0,801.62,0,Superior,6.686634680119152,18-29
P02315,Orellana,Amazonía,Rural,Mujer,18,8.0,38.0,227.59,0,Secundaria,5.4275457645558225,18-29
P02316,Galápagos,Insular,Rural,Hombre,49,5.0,54.0,432.93,0,Primaria,6.070576052116096,45-65
P02317,Manabí,Costa,Urbana,Hombre,46,17.0,48.0,718.83,1,Posgrado,6.577624890265517,45-65
P02318,Manabí,Costa,Urbana,Hombre,21,8.0,37.0,332.62,0,Secundaria,5.807000697241994,18-29
P02319,Pichincha,Sierra,Urbana,Hombre,65,11.0,55.0,541.33,1,Secundaria,6.294029074399087,45-65
P02320,Los Ríos,Costa,Urbana,Hombre,19,8.0,48.0,722.48,1,Secundaria,6.582689737942544,18-29
P02321,Imbabura,Sierra,Urbana,Mujer,42,12.0,32.0,1098.21,0,Secundaria,7.001436860612821,30-44
P02322,Pichincha,Sierra,Urbana,Hombre,19,14.0,28.0,1108.28,0,Superior,7.010564542963274,18-29
P02323,Pichincha,Sierra,Urbana,Hombre,25,12.0,49.0,1879.03,1,Secundaria,7.53851096522534,18-29
P02324,Pichincha,Sierra,Rural,Hombre,38,7.0,54.0,540.56,1,Secundaria,6.292605639243919,30-44
P02325,Guayas,Costa,Urbana,Mujer,61,13.0,47.0,1819.58,1,Superior,7.506360984208755,45-65
P02326,Manabí,Costa,Rural,Hombre,36,13.0,36.0,794.53,0,Superior,6.677750744861126,30-44
P02327,Pichincha,Sierra,Urbana,Hombre,39,17.0,32.0,1277.9,0,Posgrado,7.152973384614658,30-44
P02328,Orellana,Amazonía,Rural,Mujer,53,11.0,27.0,336.57,0,Secundaria,5.818806151224983,45-65
P02329,Pichincha,Sierra,Rural,Hombre,64,3.0,44.0,384.14,0,Primaria,5.951007069476706,45-65
P02330,Pichincha,Sierra,Urbana,Mujer,22,15.0,42.0,418.34,0,Superior,6.036294499025773,18-29
P02331,Los Ríos,Costa,Rural,Mujer,30,12.0,33.0,411.63,0,Secundaria,6.0201248876011935,30-44
P02332,Tungurahua,Sierra,Urbana,Mujer,61,13.0,39.0,572.88,0,Superior,6.350676270698684,45-65
P02333,Esmeraldas,Costa,Urbana,Hombre,59,10.0,47.0,776.71,1,Secundaria,6.655067050326626,45-65
P02334,Sucumbíos,Amazonía,Rural,Mujer,41,8.0,39.0,435.28,1,Secundaria,6.07598950217767,30-44
P02335,Morona Santiago,Amazonía,Urbana,Hombre,18,16.0,38.0,888.65,0,Superior,6.789703457206,18-29
P02336,El Oro,Costa,Rural,Mujer,50,12.0,46.0,611.77,1,Secundaria,6.416356394881958,45-65
P02337,Manabí,Costa,Urbana,Mujer,22,11.0,20.0,353.58,0,Secundaria,5.868109768077877,18-29
P02338,Pichincha,Sierra,Urbana,Mujer,22,8.0,43.0,87.18,0,Secundaria,4.467974946810247,18-29
P02339,Azuay,Sierra,Urbana,Mujer,36,16.0,40.0,1443.35,1,Superior,7.2747220796058665,30-44
P02340,Guayas,Costa,Urbana,Hombre,49,9.0,49.0,288.95,0,Secundaria,5.666253662763787,45-65
P02341,Pichincha,Sierra,Urbana,Hombre,39,16.0,35.0,1323.42,0,Superior,7.187974574052552,30-44
P02342,El Oro,Costa,Urbana,Mujer,36,11.0,35.0,568.08,0,Secundaria,6.342262253873838,30-44
P02343,Pichincha,Sierra,Urbana,Mujer,39,11.0,25.0,592.07,0,Secundaria,6.383624871137068,30-44
P02344,El Oro,Costa,Rural,Hombre,42,13.0,42.0,677.25,0,Superior,6.518040480965205,30-44
P02345,Morona Santiago,Amazonía,Urbana,Mujer,60,12.0,35.0,746.29,0,Secundaria,6.6151142646103445,45-65
P02346,Guayas,Costa,Urbana,Mujer,39,11.0,38.0,821.7,0,Secundaria,6.711375364937142,30-44
P02348,Pichincha,Sierra,Rural,Hombre,61,9.0,47.0,363.46,0,Secundaria,5.895669249653115,45-65
P02349,Guayas,Costa,Urbana,Hombre,52,5.0,36.0,595.98,0,Primaria,6.39020710945532,45-65
P02350,Pichincha,Sierra,Urbana,Mujer,29,15.0,34.0,378.85,0,Superior,5.937140348377382,18-29
P02351,Guayas,Costa,Rural,Mujer,57,11.0,46.0,959.57,1,Secundaria,6.86648526745058,45-65
P02352,Pichincha,Sierra,Urbana,Hombre,55,9.0,56.0,1161.13,1,Secundaria,7.057148947867,45-65
P02353,Azuay,Sierra,Rural,Hombre,59,6.0,56.0,174.13,0,Primaria,5.159802146691291,45-65
P02354,Los Ríos,Costa,Urbana,Hombre,25,8.0,25.0,737.23,0,Secundaria,6.602899919487474,18-29
P02355,Loja,Sierra,Urbana,Mujer,41,12.0,34.0,775.31,0,Secundaria,6.653262949374674,30-44
P02356,Morona Santiago,Amazonía,Rural,Mujer,23,11.0,31.0,165.72,0,Secundaria,5.1102996172092015,18-29
P02357,Sucumbíos,Amazonía,Rural,Mujer,30,15.0,33.0,299.25,0,Superior,5.701279344438083,30-44
P02358,Imbabura,Sierra,Rural,Mujer,18,14.0,37.0,344.85,0,Superior,5.8431095398773,18-29
P02360,Manabí,Costa,Urbana,Hombre,36,10.0,49.0,347.8,0,Secundaria,5.851627601920183,30-44
P02361,Pichincha,Sierra,Urbana,Mujer,53,15.0,49.0,242.64,0,Superior,5.491578863380326,45-65
P02362,Los Ríos,Costa,Urbana,Mujer,23,16.0,35.0,746.44,0,Superior,6.615315238665271,18-29
P02363,El Oro,Costa,Urbana,Hombre,57,10.0,51.0,217.14,0,Secundaria,5.380542306803706,45-65
P02364,Orellana,Amazonía,Urbana,Hombre,61,13.0,34.0,436.14,0,Superior,6.077963292724599,45-65
P02365,Pichincha,Sierra,Rural,Hombre,24,12.0,42.0,455.97,0,Secundaria,6.12242701787648,18-29
P02367,Pichincha,Sierra,Urbana,Hombre,62,4.0,36.0,308.32,0,Primaria,5.731138204666056,45-65
P02368,Pichincha,Sierra,Urbana,Mujer,52,13.0,39.0,858.62,0,Superior,6.755326449253151,45-65
P02369,El Oro,Costa,Rural,Hombre,21,4.0,32.0,94.11,0,Primaria,4.544464310870697,18-29
P02370,Guayas,Costa,Rural,Hombre,38,8.0,49.0,477.1,1,Secundaria,6.167726112522061,30-44
P02371,Manabí,Costa,Urbana,Hombre,61,14.0,29.0,1611.38,0,Superior,7.38484623369849,45-65
P02372,Guayas,Costa,Rural,Mujer,29,8.0,47.0,255.85,0,Secundaria,5.544591335251101,18-29
P02374,Esmeraldas,Costa,Urbana,Mujer,63,11.0,54.0,784.85,1,Secundaria,6.665492616721216,45-65
P02375,Los Ríos,Costa,Urbana,Hombre,25,16.0,31.0,450.87,0,Superior,6.111179049614113,18-29
P02376,Guayas,Costa,Urbana,Mujer,26,12.0,20.0,369.09,0,Secundaria,5.911040516740187,18-29
P02377,Guayas,Costa,Urbana,Hombre,36,13.0,45.0,369.38,0,Superior,5.911825924447765,30-44
P02378,Los Ríos,Costa,Rural,Mujer,63,8.0,18.0,425.08,0,Secundaria,6.052277386504494,45-65
P02379,Azuay,Sierra,Urbana,Mujer,65,18.0,42.0,729.75,1,Posgrado,6.592702009734224,45-65
P02380,Imbabura,Sierra,Urbana,Mujer,61,14.0,56.0,506.45,1,Superior,6.227425602132806,45-65
P02381,Sucumbíos,Amazonía,Rural,Mujer,26,17.0,38.0,609.58,0,Posgrado,6.41277019543528,18-29
P02382,Esmeraldas,Costa,Urbana,Hombre,41,18.0,55.0,2290.87,1,Posgrado,7.736686937063498,30-44
P02383,El Oro,Costa,Urbana,Mujer,45,15.0,55.0,1754.95,1,Superior,7.470195645465628,45-65
P02384,Los Ríos,Costa,Rural,Hombre,65,15.0,37.0,341.3,0,Superior,5.832761855912661,45-65
P02385,Pichincha,Sierra,Urbana,Hombre,32,8.0,37.0,689.37,0,Secundaria,6.535778137034955,30-44
P02386,Esmeraldas,Costa,Urbana,Hombre,48,11.0,39.0,1083.35,0,Secundaria,6.987813371152716,45-65
P02387,Guayas,Costa,Urbana,Hombre,58,9.0,56.0,1821.72,1,Secundaria,7.507536388732624,45-65
P02388,Guayas,Costa,Urbana,Mujer,19,13.0,34.0,1047.78,0,Superior,6.954428919179809,18-29
P02389,El Oro,Costa,Urbana,Mujer,63,12.0,42.0,927.08,1,Secundaria,6.8320398617343585,45-65
P02390,Guayas,Costa,Rural,Hombre,30,6.0,43.0,301.74,0,Primaria,5.709565719411929,30-44
P02391,Esmeraldas,Costa,Urbana,Mujer,36,14.0,52.0,745.81,1,Superior,6.614470876075316,30-44
P02392,El Oro,Costa,Rural,Mujer,49,11.0,41.0,441.4,0,Secundaria,6.089951493822636,45-65
P02393,Orellana,Amazonía,Rural,Mujer,55,13.0,36.0,275.87,1,Superior,5.619929740262226,45-65
P02395,Imbabura,Sierra,Urbana,Hombre,62,10.0,40.0,471.17,1,Secundaria,6.155218963077935,45-65
P02396,Pichincha,Sierra,Urbana,Mujer,45,13.0,46.0,648.84,1,Superior,6.475186153181914,45-65
P02397,Pichincha,Sierra,Urbana,Hombre,63,17.0,34.0,1038.61,1,Posgrado,6.9456385597097166,45-65
P02398,Manabí,Costa,Rural,Hombre,31,15.0,20.0,704.69,0,Superior,6.557757989796645,30-44
P02399,Sucumbíos,Amazonía,Urbana,Mujer,38,17.0,40.0,1030.87,1,Posgrado,6.938158384893182,30-44
P02400,Azuay,Sierra,Urbana,Hombre,58,13.0,34.0,416.13,0,Superior,6.030997711443308,45-65
P02401,Manabí,Costa,Urbana,Mujer,54,15.0,41.0,999.16,1,Superior,6.906914925984444,45-65
P02402,Orellana,Amazonía,Urbana,Mujer,22,20.0,38.0,731.55,0,Posgrado,6.595165570824172,18-29
P02403,Guayas,Costa,Urbana,Hombre,37,15.0,47.0,772.96,1,Superior,6.650227300806097,30-44
P02404,Esmeraldas,Costa,Urbana,Mujer,20,9.0,41.0,316.5,0,Secundaria,5.757323241584231,18-29
P02405,Los Ríos,Costa,Urbana,Hombre,50,14.0,28.0,548.33,0,Superior,6.3068772954855294,45-65
P02406,Tungurahua,Sierra,Urbana,Hombre,61,16.0,41.0,661.4,1,Superior,6.494358800547692,45-65
P02407,Guayas,Costa,Urbana,Mujer,64,9.0,42.0,497.96,1,Secundaria,6.210519752513585,45-65
P02408,Chimborazo,Sierra,Urbana,Hombre,64,17.0,38.0,647.46,0,Posgrado,6.473057015603698,45-65
P02409,Morona Santiago,Amazonía,Rural,Mujer,36,12.0,18.0,491.58,0,Secundaria,6.197624693381778,30-44
P02410,Guayas,Costa,Urbana,Mujer,44,9.0,31.0,263.5,0,Secundaria,5.574053367981417,30-44
P02411,Guayas,Costa,Urbana,Hombre,24,12.0,36.0,918.71,0,Secundaria,6.8229705121643,18-29
P02412,Loja,Sierra,Urbana,Hombre,35,10.0,60.0,444.26,0,Secundaria,6.096409976629476,30-44
P02413,Manabí,Costa,Urbana,Mujer,33,15.0,30.0,555.58,0,Superior,6.320012613112047,30-44
P02414,Guayas,Costa,Rural,Mujer,22,20.0,41.0,323.03,0,Posgrado,5.7777451981666115,18-29
P02415,Chimborazo,Sierra,Urbana,Hombre,53,12.0,31.0,547.97,1,Secundaria,6.306220540923932,45-65
P02416,Tungurahua,Sierra,Urbana,Mujer,31,17.0,33.0,1133.55,0,Posgrado,7.0331095801348384,30-44
P02417,Azuay,Sierra,Rural,Hombre,59,3.0,33.0,292.11,0,Primaria,5.677130443658775,45-65
P02418,Guayas,Costa,Urbana,Mujer,55,10.0,27.0,479.75,0,Secundaria,6.173265134887809,45-65
P02419,El Oro,Costa,Urbana,Hombre,52,14.0,55.0,828.94,1,Superior,6.720147776158943,45-65
P02420,Guayas,Costa,Urbana,Mujer,49,15.0,57.0,375.7,0,Superior,5.928790952579924,45-65
P02421,El Oro,Costa,Urbana,Hombre,27,13.0,49.0,1219.0,1,Superior,7.105786129481271,18-29
P02422,Pichincha,Sierra,Urbana,Hombre,64,13.0,38.0,617.85,0,Superior,6.4262457095502,45-65
P02423,Guayas,Costa,Urbana,Hombre,50,12.0,52.0,656.6,1,Secundaria,6.487075005067492,45-65
P02427,Imbabura,Sierra,Urbana,Mujer,18,15.0,49.0,876.17,1,Superior,6.775560136035364,18-29
P02428,Loja,Sierra,Urbana,Mujer,21,14.0,46.0,1266.22,1,Superior,7.143791363278284,18-29
P02429,Pichincha,Sierra,Urbana,Hombre,27,7.0,34.0,997.79,0,Secundaria,6.90554283332821,18-29
P02430,Esmeraldas,Costa,Urbana,Mujer,65,11.0,52.0,907.29,1,Secundaria,6.810462134402069,45-65
P02432,Pichincha,Sierra,Urbana,Hombre,56,6.0,43.0,486.73,1,Primaria,6.187709554553491,45-65
P02433,Pichincha,Sierra,Urbana,Hombre,37,18.0,44.0,714.11,1,Posgrado,6.571037012097961,30-44
P02434,El Oro,Costa,Urbana,Hombre,28,13.0,62.0,675.59,1,Superior,6.515586383166314,18-29
P02435,Imbabura,Sierra,Rural,Hombre,56,10.0,29.0,291.39,0,Secundaria,5.674662576082349,45-65
P02437,Sucumbíos,Amazonía,Rural,Mujer,30,9.0,36.0,292.5,0,Secundaria,5.678464666671911,30-44
P02438,Guayas,Costa,Urbana,Hombre,20,11.0,41.0,261.47,0,Secundaria,5.566319554170473,18-29
P02439,Pichincha,Sierra,Rural,Mujer,31,12.0,35.0,251.14,1,Secundaria,5.526010552560818,30-44
P02440,Guayas,Costa,Urbana,Mujer,64,16.0,42.0,431.3,0,Superior,6.066803903653797,45-65
P02441,Pichincha,Sierra,Rural,Mujer,54,14.0,26.0,386.71,0,Superior,5.957675058118561,45-65
P02442,Loja,Sierra,Rural,Hombre,23,13.0,44.0,756.03,0,Superior,6.628081057931884,18-29
P02443,Los Ríos,Costa,Rural,Mujer,19,9.0,36.0,204.67,0,Secundaria,5.321398925991358,18-29
P02445,Guayas,Costa,Urbana,Mujer,56,12.0,30.0,744.26,0,Secundaria,6.612390436150933,45-65
P02446,Azuay,Sierra,Rural,Mujer,39,11.0,50.0,507.87,1,Secundaria,6.230225509317268,30-44
P02447,Tungurahua,Sierra,Urbana,Hombre,20,11.0,50.0,913.54,1,Secundaria,6.817327162489406,18-29
P02448,Pichincha,Sierra,Urbana,Hombre,53,8.0,68.0,174.76,0,Secundaria,5.163413604083235,45-65
P02449,Manabí,Costa,Urbana,Mujer,52,13.0,33.0,455.06,0,Superior,6.120429278388981,45-65
P02450,Guayas,Costa,Urbana,Hombre,65,14.0,26.0,809.3,0,Superior,6.696169676501656,45-65
P02451,Los Ríos,Costa,Urbana,Mujer,63,15.0,52.0,705.87,1,Superior,6.559431084560795,45-65
P02452,Manabí,Costa,Urbana,Mujer,29,15.0,33.0,540.72,1,Superior,6.292901584792099,18-29
P02453,Azuay,Sierra,Urbana,Mujer,42,18.0,48.0,797.53,1,Posgrado,6.681519451506336,30-44
P02454,Manabí,Costa,Rural,Mujer,29,11.0,51.0,682.0,0,Secundaria,6.525029657843462,18-29
P02455,Guayas,Costa,Rural,Mujer,43,11.0,24.0,795.2,0,Secundaria,6.678593655342365,30-44
P02456,Esmeraldas,Costa,Rural,Mujer,42,9.0,58.0,1296.52,1,Secundaria,7.167439031007057,30-44
P02457,Pichincha,Sierra,Urbana,Mujer,34,13.0,40.0,383.45,0,Superior,5.949209234210868,30-44
P02458,Guayas,Costa,Rural,Hombre,48,9.0,50.0,441.32,0,Secundaria,6.0897702358921055,45-65
P02459,Guayas,Costa,Urbana,Hombre,65,2.0,65.0,1231.02,1,Primaria,7.115598373006169,45-65
P02460,Pichincha,Sierra,Urbana,Hombre,52,12.0,64.0,1068.01,1,Secundaria,6.973552382772185,45-65
P02461,Imbabura,Sierra,Urbana,Hombre,51,15.0,33.0,1678.89,0,Superior,7.425888139743716,45-65
P02462,Pichincha,Sierra,Rural,Hombre,63,7.0,49.0,466.4,0,Secundaria,6.1450436350362825,45-65
P02463,El Oro,Costa,Urbana,Hombre,31,11.0,38.0,1281.4,0,Secundaria,7.1557085092049215,30-44
P02464,Loja,Sierra,Urbana,Mujer,38,11.0,33.0,837.58,0,Secundaria,6.730516781525308,30-44
P02465,Guayas,Costa,Rural,Hombre,25,16.0,45.0,1497.84,1,Superior,7.311779349293897,18-29
P02466,Guayas,Costa,Urbana,Hombre,34,12.0,45.0,442.49,0,Secundaria,6.092417865322569,30-44
P02467,Azuay,Sierra,Rural,Mujer,52,10.0,50.0,567.89,1,Secundaria,6.3419277379944194,45-65
P02468,Guayas,Costa,Rural,Mujer,24,8.0,65.0,480.1,1,Secundaria,6.173994415536895,18-29
P02469,Guayas,Costa,Urbana,Hombre,46,11.0,31.0,569.27,0,Secundaria,6.344354838274843,45-65
P02470,Tungurahua,Sierra,Urbana,Hombre,29,12.0,46.0,499.52,1,Secundaria,6.2136476373270675,18-29
P02471,Guayas,Costa,Rural,Mujer,35,16.0,35.0,690.14,0,Superior,6.536894475560903,30-44
P02472,Imbabura,Sierra,Urbana,Mujer,24,14.0,32.0,420.74,0,Superior,6.0420150657058835,18-29
P02473,Guayas,Costa,Urbana,Hombre,50,8.0,55.0,255.17,0,Secundaria,5.541929989701587,45-65
P02474,Esmeraldas,Costa,Urbana,Mujer,24,15.0,41.0,1037.37,1,Superior,6.944443943049182,18-29
P02475,Orellana,Amazonía,Rural,Mujer,44,11.0,49.0,243.99,0,Secundaria,5.497127240846794,30-44
P02476,Loja,Sierra,Urbana,Mujer,51,13.0,50.0,1031.53,1,Superior,6.938798415946838,45-65
P02478,El Oro,Costa,Urbana,Hombre,21,9.0,38.0,747.1,0,Secundaria,6.616199044981755,18-29
P02479,Los Ríos,Costa,Urbana,Hombre,28,12.0,37.0,333.71,0,Secundaria,5.810272352344586,18-29
P02480,Guayas,Costa,Urbana,Mujer,55,13.0,42.0,465.33,0,Superior,6.142746831304769,45-65
P02481,Manabí,Costa,Urbana,Hombre,53,9.0,53.0,704.62,1,Secundaria,6.5576586504035275,45-65
P02482,Pichincha,Sierra,Urbana,Mujer,63,10.0,49.0,1143.61,1,Secundaria,7.04194520472612,45-65
P02483,Azuay,Sierra,Urbana,Mujer,42,10.0,26.0,189.29,1,Secundaria,5.2432802306181285,30-44
P02484,Guayas,Costa,Urbana,Hombre,33,15.0,31.0,558.9,0,Superior,6.325970566275652,30-44
P02485,Guayas,Costa,Rural,Mujer,20,7.0,39.0,210.02,0,Secundaria,5.3472027642778475,18-29
P02486,Guayas,Costa,Urbana,Mujer,48,15.0,30.0,804.3,0,Superior,6.689972333910023,45-65
P02487,Pichincha,Sierra,Rural,Mujer,50,8.0,52.0,249.88,0,Secundaria,5.5209808026253695,45-65
P02488,Pichincha,Sierra,Urbana,Hombre,18,11.0,54.0,241.9,0,Secundaria,5.488524417615982,18-29
P02489,Pichincha,Sierra,Urbana,Mujer,20,5.0,34.0,410.32,0,Primaria,6.016937343081013,18-29
P02491,Morona Santiago,Amazonía,Rural,Mujer,48,8.0,36.0,486.56,0,Secundaria,6.187360223929055,45-65
P02492,Pichincha,Sierra,Urbana,Mujer,30,8.0,32.0,350.86,0,Secundaria,5.860387283501039,30-44
P02494,Galápagos,Insular,Urbana,Mujer,41,9.0,36.0,982.74,0,Secundaria,6.890344588722344,30-44
P02495,Guayas,Costa,Urbana,Mujer,22,10.0,43.0,469.67,0,Secundaria,6.152030320437465,18-29
P02496,Chimborazo,Sierra,Rural,Mujer,47,5.0,51.0,507.4,1,Primaria,6.229299647165181,45-65
P02497,Guayas,Costa,Urbana,Hombre,27,8.0,44.0,90.87,0,Secundaria,4.5094299137072555,18-29
P02498,Orellana,Amazonía,Rural,Hombre,45,9.0,28.0,228.03,0,Secundaria,5.429477199246059,45-65
P02499,Azuay,Sierra,Rural,Mujer,24,0.0,45.0,234.55,0,Primaria,5.457668784774467,18-29
P02500,Tungurahua,Sierra,Rural,Mujer,22,3.0,44.0,152.17,0,Primaria,5.024998316932023,18-29
P02501,Guayas,Costa,Urbana,Mujer,39,13.0,46.0,793.39,1,Superior,6.67631490401794,30-44
P02502,Guayas,Costa,Urbana,Hombre,31,11.0,46.0,612.75,1,Secundaria,6.417957022408222,30-44
P02503,Pichincha,Sierra,Urbana,Hombre,44,16.0,44.0,1561.88,1,Superior,7.353645502864605,30-44
P02504,Guayas,Costa,Urbana,Hombre,59,9.0,22.0,393.69,0,Secundaria,5.975563797576305,45-65
P02506,Manabí,Costa,Urbana,Hombre,59,18.0,29.0,281.32,0,Posgrado,5.639492811439817,45-65
P02507,Imbabura,Sierra,Urbana,Mujer,29,14.0,35.0,904.1,0,Superior,6.8069399737433205,18-29
P02508,Guayas,Costa,Urbana,Hombre,53,17.0,43.0,714.31,1,Posgrado,6.571317041782937,45-65
P02509,Pichincha,Sierra,Rural,Hombre,62,11.0,58.0,588.66,1,Secundaria,6.377848767403354,45-65
P02510,El Oro,Costa,Urbana,Mujer,54,10.0,58.0,1293.84,1,Secundaria,7.165369819811523,45-65
P02511,Pichincha,Sierra,Rural,Hombre,46,8.0,31.0,241.48,0,Secundaria,5.486786653928226,45-65
P02513,Los Ríos,Costa,Urbana,Hombre,51,18.0,46.0,1601.83,1,Posgrado,7.378902004644152,45-65
P02514,Manabí,Costa,Urbana,Hombre,18,16.0,50.0,785.02,1,Superior,6.6657091951648635,18-29
P02515,Pichincha,Sierra,Urbana,Mujer,55,16.0,50.0,1054.24,1,Superior,6.96057540716551,45-65
P02516,Azuay,Sierra,Urbana,Mujer,59,16.0,46.0,807.84,1,Superior,6.694364019110606,45-65
P02517,Pichincha,Sierra,Rural,Mujer,55,12.0,57.0,876.77,1,Secundaria,6.776244700279927,45-65
P02519,Guayas,Costa,Rural,Mujer,46,16.0,50.0,419.08,0,Superior,6.038061832484764,45-65
P02520,Tungurahua,Sierra,Urbana,Mujer,62,16.0,33.0,1092.76,0,Superior,6.996461884925528,45-65
P02521,Pichincha,Sierra,Urbana,Mujer,44,15.0,31.0,1280.0,0,Superior,7.154615356913663,30-44
P02522,Guayas,Costa,Rural,Mujer,52,10.0,44.0,329.24,0,Secundaria,5.796786968104443,45-65
P02523,Pichincha,Sierra,Rural,Hombre,22,11.0,42.0,1019.19,1,Secundaria,6.9267634731528105,18-29
P02524,Manabí,Costa,Urbana,Mujer,57,11.0,37.0,682.78,1,Secundaria,6.52617269933722,45-65
P02525,Morona Santiago,Amazonía,Urbana,Hombre,36,12.0,36.0,315.25,0,Secundaria,5.753365974845029,30-44
P02526,Guayas,Costa,Urbana,Mujer,25,10.0,50.0,1011.79,1,Secundaria,6.919476318432833,18-29
P02527,Imbabura,Sierra,Rural,Mujer,33,21.0,52.0,922.28,1,Posgrado,6.8268488650884125,30-44
P02528,Pichincha,Sierra,Rural,Mujer,56,12.0,44.0,592.4,1,Secundaria,6.384182082393644,45-65
P02529,Guayas,Costa,Urbana,Mujer,50,7.0,33.0,204.67,0,Secundaria,5.321398925991358,45-65
P02530,Pichincha,Sierra,Urbana,Hombre,26,16.0,32.0,687.19,0,Superior,6.532610818759744,18-29
P02531,Pichincha,Sierra,Rural,Mujer,32,7.0,29.0,371.59,0,Secundaria,5.917791095920965,30-44
P02532,Pichincha,Sierra,Rural,Hombre,20,5.0,43.0,353.14,0,Primaria,5.866864578874652,18-29
P02533,Tungurahua,Sierra,Urbana,Hombre,26,7.0,46.0,462.01,0,Secundaria,6.135586535869134,18-29
P02534,Azuay,Sierra,Urbana,Mujer,34,16.0,49.0,853.49,1,Superior,6.749333825704229,30-44
P02535,Manabí,Costa,Urbana,Hombre,53,3.0,42.0,361.73,0,Primaria,5.890898077182945,45-65
P02536,El Oro,Costa,Rural,Mujer,26,9.0,47.0,362.25,0,Secundaria,5.8923345812007915,18-29
P02537,Guayas,Costa,Urbana,Mujer,64,4.0,32.0,300.93,0,Primaria,5.706877679563504,45-65
P02538,Esmeraldas,Costa,Urbana,Hombre,22,13.0,47.0,735.42,1,Superior,6.600441764581129,18-29
P02539,Manabí,Costa,Rural,Hombre,39,19.0,44.0,907.91,1,Posgrado,6.811145254745955,30-44
P02540,Chimborazo,Sierra,Urbana,Hombre,53,15.0,35.0,643.95,1,Superior,6.467621083338679,45-65
P02541,Los Ríos,Costa,Urbana,Hombre,29,14.0,44.0,864.87,1,Superior,6.762579206620012,18-29
P02542,Imbabura,Sierra,Urbana,Mujer,23,13.0,31.0,479.41,0,Superior,6.1725561811903225,18-29
P02543,Manabí,Costa,Urbana,Hombre,36,13.0,61.0,538.28,1,Superior,6.28837887087334,30-44
P02544,Esmeraldas,Costa,Rural,Mujer,55,8.0,49.0,714.29,0,Secundaria,6.571289042342924,45-65
P02546,Loja,Sierra,Urbana,Hombre,30,17.0,36.0,861.88,0,Posgrado,6.759116049836033,30-44
P02548,Guayas,Costa,Rural,Hombre,49,12.0,44.0,503.97,1,Secundaria,6.222516742490233,45-65
P02549,Tungurahua,Sierra,Urbana,Hombre,44,10.0,52.0,781.31,1,Secundaria,6.660971998101642,30-44
P02550,Pichincha,Sierra,Urbana,Hombre,30,15.0,39.0,1240.88,0,Superior,7.123576084316495,30-44
P02551,Manabí,Costa,Urbana,Mujer,61,15.0,52.0,714.82,1,Superior,6.572030762748349,45-65
P02552,Manabí,Costa,Rural,Hombre,60,8.0,34.0,290.66,0,Secundaria,5.672154199198024,45-65
P02553,Guayas,Costa,Rural,Mujer,47,3.0,50.0,179.1,0,Primaria,5.187944309066666,45-65
P02554,Guayas,Costa,Urbana,Hombre,31,13.0,47.0,479.27,1,Superior,6.172264112927722,30-44
P02555,Loja,Sierra,Rural,Hombre,25,10.0,38.0,300.2,0,Secundaria,5.704448919199361,18-29
P02556,Pichincha,Sierra,Urbana,Mujer,24,10.0,45.0,992.41,1,Secundaria,6.900136328348901,18-29
P02557,Pichincha,Sierra,Urbana,Mujer,44,10.0,48.0,619.37,1,Secundaria,6.428702832397783,30-44
P02558,Orellana,Amazonía,Rural,Mujer,53,12.0,32.0,246.37,0,Secundaria,5.506834471000083,45-65
P02559,Imbabura,Sierra,Urbana,Hombre,41,7.0,38.0,739.51,0,Secundaria,6.605987804709864,30-44
P02560,Manabí,Costa,Urbana,Hombre,42,11.0,42.0,652.26,1,Secundaria,6.480443255443964,30-44
P02561,Los Ríos,Costa,Urbana,Hombre,57,18.0,41.0,2033.17,1,Posgrado,7.617351430397984,45-65
P02562,Guayas,Costa,Rural,Hombre,61,13.0,30.0,837.21,0,Superior,6.7300749350776705,45-65
P02563,Imbabura,Sierra,Urbana,Mujer,31,13.0,34.0,655.16,0,Superior,6.484879480614179,30-44
P02564,El Oro,Costa,Urbana,Hombre,46,5.0,28.0,264.04,0,Primaria,5.57610060682057,45-65
P02565,Guayas,Costa,Urbana,Mujer,52,17.0,41.0,1706.44,1,Posgrado,7.442164608045083,45-65
P02566,Guayas,Costa,Urbana,Hombre,35,14.0,40.0,677.11,1,Superior,6.517833741249769,30-44
P02568,Pichincha,Sierra,Urbana,Hombre,18,11.0,38.0,235.42,0,Secundaria,5.461371152984334,18-29
P02569,Imbabura,Sierra,Urbana,Hombre,41,13.0,36.0,618.07,0,Superior,6.426601719651701,30-44
P02570,Sucumbíos,Amazonía,Urbana,Mujer,41,12.0,19.0,294.31,0,Secundaria,5.684633633595218,30-44
P02571,Sucumbíos,Amazonía,Rural,Hombre,56,9.0,56.0,519.24,1,Secundaria,6.252366204024794,45-65
P02572,Manabí,Costa,Rural,Hombre,59,13.0,32.0,299.77,0,Superior,5.70301551395035,45-65
P02573,Guayas,Costa,Urbana,Mujer,32,9.0,32.0,535.74,0,Secundaria,6.28364896875718,30-44
P02574,Pichincha,Sierra,Rural,Mujer,55,6.0,30.0,315.06,0,Primaria,5.752763096877823,45-65
P02575,Manabí,Costa,Rural,Mujer,27,10.0,37.0,234.47,0,Secundaria,5.457327647932645,18-29
P02576,Guayas,Costa,Urbana,Hombre,52,13.0,35.0,741.31,0,Superior,6.608418891386877,45-65
P02577,Guayas,Costa,Rural,Hombre,54,10.0,46.0,298.15,0,Secundaria,5.697596715569115,45-65
P02578,Tungurahua,Sierra,Urbana,Mujer,44,20.0,50.0,1190.91,1,Posgrado,7.08247299974936,30-44
P02579,Pichincha,Sierra,Urbana,Hombre,60,7.0,39.0,367.8,0,Secundaria,5.907539312170221,45-65
P02580,El Oro,Costa,Urbana,Hombre,43,18.0,42.0,1743.33,1,Posgrado,7.463552356343142,30-44
P02581,Loja,Sierra,Rural,Hombre,57,11.0,40.0,383.2,0,Secundaria,5.948557046096705,45-65
P02582,Pichincha,Sierra,Urbana,Mujer,30,15.0,42.0,921.54,1,Superior,6.826046183655592,30-44
P02583,Manabí,Costa,Urbana,Hombre,19,14.0,47.0,329.91,0,Superior,5.798819889990953,18-29
P02584,Loja,Sierra,Urbana,Hombre,35,18.0,43.0,614.84,1,Posgrado,6.421362071356731,30-44
P02585,Guayas,Costa,Urbana,Mujer,51,11.0,42.0,160.33,0,Secundaria,5.077234191200746,45-65
P02586,Guayas,Costa,Rural,Hombre,43,7.0,42.0,640.53,1,Secundaria,6.462295958647399,30-44
P02587,Pichincha,Sierra,Urbana,Hombre,44,17.0,49.0,868.78,1,Posgrado,6.7670899286568735,30-44
P02588,Orellana,Amazonía,Urbana,Mujer,52,13.0,49.0,530.46,1,Superior,6.273744554645768,45-65
P02589,Guayas,Costa,Rural,Mujer,38,17.0,58.0,559.79,1,Posgrado,6.3275617133991116,30-44
P02590,Pichincha,Sierra,Urbana,Hombre,39,14.0,37.0,625.75,0,Superior,6.438950930311884,30-44
P02591,Pichincha,Sierra,Rural,Mujer,41,9.0,33.0,318.99,0,Secundaria,5.765159754331105,30-44
P02592,Guayas,Costa,Urbana,Hombre,44,10.0,51.0,882.32,1,Secundaria,6.782554801997891,30-44
P02593,Esmeraldas,Costa,Urbana,Hombre,50,13.0,33.0,635.96,0,Superior,6.4551356682805086,45-65
P02594,Pichincha,Sierra,Urbana,Mujer,46,18.0,44.0,1539.61,1,Posgrado,7.339284416582054,45-65
P02595,Tungurahua,Sierra,Rural,Hombre,22,8.0,40.0,480.34,1,Secundaria,6.174494186485617,18-29
P02596,Sucumbíos,Amazonía,Rural,Mujer,63,8.0,44.0,460.8,0,Secundaria,6.132964109381682,45-65
P02597,Guayas,Costa,Urbana,Mujer,33,10.0,50.0,529.87,1,Secundaria,6.2726316934405,30-44
P02598,Manabí,Costa,Rural,Hombre,29,12.0,41.0,336.43,0,Secundaria,5.818390103670691,18-29
P02599,Pichincha,Sierra,Rural,Hombre,26,6.0,32.0,416.07,0,Primaria,6.030853515336354,18-29
P02600,Guayas,Costa,Rural,Mujer,43,5.0,36.0,236.64,0,Primaria,5.46653999896249,30-44
P02601,Guayas,Costa,Urbana,Mujer,23,15.0,48.0,495.18,0,Superior,6.204921332832648,18-29
P02602,Imbabura,Sierra,Urbana,Mujer,62,16.0,41.0,1167.54,1,Superior,7.062654250198119,45-65
P02603,Azuay,Sierra,Urbana,Mujer,40,11.0,39.0,736.74,0,Secundaria,6.602235048400476,30-44
P02604,Esmeraldas,Costa,Urbana,Mujer,34,13.0,40.0,1093.2,0,Superior,6.996864454053913,30-44
P02605,Loja,Sierra,Urbana,Hombre,32,16.0,34.0,642.25,0,Superior,6.464977635989993,30-44
P02606,Manabí,Costa,Urbana,Hombre,35,12.0,29.0,613.97,0,Secundaria,6.4199460670186035,30-44
P02607,Guayas,Costa,Urbana,Hombre,31,12.0,44.0,581.52,1,Secundaria,6.36564536517638,30-44
P02608,Manabí,Costa,Urbana,Mujer,37,11.0,50.0,276.34,0,Secundaria,5.621631991628523,30-44
P02609,Guayas,Costa,Urbana,Hombre,58,13.0,44.0,1279.89,1,Superior,7.154529415720824,45-65
P02610,Azuay,Sierra,Urbana,Mujer,43,13.0,42.0,576.85,1,Superior,6.3575822673732985,30-44
P02611,Guayas,Costa,Urbana,Hombre,65,10.0,44.0,925.92,1,Secundaria,6.830787837825529,45-65
P02612,Pichincha,Sierra,Urbana,Mujer,56,16.0,59.0,761.53,1,Superior,6.635329567488305,45-65
P02613,Morona Santiago,Amazonía,Urbana,Hombre,26,19.0,27.0,1896.04,0,Posgrado,7.547522779638841,18-29
P02614,Pichincha,Sierra,Rural,Mujer,56,5.0,54.0,304.95,0,Primaria,5.720147828742466,45-65
P02615,Pichincha,Sierra,Urbana,Mujer,22,11.0,50.0,599.34,1,Secundaria,6.3958290497721135,18-29
P02616,Pichincha,Sierra,Urbana,Hombre,24,15.0,45.0,448.23,0,Superior,6.105306493531103,18-29
P02617,Guayas,Costa,Urbana,Hombre,60,12.0,33.0,986.98,0,Secundaria,6.894649775803657,45-65
P02618,Manabí,Costa,Urbana,Hombre,61,12.0,41.0,915.17,1,Secundaria,6.819109840367987,45-65
P02619,Guayas,Costa,Urbana,Mujer,37,16.0,53.0,584.14,1,Superior,6.370140680125932,30-44
P02620,Loja,Sierra,Urbana,Hombre,28,6.0,45.0,333.87,0,Primaria,5.810751695653443,18-29
P02621,Guayas,Costa,Rural,Hombre,33,9.0,44.0,549.78,1,Secundaria,6.3095181982051765,30-44
P02622,Pichincha,Sierra,Urbana,Mujer,65,14.0,36.0,247.33,0,Superior,5.510723477319505,45-65
P02623,Guayas,Costa,Urbana,Mujer,58,13.0,41.0,568.03,1,Superior,6.342174234227796,45-65
P02624,Azuay,Sierra,Urbana,Mujer,60,5.0,44.0,642.63,1,Primaria,6.465569130932835,45-65
P02625,Manabí,Costa,Urbana,Mujer,60,12.0,51.0,461.97,0,Secundaria,6.135499953908432,45-65
P02626,Guayas,Costa,Rural,Mujer,57,11.0,54.0,150.89,0,Secundaria,5.01655109452556,45-65
P02627,Guayas,Costa,Urbana,Hombre,41,16.0,34.0,1089.04,0,Superior,6.993051853204218,30-44
P02629,Pichincha,Sierra,Urbana,Mujer,34,10.0,29.0,485.05,0,Secundaria,6.184251978407293,30-44
P02630,Guayas,Costa,Rural,Hombre,59,19.0,45.0,1407.84,1,Posgrado,7.249811893897251,45-65
P02631,Tungurahua,Sierra,Urbana,Mujer,42,20.0,33.0,883.12,0,Posgrado,6.783461091710096,30-44
P02632,Morona Santiago,Amazonía,Rural,Mujer,27,8.0,33.0,481.69,0,Secundaria,6.177300753611678,18-29
P02634,Azuay,Sierra,Urbana,Mujer,61,11.0,57.0,1044.96,1,Secundaria,6.951733886154347,45-65
P02635,Guayas,Costa,Rural,Mujer,43,15.0,41.0,459.23,0,Superior,6.129551173881832,30-44
P02636,Guayas,Costa,Rural,Mujer,63,7.0,32.0,494.23,0,Secundaria,6.203000995880439,45-65
P02637,Chimborazo,Sierra,Rural,Hombre,40,9.0,39.0,302.09,0,Secundaria,5.710724986222776,30-44
P02638,Pichincha,Sierra,Urbana,Hombre,36,16.0,39.0,874.66,0,Superior,6.773835239415603,30-44
P02639,Azuay,Sierra,Urbana,Hombre,60,10.0,39.0,742.2,1,Secundaria,6.609618748626497,45-65
P02640,Orellana,Amazonía,Rural,Hombre,51,6.0,19.0,363.28,0,Primaria,5.895173886789696,45-65
P02641,Imbabura,Sierra,Urbana,Hombre,50,10.0,39.0,1094.17,0,Secundaria,6.997751363962693,45-65
P02642,El Oro,Costa,Urbana,Mujer,24,11.0,44.0,400.27,0,Secundaria,5.992139319397945,18-29
P02643,Manabí,Costa,Urbana,Hombre,29,10.0,44.0,604.62,1,Secundaria,6.404600161520366,18-29
P02644,Pichincha,Sierra,Rural,Hombre,55,11.0,28.0,604.1,0,Secundaria,6.403739747144695,45-65
P02645,Manabí,Costa,Urbana,Mujer,53,14.0,36.0,1030.26,0,Superior,6.937566476553767,45-65
P02646,Guayas,Costa,Urbana,Mujer,29,11.0,45.0,276.82,0,Secundaria,5.623367475468556,18-29
P02647,Pichincha,Sierra,Urbana,Hombre,64,15.0,32.0,466.61,0,Superior,6.145493790990766,45-65
P02648,Guayas,Costa,Urbana,Mujer,64,8.0,39.0,711.45,0,Secundaria,6.5673051409917,45-65
P02649,Azuay,Sierra,Urbana,Hombre,30,17.0,42.0,963.0,1,Posgrado,6.870053411798126,30-44
P02651,El Oro,Costa,Urbana,Mujer,32,13.0,49.0,516.82,1,Superior,6.247694651409981,30-44
P02652,Guayas,Costa,Urbana,Mujer,48,14.0,21.0,855.73,0,Superior,6.751954905825467,45-65
P02653,El Oro,Costa,Rural,Mujer,40,4.0,46.0,221.41,0,Primaria,5.400016186372871,30-44
P02654,Azuay,Sierra,Rural,Hombre,43,10.0,22.0,763.24,1,Secundaria,6.637572529662141,30-44
P02655,Guayas,Costa,Urbana,Mujer,28,13.0,40.0,646.16,1,Superior,6.471047151134041,18-29
P02656,El Oro,Costa,Urbana,Hombre,46,15.0,46.0,638.31,1,Superior,6.458824058753736,45-65
P02657,Azuay,Sierra,Rural,Mujer,24,18.0,38.0,739.92,0,Posgrado,6.606542072246005,18-29
P02658,Tungurahua,Sierra,Urbana,Hombre,51,8.0,39.0,793.0,0,Secundaria,6.675823221634848,45-65
P02659,Sucumbíos,Amazonía,Rural,Hombre,58,7.0,36.0,350.34,1,Secundaria,5.858904111523501,45-65
P02660,Manabí,Costa,Rural,Hombre,36,9.0,26.0,307.66,0,Secundaria,5.728995277127605,30-44
P02661,El Oro,Costa,Urbana,Hombre,28,9.0,34.0,821.15,0,Secundaria,6.71070579678357,18-29
P02662,Guayas,Costa,Rural,Mujer,57,12.0,38.0,856.64,0,Secundaria,6.753017760331987,45-65
P02663,Guayas,Costa,Urbana,Hombre,31,10.0,54.0,224.16,0,Secundaria,5.412360082588697,30-44
P02664,Pichincha,Sierra,Urbana,Hombre,24,15.0,46.0,447.83,0,Superior,6.10441369611448,18-29
P02665,El Oro,Costa,Urbana,Mujer,63,8.0,41.0,621.32,1,Secundaria,6.431846247119706,45-65
P02666,Guayas,Costa,Rural,Mujer,29,7.0,42.0,492.46,1,Secundaria,6.199413239039649,18-29
P02667,Guayas,Costa,Urbana,Hombre,40,18.0,43.0,418.78,0,Posgrado,6.03734572236417,30-44
P02668,Orellana,Amazonía,Urbana,Hombre,48,18.0,54.0,616.17,1,Posgrado,6.423522899485667,45-65
P02669,Guayas,Costa,Rural,Hombre,62,12.0,39.0,526.03,0,Secundaria,6.265358245331853,45-65
P02670,Guayas,Costa,Urbana,Hombre,36,13.0,50.0,570.41,1,Superior,6.346355400503213,30-44
P02671,Guayas,Costa,Rural,Mujer,19,9.0,43.0,341.26,0,Secundaria,5.832644650099119,18-29
P02672,Tungurahua,Sierra,Urbana,Hombre,44,14.0,25.0,990.75,0,Superior,6.898462232070544,30-44
P02673,Manabí,Costa,Urbana,Hombre,64,12.0,29.0,397.59,0,Secundaria,5.985421323560697,45-65
P02674,Manabí,Costa,Urbana,Hombre,26,12.0,35.0,296.12,0,Secundaria,5.6907647775748975,18-29
P02675,Guayas,Costa,Rural,Mujer,49,11.0,49.0,407.57,0,Secundaria,6.010212697069674,45-65
P02676,Orellana,Amazonía,Rural,Hombre,52,10.0,22.0,185.89,0,Secundaria,5.225155100919053,45-65
P02677,Guayas,Costa,Urbana,Hombre,62,17.0,27.0,1428.65,0,Posgrado,7.264485221408425,45-65
P02678,Pichincha,Sierra,Urbana,Hombre,64,11.0,45.0,908.64,1,Secundaria,6.8119489761291225,45-65
P02679,El Oro,Costa,Urbana,Mujer,21,9.0,54.0,474.9,1,Secundaria,6.163104255555076,18-29
P02680,Sucumbíos,Amazonía,Urbana,Hombre,18,14.0,32.0,573.33,0,Superior,6.351461467169,18-29
P02681,Pichincha,Sierra,Urbana,Mujer,57,10.0,48.0,670.53,1,Secundaria,6.508068444450114,45-65
P02682,Pichincha,Sierra,Urbana,Hombre,30,15.0,22.0,772.02,0,Superior,6.6490104564249535,30-44
P02683,Pichincha,Sierra,Urbana,Mujer,64,11.0,45.0,311.63,0,Secundaria,5.7418165866407955,45-65
P02684,Chimborazo,Sierra,Urbana,Mujer,36,14.0,43.0,522.53,1,Superior,6.2586823984586575,30-44
P02685,Manabí,Costa,Urbana,Mujer,21,13.0,39.0,862.93,0,Superior,6.7603335753950295,18-29
P02686,Loja,Sierra,Rural,Mujer,32,8.0,37.0,734.78,0,Secundaria,6.599571134679855,30-44
P02687,Galápagos,Insular,Urbana,Mujer,43,15.0,40.0,1014.33,1,Superior,6.921983574992768,30-44
P02688,Los Ríos,Costa,Rural,Mujer,53,4.0,45.0,396.07,0,Primaria,5.981590963309683,45-65
P02689,El Oro,Costa,Rural,Hombre,35,10.0,37.0,958.48,0,Secundaria,6.865348696331644,30-44
P02690,Guayas,Costa,Rural,Hombre,56,9.0,42.0,545.33,1,Secundaria,6.301391116006464,45-65
P02691,Pichincha,Sierra,Urbana,Hombre,42,16.0,42.0,1662.98,1,Superior,7.416366452662401,30-44
P02692,Guayas,Costa,Rural,Mujer,31,9.0,44.0,327.43,0,Secundaria,5.791274291771544,30-44
P02693,Pichincha,Sierra,Urbana,Mujer,41,17.0,32.0,909.38,0,Posgrado,6.812763048626529,30-44
P02694,Esmeraldas,Costa,Rural,Hombre,55,11.0,51.0,229.25,1,Secundaria,5.434813111136574,45-65
P02695,Loja,Sierra,Rural,Hombre,65,6.0,54.0,605.48,1,Primaria,6.406021531894364,45-65
P02696,Tungurahua,Sierra,Rural,Hombre,57,10.0,44.0,353.29,0,Secundaria,5.867289249407484,45-65
P02698,El Oro,Costa,Urbana,Mujer,50,16.0,46.0,907.59,1,Superior,6.810792734775353,45-65
P02700,Pichincha,Sierra,Rural,Hombre,62,6.0,37.0,833.81,0,Primaria,6.726005558658539,45-65
P02701,Morona Santiago,Amazonía,Urbana,Hombre,35,16.0,43.0,276.15,0,Superior,5.620944196347197,30-44
P02702,Pichincha,Sierra,Urbana,Hombre,28,13.0,35.0,889.96,0,Superior,6.791176517895957,18-29
P02703,Pichincha,Sierra,Urbana,Hombre,25,14.0,55.0,896.62,1,Superior,6.798632137963742,18-29
P02704,Manabí,Costa,Urbana,Hombre,27,8.0,53.0,823.89,1,Secundaria,6.714037025852571,18-29
P02705,Pichincha,Sierra,Rural,Hombre,27,17.0,52.0,690.45,0,Posgrado,6.53734355893136,18-29
P02706,Guayas,Costa,Urbana,Hombre,52,13.0,56.0,753.61,1,Superior,6.6248749928131785,45-65
P02707,Esmeraldas,Costa,Rural,Mujer,47,15.0,34.0,482.54,0,Superior,6.179063818897301,45-65
P02708,Guayas,Costa,Urbana,Hombre,18,10.0,30.0,706.08,0,Secundaria,6.559728545521237,18-29
P02709,Guayas,Costa,Urbana,Hombre,35,10.0,39.0,825.94,0,Secundaria,6.71652213165744,30-44
P02710,Manabí,Costa,Rural,Mujer,54,5.0,52.0,295.15,0,Primaria,5.687483701686698,45-65
P02711,Pichincha,Sierra,Rural,Mujer,48,16.0,54.0,796.92,1,Superior,6.680754297340623,45-65
P02712,Guayas,Costa,Rural,Mujer,64,13.0,37.0,968.53,0,Superior,6.875779458102986,45-65
P02713,Orellana,Amazonía,Rural,Hombre,21,12.0,39.0,1094.21,0,Secundaria,6.997787920685021,18-29
P02714,Guayas,Costa,Urbana,Mujer,20,8.0,42.0,288.46,0,Secundaria,5.664556428155364,18-29
P02715,Los Ríos,Costa,Rural,Hombre,47,18.0,39.0,638.8,0,Posgrado,6.459591416340857,45-65
P02716,Sucumbíos,Amazonía,Rural,Mujer,38,11.0,19.0,222.25,0,Secundaria,5.403802874394014,30-44
P02717,Galápagos,Insular,Rural,Hombre,28,5.0,44.0,632.15,1,Primaria,6.449126707757907,18-29
P02718,Pichincha,Sierra,Urbana,Mujer,52,12.0,39.0,215.85,0,Secundaria,5.3745837220014865,45-65
P02719,Pichincha,Sierra,Rural,Hombre,61,7.0,42.0,224.52,0,Secundaria,5.413964790073998,45-65
P02720,Pichincha,Sierra,Rural,Mujer,41,13.0,53.0,541.26,1,Superior,6.293899754896603,30-44
P02721,El Oro,Costa,Urbana,Mujer,50,13.0,37.0,746.91,0,Superior,6.615944695946576,45-65
P02722,Manabí,Costa,Urbana,Hombre,46,21.0,40.0,1703.7,1,Posgrado,7.440557635551497,45-65
P02723,Esmeraldas,Costa,Urbana,Hombre,42,8.0,26.0,977.52,1,Secundaria,6.885018752008267,30-44
P02724,Pichincha,Sierra,Urbana,Mujer,22,14.0,42.0,1090.54,1,Superior,6.994428265390798,18-29
P02725,Azuay,Sierra,Urbana,Mujer,59,14.0,29.0,616.31,0,Superior,6.423750083700587,45-65
P02726,Los Ríos,Costa,Urbana,Mujer,23,15.0,53.0,1395.09,1,Superior,7.240714208303422,18-29
P02727,Tungurahua,Sierra,Urbana,Hombre,41,15.0,36.0,531.98,0,Superior,6.27660589465001,30-44
P02728,Guayas,Costa,Urbana,Mujer,35,13.0,47.0,229.31,0,Superior,5.435074799902897,30-44
P02729,Guayas,Costa,Urbana,Mujer,61,16.0,49.0,547.69,1,Superior,6.305709433452462,45-65
P02730,Guayas,Costa,Urbana,Hombre,32,17.0,36.0,1321.23,0,Posgrado,7.186318399889179,30-44
P02731,Pichincha,Sierra,Urbana,Mujer,56,10.0,37.0,714.01,0,Secundaria,6.570896967843748,45-65
P02732,Pichincha,Sierra,Urbana,Hombre,35,17.0,44.0,1105.97,1,Posgrado,7.008478056940437,30-44
P02733,Esmeraldas,Costa,Rural,Hombre,18,9.0,31.0,1402.01,0,Secundaria,7.2456622002367155,18-29
P02734,Pichincha,Sierra,Urbana,Mujer,25,7.0,47.0,459.6,0,Secundaria,6.130356545974601,18-29
P02735,Esmeraldas,Costa,Rural,Hombre,58,8.0,37.0,288.59,0,Secundaria,5.665006995704794,45-65
P02736,Pichincha,Sierra,Rural,Mujer,18,3.0,38.0,418.54,0,Primaria,6.036772464812524,18-29
P02737,Pichincha,Sierra,Rural,Hombre,40,10.0,66.0,602.97,1,Secundaria,6.40186744424577,30-44
P02738,Pichincha,Sierra,Urbana,Hombre,33,8.0,44.0,325.83,0,Secundaria,5.786375772960055,30-44
P02739,Guayas,Costa,Rural,Mujer,45,12.0,49.0,403.48,0,Secundaria,6.000126920186634,45-65
P02740,Manabí,Costa,Urbana,Mujer,54,12.0,28.0,585.71,0,Secundaria,6.372824786537145,45-65
P02741,Azuay,Sierra,Urbana,Hombre,57,11.0,40.0,827.04,1,Secundaria,6.717853061447729,45-65
P02742,Chimborazo,Sierra,Urbana,Hombre,55,14.0,49.0,730.95,1,Superior,6.594345057957625,45-65
P02743,El Oro,Costa,Rural,Hombre,18,18.0,43.0,677.61,1,Posgrado,6.51857190119825,18-29
P02744,Guayas,Costa,Urbana,Mujer,62,12.0,47.0,278.91,1,Secundaria,5.630889149135876,45-65
P02745,Azuay,Sierra,Rural,Mujer,52,12.0,42.0,239.86,0,Secundaria,5.480055419803575,45-65
P02746,Guayas,Costa,Rural,Hombre,41,12.0,56.0,912.27,1,Secundaria,6.815935998890978,30-44
P02747,Imbabura,Sierra,Rural,Hombre,38,6.0,31.0,231.35,1,Primaria,5.443931715353009,30-44
P02748,Manabí,Costa,Urbana,Mujer,28,11.0,44.0,708.22,1,Secundaria,6.562754779889042,18-29
P02749,El Oro,Costa,Rural,Hombre,48,2.0,45.0,316.93,0,Primaria,5.7586809293036385,45-65
P02750,Pichincha,Sierra,Urbana,Mujer,64,19.0,46.0,831.15,1,Posgrado,6.7228102839814685,45-65
P02751,Chimborazo,Sierra,Urbana,Mujer,59,8.0,49.0,410.11,0,Secundaria,6.016425416397235,45-65
P02752,Chimborazo,Sierra,Rural,Mujer,55,14.0,47.0,284.1,0,Superior,5.649326288860142,45-65
P02753,Loja,Sierra,Urbana,Mujer,55,17.0,44.0,1534.99,1,Posgrado,7.336279145342097,45-65
P02754,Pichincha,Sierra,Urbana,Mujer,33,12.0,31.0,595.87,1,Secundaria,6.390022522468178,30-44
P02755,Guayas,Costa,Urbana,Mujer,54,16.0,44.0,795.83,1,Superior,6.679385595196329,45-65
P02756,Guayas,Costa,Urbana,Mujer,23,15.0,27.0,338.77,0,Superior,5.8253214110414895,18-29
P02757,Guayas,Costa,Rural,Hombre,42,14.0,38.0,678.61,0,Superior,6.5200465884631855,30-44
P02758,Pichincha,Sierra,Urbana,Mujer,38,7.0,43.0,687.96,1,Secundaria,6.533730696708291,30-44
P02759,Guayas,Costa,Urbana,Hombre,29,10.0,18.0,602.49,0,Secundaria,6.401071067716696,18-29
P02760,Azuay,Sierra,Urbana,Mujer,54,9.0,55.0,964.52,1,Secundaria,6.871630568263504,45-65
P02761,Chimborazo,Sierra,Rural,Hombre,39,10.0,28.0,622.09,0,Secundaria,6.433084776805697,30-44
P02762,Esmeraldas,Costa,Urbana,Hombre,23,13.0,33.0,632.99,1,Superior,6.45045462423108,18-29
P02763,Tungurahua,Sierra,Urbana,Hombre,24,11.0,45.0,539.64,1,Secundaria,6.290902250570617,18-29
P02764,Pichincha,Sierra,Urbana,Mujer,31,15.0,46.0,340.84,0,Superior,5.831413158959755,30-44
P02765,Azuay,Sierra,Urbana,Hombre,62,11.0,47.0,472.69,1,Secundaria,6.158439782508781,45-65
P02766,Orellana,Amazonía,Rural,Hombre,56,7.0,39.0,477.26,0,Secundaria,6.16806141576507,45-65
P02767,Guayas,Costa,Urbana,Hombre,60,17.0,29.0,1421.98,0,Posgrado,7.259805545566668,45-65
P02768,Pichincha,Sierra,Urbana,Hombre,39,9.0,43.0,442.98,0,Secundaria,6.093524622299129,30-44
P02769,Guayas,Costa,Rural,Mujer,23,14.0,37.0,404.81,0,Superior,6.00341782122544,18-29
P02770,Azuay,Sierra,Rural,Mujer,54,10.0,33.0,508.3,0,Secundaria,6.231071824452857,45-65
P02771,Orellana,Amazonía,Urbana,Mujer,56,8.0,43.0,453.47,0,Secundaria,6.116929115217096,45-65
P02772,Morona Santiago,Amazonía,Rural,Hombre,51,11.0,45.0,419.33,0,Secundaria,6.038658199435085,45-65
P02774,El Oro,Costa,Urbana,Hombre,52,15.0,28.0,1065.61,0,Superior,6.971302684126476,45-65
P02775,Guayas,Costa,Rural,Hombre,24,17.0,42.0,893.52,1,Posgrado,6.7951687182325715,18-29
P02776,Imbabura,Sierra,Rural,Hombre,27,10.0,40.0,434.71,0,Secundaria,6.0746791421009805,18-29
P02777,Chimborazo,Sierra,Urbana,Mujer,56,13.0,46.0,1231.81,1,Superior,7.116239911420997,45-65
P02778,Loja,Sierra,Urbana,Mujer,38,9.0,38.0,135.18,0,Secundaria,4.906607223672208,30-44
P02779,Azuay,Sierra,Urbana,Hombre,25,20.0,18.0,1749.65,0,Posgrado,7.467171046914893,18-29
P02780,Pichincha,Sierra,Urbana,Hombre,57,13.0,30.0,364.46,0,Superior,5.898416806057909,45-65
P02781,Sucumbíos,Amazonía,Urbana,Mujer,60,15.0,36.0,605.41,0,Superior,6.405905914455823,45-65
P02782,Orellana,Amazonía,Rural,Hombre,20,8.0,34.0,234.93,0,Secundaria,5.459287597430956,18-29
P02784,Chimborazo,Sierra,Urbana,Hombre,38,10.0,42.0,349.76,1,Secundaria,5.857247204988174,30-44
P02785,Guayas,Costa,Urbana,Hombre,40,10.0,43.0,437.35,0,Secundaria,6.080733789865864,30-44
P02786,Guayas,Costa,Urbana,Hombre,23,9.0,40.0,315.84,0,Secundaria,5.755235756245117,18-29
P02787,Morona Santiago,Amazonía,Rural,Hombre,40,13.0,43.0,808.41,1,Superior,6.695069355566762,30-44
P02788,Guayas,Costa,Urbana,Mujer,52,16.0,41.0,391.18,0,Superior,5.969167812109371,45-65
P02789,Azuay,Sierra,Urbana,Hombre,39,9.0,39.0,808.08,0,Secundaria,6.694661063520929,30-44
P02790,Guayas,Costa,Rural,Hombre,33,8.0,27.0,254.92,0,Secundaria,5.540949770446093,30-44
P02791,Guayas,Costa,Rural,Hombre,45,13.0,47.0,586.65,1,Superior,6.374428389869633,45-65
P02792,Guayas,Costa,Urbana,Hombre,51,15.0,43.0,1384.24,1,Superior,7.232906531548393,45-65
P02793,Loja,Sierra,Rural,Hombre,59,5.0,33.0,786.94,0,Primaria,6.668152006629242,45-65
P02794,Loja,Sierra,Rural,Hombre,45,12.0,38.0,447.13,0,Secundaria,6.102849380071872,45-65
P02795,Pichincha,Sierra,Urbana,Hombre,24,8.0,37.0,165.91,0,Secundaria,5.111445472655264,18-29
P02796,Guayas,Costa,Urbana,Hombre,42,22.0,36.0,2189.89,0,Posgrado,7.691606593238561,30-44
P02797,Los Ríos,Costa,Urbana,Mujer,43,11.0,42.0,416.24,0,Secundaria,6.031262016982048,30-44
P02798,Esmeraldas,Costa,Urbana,Hombre,23,13.0,51.0,1186.83,1,Superior,7.079041166155827,18-29
P02799,Guayas,Costa,Urbana,Hombre,19,18.0,42.0,1560.11,1,Posgrado,7.352511610578183,18-29
P02800,Los Ríos,Costa,Urbana,Mujer,27,8.0,21.0,507.58,0,Secundaria,6.229654333960758,18-29
P02801,Loja,Sierra,Urbana,Mujer,49,11.0,35.0,715.27,0,Secundaria,6.572660093790244,45-65
P02802,Guayas,Costa,Urbana,Mujer,54,11.0,43.0,444.99,0,Secundaria,6.09805181000363,45-65
P02803,Manabí,Costa,Rural,Mujer,57,11.0,42.0,387.62,1,Secundaria,5.960025478272602,45-65
P02804,Pichincha,Sierra,Rural,Mujer,38,5.0,35.0,326.27,0,Primaria,5.787725259439963,30-44
P02806,Guayas,Costa,Urbana,Mujer,57,15.0,38.0,1150.73,0,Superior,7.048151802576732,45-65
P02807,Manabí,Costa,Urbana,Mujer,61,9.0,28.0,328.57,0,Secundaria,5.794749905026389,45-65
P02808,Los Ríos,Costa,Urbana,Hombre,48,16.0,31.0,1237.79,1,Superior,7.121082810423055,45-65
P02809,Sucumbíos,Amazonía,Urbana,Mujer,48,11.0,31.0,271.9,0,Secundaria,5.605434351638425,45-65
P02810,Chimborazo,Sierra,Urbana,Mujer,59,10.0,43.0,383.33,0,Secundaria,5.948896236999205,45-65
P02811,Pichincha,Sierra,Urbana,Hombre,35,13.0,48.0,581.6,1,Superior,6.3657829262193095,30-44
P02812,Esmeraldas,Costa,Urbana,Hombre,30,10.0,46.0,496.95,1,Secundaria,6.208489417414015,30-44
P02813,Pichincha,Sierra,Urbana,Mujer,37,4.0,42.0,665.98,1,Primaria,6.501259640059449,30-44
P02814,Pichincha,Sierra,Urbana,Hombre,43,16.0,62.0,766.65,1,Superior,6.642030373882398,30-44
P02815,Guayas,Costa,Urbana,Mujer,28,12.0,39.0,1286.22,0,Secundaria,7.159462963261099,18-29
P02816,Guayas,Costa,Urbana,Hombre,47,12.0,28.0,1918.83,0,Secundaria,7.559470904277419,45-65
P02817,Esmeraldas,Costa,Rural,Mujer,31,9.0,23.0,217.18,0,Secundaria,5.380726502788755,30-44
P02818,Guayas,Costa,Urbana,Hombre,65,10.0,57.0,945.49,0,Secundaria,6.851703311627986,45-65
P02819,Guayas,Costa,Urbana,Mujer,61,15.0,40.0,510.28,1,Superior,6.234959594670089,45-65
P02820,Manabí,Costa,Urbana,Hombre,39,16.0,39.0,779.5,0,Superior,6.658652688497831,30-44
P02821,Orellana,Amazonía,Urbana,Hombre,21,9.0,39.0,228.4,0,Secundaria,5.431098477781855,18-29
P02822,Guayas,Costa,Urbana,Mujer,36,14.0,49.0,759.09,1,Superior,6.632120347441023,30-44
P02823,Esmeraldas,Costa,Rural,Mujer,21,12.0,47.0,504.92,1,Secundaria,6.2244000008846605,18-29
P02825,Azuay,Sierra,Urbana,Mujer,33,16.0,32.0,946.67,0,Superior,6.8529505636077035,30-44
P02826,Loja,Sierra,Rural,Hombre,19,7.0,48.0,277.22,0,Secundaria,5.624811414785207,18-29
P02827,Azuay,Sierra,Urbana,Hombre,24,17.0,23.0,432.37,0,Posgrado,6.06928170315462,18-29
P02828,Imbabura,Sierra,Urbana,Hombre,25,12.0,36.0,799.16,0,Secundaria,6.683561176031748,18-29
P02829,Guayas,Costa,Urbana,Mujer,44,11.0,49.0,304.97,0,Secundaria,5.7202134111139475,30-44
P02830,Azuay,Sierra,Rural,Mujer,36,9.0,57.0,414.9,0,Secundaria,6.028037527338822,30-44
P02831,Guayas,Costa,Urbana,Hombre,61,12.0,54.0,1306.47,0,Secundaria,7.175084122584519,45-65
P02832,Guayas,Costa,Urbana,Hombre,48,11.0,51.0,1173.02,1,Secundaria,7.067336898806501,45-65
P02833,Galápagos,Insular,Rural,Hombre,37,5.0,52.0,671.73,1,Primaria,6.5098564740713565,30-44
P02834,El Oro,Costa,Urbana,Hombre,59,20.0,29.0,1928.43,0,Posgrado,7.564461479348854,45-65
P02835,El Oro,Costa,Urbana,Hombre,44,13.0,24.0,296.44,0,Superior,5.691844837083158,30-44
P02836,Guayas,Costa,Urbana,Hombre,49,12.0,26.0,853.95,0,Secundaria,6.749872644065201,45-65
P02837,El Oro,Costa,Urbana,Hombre,61,7.0,34.0,514.11,0,Secundaria,6.242437250340868,45-65
P02838,Guayas,Costa,Rural,Hombre,26,5.0,30.0,337.86,0,Primaria,5.822631608494582,18-29
P02839,Guayas,Costa,Urbana,Mujer,23,10.0,40.0,316.25,0,Secundaria,5.75653304004173,18-29
P02841,Los Ríos,Costa,Urbana,Hombre,22,10.0,39.0,321.8,0,Secundaria,5.773930234558283,18-29
P02842,Guayas,Costa,Rural,Hombre,65,13.0,56.0,441.94,0,Superior,6.091174126256959,45-65
P02843,Manabí,Costa,Rural,Mujer,63,10.0,33.0,200.05,0,Secundaria,5.298567335303244,45-65
P02844,Guayas,Costa,Rural,Hombre,48,17.0,43.0,616.66,1,Posgrado,6.4243178185350125,45-65
P02845,Imbabura,Sierra,Rural,Mujer,23,13.0,38.0,268.36,0,Superior,5.592329362694687,18-29
P02847,Esmeraldas,Costa,Urbana,Mujer,35,13.0,45.0,902.84,1,Superior,6.8055453505635555,30-44
P02848,Orellana,Amazonía,Urbana,Mujer,48,6.0,39.0,428.33,0,Primaria,6.059893926529762,45-65
P02849,Tungurahua,Sierra,Urbana,Hombre,63,16.0,37.0,598.08,0,Superior,6.393724524267198,45-65
P02851,Guayas,Costa,Urbana,Hombre,31,7.0,43.0,307.25,0,Secundaria,5.7276617484461445,30-44
P02852,Guayas,Costa,Rural,Mujer,39,9.0,38.0,345.16,0,Secundaria,5.844008077640106,30-44
P02853,Guayas,Costa,Urbana,Mujer,63,6.0,38.0,444.54,0,Primaria,6.097040039656621,45-65
P02854,Pichincha,Sierra,Urbana,Hombre,33,11.0,20.0,589.64,0,Secundaria,6.379512181179077,30-44
P02856,Guayas,Costa,Urbana,Mujer,24,14.0,37.0,863.46,0,Superior,6.760947573410137,18-29
P02858,Orellana,Amazonía,Urbana,Mujer,57,14.0,53.0,534.42,1,Superior,6.281182046671833,45-65
P02859,Pichincha,Sierra,Urbana,Hombre,27,14.0,44.0,282.99,0,Superior,5.645411561329872,18-29
P02860,Galápagos,Insular,Rural,Hombre,46,10.0,48.0,484.24,1,Secundaria,6.182580651583431,45-65
P02861,Pichincha,Sierra,Rural,Hombre,62,15.0,34.0,991.08,0,Superior,6.898795257610626,45-65
P02862,Azuay,Sierra,Urbana,Mujer,26,15.0,40.0,823.82,1,Superior,6.713952059444596,18-29
P02863,Azuay,Sierra,Urbana,Hombre,40,14.0,35.0,1270.43,1,Superior,7.147110704823622,30-44
P02864,Loja,Sierra,Rural,Mujer,22,13.0,24.0,225.76,0,Superior,5.419472488104504,18-29
P02865,Sucumbíos,Amazonía,Urbana,Hombre,31,22.0,31.0,1126.66,0,Posgrado,7.027012782631685,30-44
P02866,Guayas,Costa,Urbana,Mujer,63,17.0,35.0,1293.17,0,Posgrado,7.164851847314331,45-65
P02867,Imbabura,Sierra,Rural,Hombre,33,9.0,42.0,350.85,0,Secundaria,5.860358781698298,30-44
P02868,Pichincha,Sierra,Rural,Mujer,54,4.0,53.0,356.14,0,Primaria,5.875323911973168,45-65
P02869,Pichincha,Sierra,Urbana,Mujer,45,17.0,31.0,459.75,0,Posgrado,6.130682863484431,45-65
P02870,Guayas,Costa,Urbana,Hombre,48,12.0,43.0,546.88,1,Secundaria,6.304229399927226,45-65
P02871,Guayas,Costa,Urbana,Mujer,57,16.0,42.0,1091.36,1,Superior,6.9951799039064095,45-65
P02872,Guayas,Costa,Rural,Mujer,38,2.0,25.0,256.61,0,Primaria,5.5475574225835205,30-44
P02873,Guayas,Costa,Urbana,Mujer,19,12.0,50.0,752.58,1,Secundaria,6.623507303264638,18-29
P02874,El Oro,Costa,Urbana,Mujer,24,10.0,59.0,1497.5,1,Secundaria,7.311552329989604,18-29
P02875,Guayas,Costa,Urbana,Hombre,54,9.0,37.0,542.8,0,Secundaria,6.296740927960714,45-65
P02876,Guayas,Costa,Urbana,Mujer,34,19.0,51.0,907.54,1,Posgrado,6.810737642302624,30-44
P02877,Guayas,Costa,Rural,Mujer,52,8.0,26.0,1067.88,0,Secundaria,6.973430653656771,45-65
P02878,Galápagos,Insular,Rural,Mujer,19,13.0,46.0,861.12,1,Superior,6.758233867538541,18-29
P02879,Pichincha,Sierra,Urbana,Mujer,63,13.0,28.0,490.64,1,Superior,6.195710661317729,45-65
P02880,Pichincha,Sierra,Rural,Hombre,22,10.0,49.0,569.89,1,Secundaria,6.345443359748945,18-29
P02881,Pichincha,Sierra,Rural,Hombre,18,9.0,57.0,490.75,1,Secundaria,6.195934833156571,18-29
P02882,Loja,Sierra,Urbana,Hombre,53,10.0,29.0,784.37,0,Secundaria,6.664880847797839,45-65
P02883,Pichincha,Sierra,Urbana,Hombre,64,8.0,29.0,591.54,0,Secundaria,6.382729305815005,45-65
P02884,Manabí,Costa,Urbana,Hombre,33,9.0,58.0,625.4,1,Secundaria,6.438391445023741,30-44
P02885,Tungurahua,Sierra,Urbana,Mujer,49,16.0,55.0,1279.47,1,Superior,7.154201208666115,45-65
P02886,Guayas,Costa,Urbana,Mujer,19,17.0,62.0,1206.33,1,Posgrado,7.095337971697562,18-29
P02887,Esmeraldas,Costa,Urbana,Mujer,47,11.0,45.0,456.87,1,Secundaria,6.12439888653171,45-65
P02888,Orellana,Amazonía,Rural,Mujer,24,8.0,54.0,199.92,0,Secundaria,5.297917286526697,18-29
P02889,Guayas,Costa,Urbana,Hombre,18,12.0,34.0,981.79,0,Secundaria,6.889377436198278,18-29
P02890,Guayas,Costa,Urbana,Hombre,30,12.0,50.0,399.6,0,Secundaria,5.990464046774399,30-44
P02891,Manabí,Costa,Rural,Mujer,28,10.0,52.0,545.23,1,Secundaria,6.30120772398717,18-29
P02892,Guayas,Costa,Urbana,Hombre,57,13.0,55.0,778.67,1,Superior,6.657587336092763,45-65
P02893,Chimborazo,Sierra,Rural,Hombre,44,13.0,41.0,1036.98,1,Superior,6.944067921640457,30-44
P02894,Morona Santiago,Amazonía,Rural,Mujer,39,17.0,44.0,845.63,1,Posgrado,6.740081911693973,30-44
P02895,Azuay,Sierra,Urbana,Mujer,55,9.0,53.0,505.73,1,Secundaria,6.226002930036065,45-65
P02896,Imbabura,Sierra,Urbana,Mujer,38,14.0,54.0,698.3,1,Superior,6.54864880985199,30-44
P02897,Pichincha,Sierra,Rural,Hombre,20,16.0,34.0,297.09,0,Superior,5.694035123201321,18-29
P02898,Imbabura,Sierra,Rural,Hombre,37,9.0,38.0,1079.78,0,Secundaria,6.984512595664144,30-44
P02899,Pichincha,Sierra,Urbana,Hombre,33,6.0,48.0,632.75,1,Primaria,6.450075399425233,30-44
P02900,Guayas,Costa,Urbana,Mujer,31,11.0,38.0,309.09,0,Secundaria,5.733632496625086,30-44
P02901,Galápagos,Insular,Urbana,Hombre,37,8.0,42.0,1251.27,1,Secundaria,7.1319143145176715,30-44
P02902,Pichincha,Sierra,Rural,Mujer,44,10.0,30.0,508.57,0,Secundaria,6.231602865798053,30-44
P02903,Los Ríos,Costa,Rural,Hombre,38,6.0,42.0,503.76,1,Primaria,6.2220999641804875,30-44
P02904,Pichincha,Sierra,Rural,Hombre,53,7.0,50.0,876.38,0,Secundaria,6.775799786831067,45-65
P02905,Esmeraldas,Costa,Urbana,Mujer,19,11.0,48.0,1683.94,1,Secundaria,7.4288915647138465,18-29
P02906,Pichincha,Sierra,Urbana,Hombre,18,10.0,41.0,498.24,1,Secundaria,6.211081888645634,18-29
P02907,Pichincha,Sierra,Urbana,Hombre,34,10.0,38.0,494.19,0,Secundaria,6.202920058627001,30-44
P02908,Pichincha,Sierra,Rural,Hombre,28,15.0,41.0,411.7,0,Superior,6.020294928775859,18-29
P02909,Imbabura,Sierra,Urbana,Mujer,35,10.0,54.0,1519.95,1,Secundaria,7.326432718562437,30-44
P02910,Guayas,Costa,Urbana,Hombre,21,11.0,31.0,315.5,0,Secundaria,5.754158681981268,18-29
P02911,Pichincha,Sierra,Rural,Hombre,27,4.0,30.0,371.35,0,Primaria,5.917145014115306,18-29
P02913,Tungurahua,Sierra,Rural,Mujer,19,8.0,45.0,257.53,0,Secundaria,5.5511362181719965,18-29
P02914,Pichincha,Sierra,Rural,Hombre,46,8.0,29.0,622.62,1,Secundaria,6.433936380845242,45-65
P02915,Manabí,Costa,Urbana,Mujer,43,11.0,47.0,349.34,0,Secundaria,5.856045660000246,30-44
P02916,Azuay,Sierra,Urbana,Hombre,36,12.0,30.0,1132.71,0,Secundaria,7.032368270630662,30-44
P02917,Chimborazo,Sierra,Urbana,Hombre,29,12.0,32.0,312.44,0,Secundaria,5.744412450742097,18-29
P02918,Chimborazo,Sierra,Urbana,Mujer,51,12.0,36.0,1210.99,0,Secundaria,7.099193485880682,45-65
P02919,Guayas,Costa,Urbana,Hombre,48,12.0,46.0,1010.37,1,Secundaria,6.918071879384088,45-65
P02920,Manabí,Costa,Rural,Hombre,36,13.0,46.0,1348.86,1,Superior,7.207015070243973,30-44
P02921,Guayas,Costa,Rural,Hombre,59,9.0,34.0,308.1,0,Secundaria,5.730424405602622,45-65
P02922,Guayas,Costa,Rural,Hombre,47,8.0,71.0,409.19,0,Secundaria,6.014179595851196,45-65
P02923,Imbabura,Sierra,Rural,Hombre,61,15.0,48.0,476.71,1,Superior,6.166908339544771,45-65
P02924,Tungurahua,Sierra,Urbana,Hombre,57,11.0,47.0,780.67,1,Secundaria,6.6601525253352625,45-65
P02925,Pichincha,Sierra,Urbana,Hombre,20,10.0,50.0,341.08,0,Secundaria,5.832117053873849,18-29
P02926,Los Ríos,Costa,Urbana,Mujer,45,11.0,32.0,519.82,0,Secundaria,6.253482597804248,45-65
P02927,Sucumbíos,Amazonía,Urbana,Mujer,61,17.0,38.0,856.63,0,Posgrado,6.753006086748723,45-65
P02929,Guayas,Costa,Urbana,Hombre,51,18.0,36.0,684.6,0,Posgrado,6.528834726096085,45-65
P02930,Guayas,Costa,Urbana,Mujer,21,15.0,43.0,418.0,0,Superior,6.035481432524756,18-29
P02931,Los Ríos,Costa,Urbana,Hombre,19,4.0,46.0,167.96,0,Primaria,5.123725855815993,18-29
P02932,Pichincha,Sierra,Urbana,Hombre,27,17.0,45.0,556.04,1,Posgrado,6.320840234108892,18-29
P02935,Pichincha,Sierra,Rural,Mujer,23,9.0,27.0,197.2,0,Secundaria,5.284218442168535,18-29
P02936,Galápagos,Insular,Urbana,Hombre,49,11.0,57.0,318.23,0,Secundaria,5.762774391786414,45-65
P02937,Esmeraldas,Costa,Rural,Hombre,48,10.0,43.0,345.2,0,Secundaria,5.844123959209273,45-65
P02938,Guayas,Costa,Rural,Hombre,18,11.0,52.0,651.83,1,Secundaria,6.479783791732742,18-29
P02939,Guayas,Costa,Rural,Hombre,25,13.0,38.0,378.8,0,Superior,5.937008361311923,18-29
P02940,Imbabura,Sierra,Rural,Hombre,39,10.0,43.0,280.35,0,Secundaria,5.636038822569682,30-44
P02941,El Oro,Costa,Urbana,Hombre,42,7.0,43.0,639.67,1,Secundaria,6.4609524183734335,30-44
P02942,Esmeraldas,Costa,Rural,Mujer,32,10.0,54.0,468.22,1,Secundaria,6.148938270932172,30-44
P02944,Guayas,Costa,Rural,Hombre,36,10.0,44.0,286.21,0,Secundaria,5.65672580711292,30-44
P02945,Guayas,Costa,Urbana,Hombre,57,12.0,35.0,1230.59,1,Secundaria,7.115249008156032,45-65
P02946,Guayas,Costa,Urbana,Hombre,43,15.0,37.0,503.79,0,Superior,6.222159514575027,30-44
P02947,Guayas,Costa,Rural,Hombre,26,9.0,45.0,881.73,1,Secundaria,6.781885886692771,18-29
P02948,Guayas,Costa,Urbana,Mujer,48,10.0,49.0,686.6,1,Secundaria,6.531751881023592,45-65
P02949,Imbabura,Sierra,Urbana,Mujer,45,15.0,38.0,539.3,0,Superior,6.2902720023431815,45-65
P02950,Galápagos,Insular,Urbana,Mujer,29,10.0,51.0,795.96,1,Secundaria,6.679548933325465,18-29
P02951,Chimborazo,Sierra,Urbana,Hombre,28,4.0,33.0,300.09,0,Primaria,5.704082429665199,18-29
P02952,Guayas,Costa,Urbana,Mujer,60,11.0,50.0,643.82,1,Secundaria,6.467419183930491,45-65
P02953,Los Ríos,Costa,Urbana,Hombre,37,14.0,51.0,1354.35,1,Superior,7.211076913421598,30-44
P02954,Pichincha,Sierra,Urbana,Hombre,45,13.0,52.0,983.71,1,Superior,6.891331138167967,45-65
P02956,Guayas,Costa,Urbana,Hombre,31,18.0,53.0,828.09,1,Posgrado,6.719121844130489,30-44
P02957,Azuay,Sierra,Rural,Mujer,39,13.0,40.0,1424.93,1,Superior,7.261877968689169,30-44
P02958,Pichincha,Sierra,Urbana,Mujer,35,10.0,46.0,459.89,0,Secundaria,6.1309873304521165,30-44
P02959,Manabí,Costa,Urbana,Hombre,28,8.0,47.0,224.19,0,Secundaria,5.412493906610308,18-29
P02960,Orellana,Amazonía,Urbana,Mujer,58,11.0,41.0,647.46,1,Secundaria,6.473057015603698,45-65
P02961,Chimborazo,Sierra,Rural,Hombre,55,6.0,45.0,371.0,0,Primaria,5.916202062607435,45-65
P02962,Guayas,Costa,Urbana,Hombre,62,7.0,40.0,322.15,0,Secundaria,5.775017275584651,45-65
P02963,Pichincha,Sierra,Rural,Hombre,20,10.0,32.0,320.27,0,Secundaria,5.76916439003684,18-29
P02964,El Oro,Costa,Urbana,Hombre,45,13.0,45.0,303.2,0,Superior,5.714392653768217,45-65
P02965,Loja,Sierra,Urbana,Hombre,64,9.0,50.0,745.89,1,Secundaria,6.614578136248376,45-65
P02966,Sucumbíos,Amazonía,Rural,Hombre,61,5.0,45.0,444.16,0,Primaria,6.096184857878385,45-65
P02967,Loja,Sierra,Urbana,Mujer,60,9.0,40.0,237.12,0,Secundaria,5.468566342107722,45-65
P02968,Chimborazo,Sierra,Urbana,Hombre,52,17.0,56.0,1606.54,1,Posgrado,7.38183807709437,45-65
P02969,Loja,Sierra,Rural,Mujer,21,6.0,34.0,474.68,0,Primaria,6.162640892796938,18-29
P02970,Guayas,Costa,Urbana,Hombre,33,10.0,39.0,364.94,0,Secundaria,5.899732956508389,30-44
P02971,Morona Santiago,Amazonía,Urbana,Hombre,51,13.0,17.0,634.46,0,Superior,6.452774243402057,45-65
P02972,Guayas,Costa,Urbana,Mujer,41,8.0,44.0,883.56,1,Secundaria,6.783959201168626,30-44
P02973,Azuay,Sierra,Urbana,Mujer,22,11.0,41.0,581.06,1,Secundaria,6.36485402174366,18-29
P02974,El Oro,Costa,Urbana,Mujer,32,11.0,33.0,1056.35,0,Secundaria,6.962574848746244,30-44
P02975,El Oro,Costa,Urbana,Hombre,34,8.0,29.0,305.98,0,Secundaria,5.723519740339233,30-44
P02976,Imbabura,Sierra,Urbana,Mujer,47,12.0,47.0,812.24,1,Secundaria,6.699795862992968,45-65
P02979,Los Ríos,Costa,Urbana,Mujer,39,9.0,35.0,341.0,0,Secundaria,5.831882477283517,30-44
P02980,Imbabura,Sierra,Urbana,Mujer,62,9.0,29.0,787.1,0,Secundaria,6.668355305148404,45-65
P02981,Pichincha,Sierra,Urbana,Mujer,61,13.0,46.0,568.24,1,Superior,6.342543864689555,45-65
P02982,Tungurahua,Sierra,Urbana,Hombre,60,13.0,40.0,1214.13,1,Superior,7.101783049906128,45-65
P02983,Guayas,Costa,Rural,Mujer,44,11.0,55.0,382.09,0,Secundaria,5.9456561829510015,30-44
P02984,Manabí,Costa,Rural,Hombre,29,11.0,44.0,860.41,1,Secundaria,6.757409019827197,18-29
P02985,Azuay,Sierra,Rural,Mujer,31,8.0,38.0,251.56,0,Secundaria,5.527681529675303,30-44
P02986,Pichincha,Sierra,Urbana,Hombre,26,10.0,54.0,1109.83,1,Secundaria,7.011962129424085,18-29
P02987,Guayas,Costa,Urbana,Mujer,26,13.0,50.0,566.88,1,Superior,6.340147641117162,18-29
P02988,Guayas,Costa,Rural,Mujer,53,10.0,37.0,700.47,0,Secundaria,6.551751538307516,45-65
P02989,Loja,Sierra,Urbana,Hombre,28,14.0,62.0,614.63,1,Superior,6.421020460740706,18-29
P02990,Pichincha,Sierra,Rural,Mujer,51,18.0,46.0,1285.31,1,Posgrado,7.158755213370578,45-65
P02991,Guayas,Costa,Urbana,Mujer,39,10.0,64.0,660.08,1,Secundaria,6.492361039796088,30-44
P02992,Pichincha,Sierra,Rural,Hombre,19,9.0,41.0,127.56,0,Secundaria,4.848586842141857,18-29
P02993,El Oro,Costa,Urbana,Hombre,32,10.0,43.0,229.75,0,Secundaria,5.436991761235796,30-44
P02994,Sucumbíos,Amazonía,Rural,Hombre,21,14.0,28.0,610.32,0,Superior,6.413983409781974,18-29
P02995,Manabí,Costa,Rural,Hombre,19,9.0,35.0,239.29,0,Secundaria,5.477676205491225,18-29
P02996,Sucumbíos,Amazonía,Rural,Mujer,59,12.0,36.0,493.63,0,Secundaria,6.201786248702134,45-65
P02997,El Oro,Costa,Urbana,Hombre,62,13.0,43.0,710.04,1,Superior,6.565321306476603,45-65
P02998,Esmeraldas,Costa,Urbana,Mujer,42,12.0,42.0,322.64,0,Secundaria,5.776537150565113,30-44
P02999,Manabí,Costa,Urbana,Mujer,20,17.0,44.0,2198.44,1,Posgrado,7.695503296913448,18-29
P03000,Chimborazo,Sierra,Urbana,Mujer,62,15.0,44.0,1251.83,1,Superior,7.132361759693128,45-65
P03001,Pichincha,Sierra,Rural,Hombre,42,7.0,37.0,485.07,0,Secundaria,6.184293210419833,30-44
P03002,Azuay,Sierra,Urbana,Mujer,46,14.0,43.0,335.06,0,Superior,5.814309620265386,45-65
P03003,Guayas,Costa,Urbana,Mujer,26,18.0,26.0,1538.83,0,Posgrado,7.338777666399045,18-29
P03004,Guayas,Costa,Urbana,Mujer,28,7.0,26.0,562.14,0,Secundaria,6.331750929191152,18-29
P03005,Manabí,Costa,Urbana,Hombre,23,16.0,48.0,1135.82,1,Superior,7.035110136022232,18-29
P03006,Pichincha,Sierra,Rural,Mujer,43,11.0,49.0,678.39,1,Secundaria,6.5197223438030125,30-44
P03007,Sucumbíos,Amazonía,Urbana,Mujer,27,9.0,37.0,628.12,0,Secundaria,6.4427312310167535,18-29
P03008,Guayas,Costa,Rural,Hombre,40,6.0,21.0,113.74,0,Primaria,4.733915141878653,30-44
P03009,Pichincha,Sierra,Urbana,Hombre,36,11.0,31.0,895.57,0,Secundaria,6.797460387066641,30-44
P03010,Guayas,Costa,Urbana,Hombre,22,13.0,40.0,428.32,0,Superior,6.059870579772042,18-29
P03011,Guayas,Costa,Rural,Hombre,48,7.0,42.0,289.59,0,Secundaria,5.668466129528634,45-65
P03012,Guayas,Costa,Urbana,Hombre,22,15.0,27.0,1006.83,0,Superior,6.914562060195059,18-29
P03013,Pichincha,Sierra,Urbana,Mujer,37,14.0,24.0,598.76,0,Superior,6.394860850047035,30-44
P03014,Pichincha,Sierra,Urbana,Mujer,44,11.0,37.0,720.99,0,Secundaria,6.580625267563245,30-44
P03015,Manabí,Costa,Rural,Hombre,40,11.0,34.0,324.95,0,Secundaria,5.783671324340358,30-44
P03016,Guayas,Costa,Urbana,Hombre,31,10.0,54.0,440.67,0,Secundaria,6.088296296011433,30-44
P03017,Guayas,Costa,Urbana,Hombre,51,11.0,43.0,833.06,1,Secundaria,6.725105668384417,45-65
P03018,Tungurahua,Sierra,Urbana,Mujer,29,17.0,36.0,802.31,0,Posgrado,6.6874950668474575,18-29
P03019,Loja,Sierra,Rural,Hombre,49,17.0,35.0,635.93,0,Posgrado,6.455088494389676,45-65
P03020,Manabí,Costa,Urbana,Hombre,39,11.0,49.0,913.35,1,Secundaria,6.817119158722693,30-44
P03021,Guayas,Costa,Urbana,Hombre,41,16.0,49.0,513.99,1,Superior,6.242203810012991,30-44
P03024,Galápagos,Insular,Urbana,Hombre,45,18.0,45.0,677.9,1,Posgrado,6.51899978443692,45-65
P03025,Pichincha,Sierra,Urbana,Hombre,45,13.0,34.0,1092.26,0,Superior,6.996004223202773,45-65
P03026,Los Ríos,Costa,Urbana,Mujer,42,16.0,17.0,671.05,0,Superior,6.508843649843815,30-44
P03027,Guayas,Costa,Urbana,Hombre,22,13.0,45.0,269.86,0,Superior,5.5979033060026415,18-29
P03028,Chimborazo,Sierra,Urbana,Mujer,23,11.0,28.0,282.04,0,Secundaria,5.6420489048508395,18-29
P03029,Orellana,Amazonía,Rural,Hombre,29,8.0,49.0,367.55,0,Secundaria,5.906859363820097,18-29
P03030,El Oro,Costa,Urbana,Mujer,48,13.0,52.0,900.94,1,Superior,6.803438662716141,45-65
P03031,Esmeraldas,Costa,Urbana,Hombre,26,11.0,60.0,929.04,1,Secundaria,6.834151794937502,18-29
P03032,Chimborazo,Sierra,Urbana,Hombre,26,16.0,39.0,1370.23,0,Superior,7.22273388794304,18-29
P03033,Guayas,Costa,Urbana,Mujer,20,10.0,22.0,497.5,0,Secundaria,6.209595556598647,18-29
P03034,Pichincha,Sierra,Urbana,Mujer,64,15.0,26.0,754.94,0,Superior,6.626638275892426,45-65
P03035,Morona Santiago,Amazonía,Rural,Hombre,46,7.0,28.0,368.77,0,Secundaria,5.9101731434713765,45-65
P03036,Loja,Sierra,Rural,Mujer,44,10.0,61.0,266.03,0,Secundaria,5.58360908437718,30-44
P03037,Chimborazo,Sierra,Rural,Hombre,60,14.0,52.0,789.34,1,Superior,6.671197153246066,45-65
P03038,Pichincha,Sierra,Urbana,Hombre,26,14.0,51.0,487.21,1,Superior,6.188695241636603,18-29
P03039,Los Ríos,Costa,Rural,Hombre,55,9.0,36.0,220.36,0,Secundaria,5.395262572604516,45-65
P03040,Los Ríos,Costa,Urbana,Hombre,22,12.0,39.0,989.68,1,Secundaria,6.897381658554576,18-29
P03041,Loja,Sierra,Urbana,Hombre,64,13.0,38.0,941.09,0,Superior,6.8470387779449355,45-65
P03042,Galápagos,Insular,Urbana,Hombre,23,12.0,23.0,651.62,0,Secundaria,6.479461569933951,18-29
P03043,Sucumbíos,Amazonía,Urbana,Mujer,39,15.0,45.0,553.55,1,Superior,6.3163520823054755,30-44
P03044,Chimborazo,Sierra,Rural,Mujer,25,14.0,31.0,1188.43,0,Superior,7.080388387295408,18-29
P03045,Guayas,Costa,Rural,Hombre,27,11.0,33.0,908.87,1,Secundaria,6.812202069648528,18-29
P03046,Pichincha,Sierra,Urbana,Hombre,52,14.0,48.0,1032.38,0,Superior,6.939622095320509,45-65
P03047,Azuay,Sierra,Rural,Hombre,44,14.0,49.0,1948.28,1,Superior,7.574702211039608,30-44
P03048,Pichincha,Sierra,Rural,Hombre,32,7.0,51.0,182.16,0,Secundaria,5.204885421755484,30-44
P03049,El Oro,Costa,Urbana,Mujer,54,13.0,36.0,468.42,0,Superior,6.149365329360255,45-65
P03050,Guayas,Costa,Urbana,Hombre,40,11.0,30.0,837.44,0,Secundaria,6.730349619341781,30-44
P03051,Pichincha,Sierra,Urbana,Hombre,53,3.0,49.0,180.0,1,Primaria,5.19295685089021,45-65
P03052,Orellana,Amazonía,Rural,Hombre,35,9.0,34.0,275.4,0,Secundaria,5.618224586294555,30-44
P03053,Guayas,Costa,Urbana,Hombre,50,15.0,25.0,552.43,0,Superior,6.314326728532607,45-65
P03054,Chimborazo,Sierra,Urbana,Mujer,20,9.0,31.0,423.88,0,Secundaria,6.049450396306635,18-29
P03055,Manabí,Costa,Urbana,Hombre,27,7.0,44.0,569.89,1,Secundaria,6.345443359748945,18-29
P03056,Guayas,Costa,Urbana,Mujer,46,9.0,31.0,408.8,0,Secundaria,6.013226038889495,45-65
P03057,Guayas,Costa,Urbana,Mujer,45,17.0,54.0,1031.86,1,Posgrado,6.939118277924276,45-65
P03058,Imbabura,Sierra,Urbana,Hombre,49,13.0,44.0,799.64,1,Superior,6.684161626387542,45-65
P03059,Pichincha,Sierra,Urbana,Mujer,61,17.0,41.0,976.55,1,Posgrado,6.8840259522829,45-65
P03060,Orellana,Amazonía,Rural,Hombre,41,13.0,20.0,287.43,0,Superior,5.660979352330892,30-44
P03062,Manabí,Costa,Urbana,Hombre,61,13.0,61.0,357.79,0,Superior,5.879946222109427,45-65
P03063,Loja,Sierra,Urbana,Hombre,21,8.0,58.0,636.55,1,Secundaria,6.456062969507654,18-29
P03064,Guayas,Costa,Urbana,Hombre,50,14.0,30.0,423.17,0,Superior,6.047773989562574,45-65
P03065,Azuay,Sierra,Rural,Mujer,35,8.0,57.0,502.17,1,Secundaria,6.218938707782638,30-44
P03066,Loja,Sierra,Urbana,Mujer,50,14.0,28.0,610.08,0,Superior,6.413590096109254,45-65
P03068,Guayas,Costa,Urbana,Hombre,34,11.0,53.0,408.92,0,Secundaria,6.013519537888813,30-44
P03069,Orellana,Amazonía,Urbana,Mujer,41,15.0,53.0,385.51,0,Superior,5.954567133004164,30-44
P03070,Guayas,Costa,Rural,Hombre,29,13.0,52.0,671.75,1,Superior,6.509886247495601,18-29
P03071,Pichincha,Sierra,Urbana,Mujer,44,12.0,41.0,332.5,0,Secundaria,5.806639860095909,30-44
P03073,Guayas,Costa,Urbana,Mujer,29,15.0,39.0,1626.49,0,Superior,7.394179597723587,18-29
P03074,Pichincha,Sierra,Urbana,Mujer,38,11.0,31.0,779.3,0,Secundaria,6.658396080849515,30-44
P03075,Morona Santiago,Amazonía,Rural,Hombre,54,13.0,36.0,246.43,0,Superior,5.507077977494793,45-65
P03076,Guayas,Costa,Urbana,Mujer,61,10.0,17.0,527.12,0,Secundaria,6.267428226605564,45-65
P03077,Azuay,Sierra,Rural,Hombre,42,7.0,28.0,559.39,0,Secundaria,6.3268469043120446,30-44
P03078,Pichincha,Sierra,Urbana,Mujer,43,10.0,39.0,462.36,0,Secundaria,6.136343808426067,30-44
P03079,Guayas,Costa,Urbana,Mujer,40,11.0,50.0,544.56,1,Secundaria,6.299978129139696,30-44
P03080,Pichincha,Sierra,Rural,Mujer,21,5.0,46.0,261.04,0,Primaria,5.564673652285065,18-29
P03081,Pichincha,Sierra,Rural,Mujer,55,2.0,71.0,199.2,0,Primaria,5.294309345150498,45-65
P03083,Sucumbíos,Amazonía,Urbana,Hombre,27,11.0,59.0,466.14,0,Secundaria,6.144486018190384,18-29
P03084,Guayas,Costa,Urbana,Hombre,31,12.0,19.0,275.83,0,Secundaria,5.619784733917944,30-44
P03085,Manabí,Costa,Urbana,Hombre,35,13.0,56.0,335.36,0,Superior,5.8152045816926226,30-44
P03086,Guayas,Costa,Urbana,Hombre,65,20.0,28.0,1070.54,0,Posgrado,6.975918473048611,45-65
P03087,El Oro,Costa,Urbana,Mujer,35,13.0,49.0,743.78,1,Superior,6.611745292180813,30-44
P03088,Sucumbíos,Amazonía,Urbana,Mujer,44,13.0,43.0,270.99,0,Superior,5.602081919829862,30-44
P03089,Pichincha,Sierra,Urbana,Hombre,20,7.0,54.0,443.08,0,Secundaria,6.093750340648732,18-29
P03090,El Oro,Costa,Urbana,Hombre,49,13.0,38.0,1720.28,0,Superior,7.450242347256205,45-65
P03091,Chimborazo,Sierra,Urbana,Mujer,48,7.0,50.0,815.95,1,Secundaria,6.704353078576943,45-65
P03092,El Oro,Costa,Urbana,Mujer,22,15.0,28.0,225.46,0,Superior,5.418142759616385,18-29
P03093,Guayas,Costa,Rural,Hombre,22,11.0,49.0,397.2,0,Secundaria,5.984439932171018,18-29
P03094,Pichincha,Sierra,Urbana,Hombre,40,13.0,54.0,1191.21,1,Superior,7.082724876230466,30-44
P03095,Manabí,Costa,Urbana,Hombre,31,12.0,53.0,780.83,1,Secundaria,6.660357456491919,30-44
P03096,Manabí,Costa,Urbana,Mujer,34,10.0,41.0,472.1,1,Secundaria,6.157190827552241,30-44
P03098,Guayas,Costa,Urbana,Mujer,33,17.0,24.0,432.93,0,Posgrado,6.070576052116096,30-44
P03099,Pichincha,Sierra,Urbana,Mujer,18,12.0,53.0,586.45,1,Secundaria,6.374087412967514,18-29
P03100,Guayas,Costa,Rural,Mujer,56,16.0,49.0,802.07,1,Superior,6.687195885853192,45-65
P03101,Manabí,Costa,Urbana,Hombre,39,12.0,29.0,621.66,0,Secundaria,6.432393319491715,30-44
P03102,Orellana,Amazonía,Rural,Hombre,60,9.0,46.0,326.11,0,Secundaria,5.787234747765147,45-65
P03103,Esmeraldas,Costa,Urbana,Mujer,39,14.0,35.0,1929.28,0,Superior,7.5649021553010405,30-44
P03104,Guayas,Costa,Urbana,Hombre,22,17.0,37.0,1376.94,1,Posgrado,7.227618924794576,18-29
P03105,Esmeraldas,Costa,Urbana,Mujer,18,9.0,40.0,250.49,0,Secundaria,5.523418999568408,18-29
P03106,Guayas,Costa,Rural,Mujer,58,13.0,43.0,732.41,1,Superior,6.596340466448269,45-65
P03107,Guayas,Costa,Urbana,Hombre,61,16.0,40.0,846.98,1,Superior,6.741677081622384,45-65
P03108,Azuay,Sierra,Urbana,Hombre,43,10.0,50.0,1003.6,1,Secundaria,6.911348814492268,30-44
P03109,Guayas,Costa,Urbana,Mujer,55,10.0,23.0,378.31,0,Secundaria,5.935713965336663,45-65
P03110,Guayas,Costa,Urbana,Hombre,47,15.0,54.0,798.77,1,Superior,6.683073044501902,45-65
P03111,Los Ríos,Costa,Rural,Hombre,40,9.0,34.0,441.27,1,Secundaria,6.089656932999361,30-44
P03112,Manabí,Costa,Urbana,Hombre,50,15.0,28.0,644.46,0,Superior,6.468412756838011,45-65
P03113,Morona Santiago,Amazonía,Urbana,Mujer,57,12.0,56.0,599.71,1,Secundaria,6.396446205039607,45-65
P03114,Tungurahua,Sierra,Rural,Hombre,54,13.0,44.0,415.66,0,Superior,6.029867618390927,45-65
P03115,Morona Santiago,Amazonía,Urbana,Hombre,50,11.0,46.0,1029.68,1,Secundaria,6.937003353341122,45-65
P03116,Manabí,Costa,Rural,Mujer,39,12.0,52.0,304.88,0,Secundaria,5.719918256565605,30-44
P03117,Manabí,Costa,Urbana,Mujer,37,11.0,56.0,592.12,0,Secundaria,6.383709317045291,30-44
P03118,Galápagos,Insular,Rural,Hombre,19,8.0,50.0,663.52,1,Secundaria,6.497558996498071,18-29
P03119,Chimborazo,Sierra,Urbana,Hombre,23,11.0,31.0,362.91,0,Secundaria,5.894154869639866,18-29
P03120,Guayas,Costa,Rural,Mujer,31,10.0,42.0,555.92,1,Secundaria,6.320624399006072,30-44
P03121,Guayas,Costa,Rural,Hombre,28,7.0,34.0,203.08,0,Secundaria,5.313599990079194,18-29
P03122,Los Ríos,Costa,Urbana,Hombre,21,11.0,42.0,888.58,1,Secundaria,6.7896246829336375,18-29
P03123,Manabí,Costa,Urbana,Hombre,58,9.0,45.0,896.46,1,Secundaria,6.798453674091048,45-65
P03124,Pichincha,Sierra,Urbana,Hombre,20,9.0,34.0,777.56,0,Secundaria,6.656160811493912,18-29
P03125,Morona Santiago,Amazonía,Urbana,Mujer,58,13.0,36.0,443.9,0,Superior,6.095599311839989,45-65
P03126,Manabí,Costa,Urbana,Hombre,44,10.0,42.0,386.51,0,Secundaria,5.957157740913987,30-44
P03127,Guayas,Costa,Rural,Mujer,28,6.0,48.0,158.64,0,Primaria,5.06663748421154,18-29
P03128,Imbabura,Sierra,Urbana,Hombre,52,9.0,39.0,527.84,0,Secundaria,6.268793207480272,45-65
P03129,Los Ríos,Costa,Urbana,Mujer,45,15.0,39.0,449.66,0,Superior,6.108491741632856,45-65
P03130,Guayas,Costa,Urbana,Mujer,20,11.0,35.0,1931.22,0,Secundaria,7.56590720654482,18-29
P03131,Imbabura,Sierra,Urbana,Hombre,42,7.0,22.0,627.94,0,Secundaria,6.442444620502554,30-44
P03132,Guayas,Costa,Rural,Hombre,46,9.0,44.0,449.02,0,Secundaria,6.107067430180069,45-65
P03133,Los Ríos,Costa,Urbana,Mujer,62,16.0,45.0,1224.4,1,Superior,7.110206207071258,45-65
P03134,Azuay,Sierra,Urbana,Hombre,53,19.0,54.0,1563.14,1,Posgrado,7.354451897747376,45-65
P03135,Guayas,Costa,Urbana,Hombre,24,11.0,31.0,322.75,0,Secundaria,5.776878029726752,18-29
P03136,Pichincha,Sierra,Rural,Hombre,32,10.0,33.0,427.17,0,Secundaria,6.057182060461013,30-44
P03137,Guayas,Costa,Urbana,Mujer,43,13.0,50.0,1426.5,1,Superior,7.262979170653555,30-44
P03138,Pichincha,Sierra,Urbana,Hombre,65,18.0,35.0,1243.74,0,Posgrado,7.125878248239475,45-65
P03139,Guayas,Costa,Urbana,Mujer,54,9.0,37.0,460.11,1,Secundaria,6.131465591330798,45-65
P03140,Manabí,Costa,Urbana,Mujer,20,13.0,40.0,297.15,0,Superior,5.69423706181267,18-29
P03141,Imbabura,Sierra,Rural,Mujer,21,7.0,26.0,80.54,0,Secundaria,4.388753955423308,18-29
P03142,Guayas,Costa,Rural,Mujer,46,6.0,27.0,353.57,0,Primaria,5.868081485535274,45-65
P03143,El Oro,Costa,Rural,Mujer,39,4.0,40.0,160.04,0,Primaria,5.075423783989034,30-44
P03144,Azuay,Sierra,Urbana,Mujer,37,6.0,39.0,256.37,0,Primaria,5.5466217135207465,30-44
P03145,Los Ríos,Costa,Urbana,Mujer,57,11.0,49.0,412.64,0,Secundaria,6.022575542133034,45-65
P03146,Manabí,Costa,Urbana,Mujer,53,11.0,31.0,708.54,0,Secundaria,6.563206514841245,45-65
P03147,Guayas,Costa,Urbana,Mujer,62,6.0,46.0,1325.57,1,Primaria,7.189597834594947,45-65
P03148,El Oro,Costa,Urbana,Hombre,47,15.0,14.0,965.47,0,Superior,6.872615029402397,45-65
P03151,Sucumbíos,Amazonía,Rural,Hombre,45,9.0,56.0,575.56,1,Secundaria,6.355343479895216,45-65
P03152,Guayas,Costa,Urbana,Mujer,62,9.0,44.0,669.89,1,Secundaria,6.50711351980167,45-65
P03153,Imbabura,Sierra,Urbana,Hombre,32,13.0,28.0,701.56,0,Superior,6.553306426889937,30-44
P03154,Pichincha,Sierra,Rural,Hombre,18,9.0,29.0,355.96,0,Secundaria,5.874818364988662,18-29
P03155,El Oro,Costa,Urbana,Mujer,56,11.0,38.0,579.97,0,Secundaria,6.362976378064794,45-65
P03156,Galápagos,Insular,Urbana,Hombre,50,14.0,47.0,1790.98,0,Superior,7.49051823505252,45-65
P03157,Tungurahua,Sierra,Rural,Hombre,28,14.0,42.0,286.29,0,Superior,5.657005283097273,18-29
P03158,Manabí,Costa,Urbana,Hombre,43,12.0,50.0,782.77,1,Secundaria,6.662838910822286,30-44
P03159,Guayas,Costa,Urbana,Hombre,40,8.0,42.0,450.46,0,Secundaria,6.110269282873232,30-44
P03160,Galápagos,Insular,Urbana,Mujer,48,14.0,50.0,1286.71,1,Superior,7.159843851980127,45-65
P03161,Guayas,Costa,Urbana,Hombre,45,15.0,55.0,694.4,1,Superior,6.543048163346141,45-65
P03162,Guayas,Costa,Rural,Hombre,40,15.0,37.0,688.87,0,Superior,6.535052573966207,30-44
P03163,Azuay,Sierra,Urbana,Mujer,33,10.0,50.0,489.98,0,Secundaria,6.1943645739451325,30-44
P03164,Loja,Sierra,Urbana,Mujer,63,13.0,29.0,804.18,0,Superior,6.68982312471846,45-65
P03167,Manabí,Costa,Urbana,Mujer,24,7.0,42.0,392.81,1,Secundaria,5.973326034404727,18-29
P03168,Pichincha,Sierra,Rural,Hombre,51,6.0,28.0,151.37,0,Primaria,5.019727170774474,45-65
P03169,Manabí,Costa,Urbana,Mujer,30,11.0,36.0,199.28,0,Secundaria,5.294710870953925,30-44
P03170,Tungurahua,Sierra,Urbana,Mujer,25,17.0,45.0,595.05,1,Posgrado,6.388645435628448,18-29
P03171,Guayas,Costa,Urbana,Mujer,49,8.0,36.0,284.92,0,Secundaria,5.6522084391101535,45-65
P03172,Guayas,Costa,Rural,Hombre,54,7.0,54.0,144.74,0,Secundaria,4.974939029437982,45-65
P03173,Tungurahua,Sierra,Urbana,Mujer,46,13.0,51.0,678.65,1,Superior,6.520105530743974,45-65
P03174,Guayas,Costa,Rural,Mujer,30,9.0,42.0,181.41,0,Secundaria,5.2007596629532316,30-44
P03175,Guayas,Costa,Urbana,Mujer,54,5.0,39.0,346.43,1,Primaria,5.847680778019108,45-65
P03176,Sucumbíos,Amazonía,Rural,Mujer,47,14.0,45.0,217.33,0,Superior,5.381416935717611,45-65
P03177,El Oro,Costa,Rural,Mujer,33,16.0,40.0,1025.52,1,Superior,6.932955080003879,30-44
P03178,Guayas,Costa,Urbana,Hombre,56,18.0,36.0,1022.83,0,Posgrado,6.9303285742344345,45-65
P03179,Guayas,Costa,Rural,Mujer,56,12.0,36.0,792.86,0,Secundaria,6.675646661282277,45-65
P03182,Pichincha,Sierra,Rural,Hombre,34,8.0,50.0,443.41,0,Secundaria,6.094494849927445,30-44
P03183,Pichincha,Sierra,Urbana,Hombre,31,19.0,52.0,2064.57,1,Posgrado,7.632677251266227,30-44
P03184,Guayas,Costa,Urbana,Hombre,37,15.0,42.0,933.0,1,Superior,6.838405200847344,30-44
P03185,Sucumbíos,Amazonía,Rural,Hombre,32,13.0,45.0,575.81,1,Superior,6.355777745168637,30-44
P03186,Los Ríos,Costa,Urbana,Mujer,20,18.0,32.0,428.17,0,Posgrado,6.059520312981926,18-29
P03187,Chimborazo,Sierra,Urbana,Mujer,45,13.0,29.0,303.65,0,Superior,5.7158757223435845,45-65
P03188,Tungurahua,Sierra,Urbana,Hombre,32,12.0,34.0,272.65,0,Secundaria,5.60818892137207,30-44
P03189,Los Ríos,Costa,Rural,Hombre,53,14.0,14.0,1692.59,1,Superior,7.434015179148129,45-65
P03190,Morona Santiago,Amazonía,Rural,Hombre,21,13.0,31.0,625.58,0,Superior,6.438679219410609,18-29
P03191,Los Ríos,Costa,Urbana,Mujer,36,14.0,49.0,533.99,1,Superior,6.28037711219309,30-44
P03192,Guayas,Costa,Rural,Hombre,30,12.0,61.0,691.37,1,Secundaria,6.538675136323405,30-44
P03193,Pichincha,Sierra,Urbana,Mujer,37,9.0,27.0,724.61,0,Secundaria,6.585633579083385,30-44
P03194,Los Ríos,Costa,Rural,Hombre,65,12.0,56.0,784.74,1,Secundaria,6.665352452729116,45-65
P03195,Orellana,Amazonía,Urbana,Hombre,33,12.0,42.0,1020.96,1,Secundaria,6.928498640120036,30-44
P03196,Guayas,Costa,Rural,Hombre,22,13.0,42.0,276.17,0,Superior,5.621016618131701,18-29
P03197,El Oro,Costa,Urbana,Hombre,65,13.0,29.0,631.97,0,Superior,6.448841924665769,45-65
P03198,Guayas,Costa,Rural,Hombre,65,8.0,33.0,349.8,0,Secundaria,5.857361562584502,45-65
P03199,El Oro,Costa,Urbana,Mujer,19,13.0,32.0,541.12,0,Superior,6.293641065710215,18-29
P03200,Pichincha,Sierra,Urbana,Hombre,46,15.0,43.0,1057.37,1,Superior,6.963539971921663,45-65
P03201,Pichincha,Sierra,Urbana,Hombre,44,12.0,57.0,672.81,1,Secundaria,6.511462971806307,30-44
P03202,Esmeraldas,Costa,Rural,Mujer,52,13.0,34.0,1054.21,0,Superior,6.9605469502421755,45-65
P03203,El Oro,Costa,Urbana,Hombre,38,5.0,41.0,601.72,1,Primaria,6.399792220829623,30-44
P03204,Imbabura,Sierra,Rural,Mujer,28,13.0,49.0,420.25,0,Superior,6.040849772288725,18-29
P03205,Guayas,Costa,Urbana,Mujer,54,15.0,44.0,467.25,0,Superior,6.146864446335672,45-65
P03206,Chimborazo,Sierra,Urbana,Hombre,32,12.0,50.0,1763.72,1,Secundaria,7.475180493809042,30-44
P03208,Pichincha,Sierra,Rural,Mujer,34,13.0,31.0,157.43,0,Superior,5.058980915026537,30-44
P03209,Pichincha,Sierra,Urbana,Hombre,19,10.0,35.0,382.35,0,Secundaria,5.946336419490234,18-29
P03210,Pichincha,Sierra,Rural,Mujer,43,16.0,38.0,538.3,0,Superior,6.288416025566912,30-44
P03211,Imbabura,Sierra,Urbana,Hombre,50,22.0,55.0,1135.32,1,Posgrado,7.034669828504353,45-65
P03212,Galápagos,Insular,Rural,Hombre,43,11.0,49.0,414.93,0,Secundaria,6.028109831304726,30-44
P03213,Manabí,Costa,Rural,Mujer,44,12.0,68.0,465.41,0,Secundaria,6.142918737530347,30-44
P03214,Guayas,Costa,Urbana,Mujer,46,13.0,49.0,1647.53,0,Superior,7.407032475619067,45-65
P03216,Los Ríos,Costa,Urbana,Mujer,60,13.0,34.0,841.4,0,Superior,6.7350671711564205,45-65
P03217,Pichincha,Sierra,Rural,Mujer,39,5.0,37.0,127.57,0,Primaria,4.848665233550198,30-44
P03219,Guayas,Costa,Rural,Mujer,42,14.0,46.0,281.62,0,Superior,5.6405586444891656,30-44
P03220,Los Ríos,Costa,Urbana,Mujer,57,16.0,47.0,1164.55,1,Superior,7.060090025285416,45-65
P03221,El Oro,Costa,Rural,Hombre,52,6.0,39.0,406.67,0,Primaria,6.008002045746911,45-65
P03222,Azuay,Sierra,Rural,Mujer,57,8.0,54.0,235.75,0,Secundaria,5.462771921513567,45-65
P03223,Guayas,Costa,Rural,Hombre,54,8.0,34.0,877.74,0,Secundaria,6.77735042221805,45-65
P03224,Manabí,Costa,Urbana,Hombre,62,7.0,34.0,416.8,0,Secundaria,6.032606490439157,45-65
P03225,Imbabura,Sierra,Rural,Hombre,50,12.0,47.0,521.24,1,Secundaria,6.256210588276705,45-65
P03226,Pichincha,Sierra,Urbana,Hombre,23,3.0,45.0,662.52,1,Primaria,6.496050746083953,18-29
P03227,Guayas,Costa,Rural,Hombre,25,5.0,56.0,305.22,0,Primaria,5.721032828062729,18-29
P03228,Loja,Sierra,Urbana,Hombre,20,15.0,58.0,440.17,0,Superior,6.0871610159294605,18-29
P03229,Guayas,Costa,Rural,Hombre,57,8.0,54.0,582.13,1,Secundaria,6.366693790486182,45-65
P03230,Loja,Sierra,Urbana,Hombre,20,16.0,40.0,957.07,1,Superior,6.863876534023531,18-29
P03231,Guayas,Costa,Urbana,Hombre,37,9.0,35.0,617.43,0,Secundaria,6.425565701752478,30-44
P03232,Imbabura,Sierra,Rural,Hombre,27,8.0,31.0,823.29,0,Secundaria,6.7133085079898756,18-29
P03233,Sucumbíos,Amazonía,Urbana,Mujer,32,18.0,38.0,802.64,0,Posgrado,6.687906294617357,30-44
P03234,Pichincha,Sierra,Urbana,Hombre,50,11.0,38.0,890.53,0,Secundaria,6.791816791101056,45-65
P03236,Chimborazo,Sierra,Urbana,Hombre,32,3.0,53.0,1018.58,1,Primaria,6.926164779464886,30-44
P03237,Manabí,Costa,Urbana,Mujer,47,16.0,33.0,644.07,0,Superior,6.467807415849583,45-65
P03238,Pichincha,Sierra,Urbana,Mujer,29,16.0,48.0,600.04,1,Superior,6.39699631966069,18-29
P03239,Los Ríos,Costa,Urbana,Mujer,48,16.0,39.0,1023.92,0,Superior,6.931393677547536,45-65
P03240,El Oro,Costa,Urbana,Hombre,61,13.0,49.0,760.62,1,Superior,6.63413389017869,45-65
P03242,Pichincha,Sierra,Urbana,Mujer,25,15.0,42.0,1584.26,1,Superior,7.3678727003187845,18-29
P03243,Guayas,Costa,Urbana,Mujer,23,11.0,61.0,853.32,1,Secundaria,6.749134623683427,18-29
P03244,Pichincha,Sierra,Rural,Mujer,45,11.0,34.0,283.79,0,Secundaria,5.648234528023389,45-65
P03245,Azuay,Sierra,Rural,Hombre,42,13.0,32.0,313.03,0,Superior,5.746299032592525,30-44
P03246,Pichincha,Sierra,Rural,Mujer,24,3.0,43.0,331.61,0,Primaria,5.803959579621873,18-29
P03247,Tungurahua,Sierra,Urbana,Mujer,32,12.0,38.0,569.03,0,Secundaria,6.343933156813794,30-44
P03248,El Oro,Costa,Rural,Hombre,43,0.0,47.0,256.85,0,Primaria,5.548492256913277,30-44
P03249,Guayas,Costa,Urbana,Hombre,31,14.0,45.0,690.84,1,Superior,6.537908248475719,30-44
P03250,El Oro,Costa,Rural,Mujer,59,6.0,44.0,467.24,0,Primaria,6.146843044287495,45-65
P03251,Pichincha,Sierra,Urbana,Hombre,22,17.0,23.0,849.18,0,Posgrado,6.744271177973802,18-29
P03252,Pichincha,Sierra,Urbana,Hombre,43,12.0,40.0,540.87,1,Secundaria,6.293178954222219,30-44
P03253,Guayas,Costa,Urbana,Hombre,47,19.0,55.0,1771.18,1,Posgrado,7.479401270111035,45-65
P03254,Pichincha,Sierra,Urbana,Hombre,53,16.0,51.0,735.86,1,Superior,6.601039883243949,45-65
P03255,Azuay,Sierra,Urbana,Mujer,31,11.0,40.0,446.17,0,Secundaria,6.100700045314072,30-44
P03256,Manabí,Costa,Urbana,Hombre,33,17.0,64.0,666.19,1,Posgrado,6.501574915139566,30-44
P03257,Azuay,Sierra,Urbana,Hombre,46,8.0,35.0,464.81,0,Secundaria,6.141628719936214,45-65
P03258,Manabí,Costa,Rural,Mujer,50,6.0,32.0,180.21,0,Primaria,5.19412283753018,45-65
P03259,Esmeraldas,Costa,Rural,Mujer,61,9.0,30.0,214.33,0,Secundaria,5.367516883349041,45-65
P03260,Morona Santiago,Amazonía,Rural,Mujer,44,12.0,34.0,330.83,0,Secundaria,5.801604648275727,30-44
P03261,Pichincha,Sierra,Urbana,Hombre,20,7.0,50.0,379.32,1,Secundaria,5.938380176015527,18-29
P03262,El Oro,Costa,Urbana,Mujer,48,14.0,54.0,758.3,1,Superior,6.63107908570689,45-65
P03263,Pichincha,Sierra,Urbana,Hombre,48,12.0,32.0,402.12,0,Secundaria,5.996750551537219,45-65
P03264,Manabí,Costa,Rural,Mujer,36,13.0,44.0,542.74,1,Superior,6.296630383899581,30-44
P03265,Guayas,Costa,Urbana,Hombre,57,18.0,48.0,1766.44,1,Posgrado,7.47672150075392,45-65
P03266,Pichincha,Sierra,Urbana,Mujer,33,14.0,30.0,352.71,0,Superior,5.86564618954776,30-44
P03267,Orellana,Amazonía,Rural,Hombre,56,10.0,28.0,159.57,0,Secundaria,5.072482697422336,45-65
P03268,Guayas,Costa,Urbana,Hombre,48,11.0,39.0,564.65,0,Secundaria,6.33620607016968,45-65
P03269,Manabí,Costa,Rural,Hombre,39,5.0,39.0,329.79,0,Primaria,5.798456088258882,30-44
P03270,Los Ríos,Costa,Urbana,Hombre,39,11.0,49.0,448.95,0,Secundaria,6.106911522966818,30-44
P03271,El Oro,Costa,Urbana,Mujer,46,15.0,37.0,562.41,1,Superior,6.33223112127721,45-65
P03272,Chimborazo,Sierra,Urbana,Mujer,47,11.0,48.0,953.5,1,Secundaria,6.860139425040474,45-65
P03274,Pichincha,Sierra,Urbana,Mujer,27,10.0,38.0,450.64,1,Secundaria,6.110668794586458,18-29
P03275,Pichincha,Sierra,Rural,Mujer,44,6.0,45.0,714.14,1,Primaria,6.571079021550093,30-44
P03276,El Oro,Costa,Urbana,Hombre,32,11.0,29.0,571.07,0,Secundaria,6.34751179408619,30-44
P03277,El Oro,Costa,Urbana,Mujer,20,12.0,20.0,633.15,0,Secundaria,6.450707360896617,18-29
P03278,Pichincha,Sierra,Urbana,Hombre,31,14.0,32.0,918.5,0,Superior,6.822741904655181,30-44
P03279,Pichincha,Sierra,Urbana,Mujer,28,14.0,42.0,312.31,0,Superior,5.743996284269503,18-29
P03280,Manabí,Costa,Urbana,Hombre,22,16.0,44.0,612.12,1,Superior,6.416928341722835,18-29
P03281,Sucumbíos,Amazonía,Rural,Hombre,19,15.0,40.0,797.73,1,Superior,6.681770194333271,18-29
P03282,Pichincha,Sierra,Urbana,Mujer,53,20.0,56.0,1213.52,1,Posgrado,7.101280506283417,45-65
P03283,Guayas,Costa,Urbana,Mujer,27,8.0,56.0,359.55,0,Secundaria,5.884853249548503,18-29
P03284,Esmeraldas,Costa,Urbana,Hombre,22,17.0,40.0,522.43,1,Posgrado,6.258491003572145,18-29
P03285,Los Ríos,Costa,Urbana,Hombre,31,19.0,41.0,655.49,1,Posgrado,6.485383047557258,30-44
P03286,El Oro,Costa,Urbana,Hombre,27,15.0,20.0,916.31,0,Superior,6.820354735367908,18-29
P03288,Guayas,Costa,Rural,Hombre,47,4.0,45.0,882.72,1,Primaria,6.7830080495241205,45-65
P03289,Loja,Sierra,Urbana,Mujer,18,11.0,51.0,324.27,0,Secundaria,5.781576502096221,18-29
P03290,Pichincha,Sierra,Urbana,Mujer,57,4.0,27.0,296.76,0,Primaria,5.692923731321325,45-65
P03291,Pichincha,Sierra,Rural,Hombre,61,15.0,59.0,867.01,1,Superior,6.765050510739401,45-65
P03292,Manabí,Costa,Urbana,Hombre,28,14.0,56.0,1301.02,1,Superior,7.170903851184507,18-29
P03293,Los Ríos,Costa,Urbana,Hombre,52,15.0,45.0,886.21,1,Superior,6.786953942836231,45-65
P03294,Sucumbíos,Amazonía,Urbana,Hombre,51,15.0,41.0,316.32,0,Superior,5.756754359422307,45-65
P03295,Azuay,Sierra,Urbana,Mujer,39,16.0,37.0,1718.61,0,Superior,7.449271103551825,30-44
P03296,Manabí,Costa,Urbana,Hombre,52,16.0,52.0,626.06,1,Superior,6.439446213152469,45-65
P03297,Galápagos,Insular,Urbana,Hombre,38,9.0,49.0,730.68,1,Secundaria,6.593975607408483,30-44
P03298,Sucumbíos,Amazonía,Urbana,Hombre,44,7.0,41.0,265.27,0,Secundaria,5.580748175217117,30-44
P03299,Azuay,Sierra,Rural,Mujer,24,15.0,36.0,262.42,0,Superior,5.569946273677569,18-29
P03300,Guayas,Costa,Urbana,Mujer,37,13.0,38.0,832.91,0,Superior,6.7249255931124665,30-44
P03301,Guayas,Costa,Urbana,Hombre,24,12.0,55.0,919.84,1,Secundaria,6.824199741874981,18-29
P03302,Guayas,Costa,Rural,Hombre,65,11.0,50.0,433.1,0,Secundaria,6.070968648220581,45-65
P03303,Pichincha,Sierra,Rural,Hombre,50,13.0,48.0,261.46,0,Superior,5.566281308133714,45-65
P03304,Pichincha,Sierra,Urbana,Hombre,46,12.0,37.0,835.82,0,Secundaria,6.728413278897174,45-65
P03305,Manabí,Costa,Urbana,Mujer,22,11.0,38.0,260.69,0,Secundaria,5.5633319619375525,18-29
P03306,Guayas,Costa,Urbana,Hombre,37,10.0,45.0,315.16,0,Secundaria,5.753080446377488,30-44
P03307,Guayas,Costa,Rural,Hombre,59,14.0,38.0,1501.28,0,Superior,7.31407335654174,45-65
P03308,Azuay,Sierra,Rural,Hombre,27,10.0,38.0,439.45,0,Secundaria,6.085523945010654,18-29
P03309,Guayas,Costa,Urbana,Mujer,45,11.0,27.0,749.1,1,Secundaria,6.618872485953837,45-65
P03310,Morona Santiago,Amazonía,Rural,Mujer,38,16.0,26.0,613.73,0,Superior,6.419555092019732,30-44
P03311,Pichincha,Sierra,Urbana,Mujer,45,16.0,50.0,649.39,1,Superior,6.476033460720493,45-65
P03312,Guayas,Costa,Urbana,Mujer,59,13.0,44.0,879.62,1,Superior,6.779489996030114,45-65
P03313,Esmeraldas,Costa,Urbana,Hombre,27,7.0,58.0,867.73,1,Secundaria,6.765880606363348,18-29
P03314,Guayas,Costa,Urbana,Mujer,24,7.0,33.0,358.76,0,Secundaria,5.882653641249802,18-29
P03315,Guayas,Costa,Urbana,Hombre,29,14.0,31.0,297.86,0,Superior,5.696623577457721,18-29
P03316,Esmeraldas,Costa,Urbana,Mujer,48,15.0,36.0,510.83,0,Superior,6.236036853835485,45-65
P03317,Chimborazo,Sierra,Urbana,Hombre,60,8.0,39.0,616.97,0,Secundaria,6.424820400356994,45-65
P03318,Pichincha,Sierra,Rural,Hombre,48,6.0,45.0,554.23,1,Primaria,6.31757976304607,45-65
P03319,Orellana,Amazonía,Urbana,Hombre,57,14.0,43.0,1202.86,1,Superior,7.09245733347515,45-65
P03322,Esmeraldas,Costa,Rural,Mujer,48,11.0,49.0,592.7,1,Secundaria,6.3846883687937925,45-65
P03323,Guayas,Costa,Rural,Hombre,59,14.0,42.0,366.94,0,Superior,5.9051983469505736,45-65
P03324,Azuay,Sierra,Urbana,Mujer,28,13.0,45.0,536.17,1,Superior,6.28445127496398,18-29
P03325,Guayas,Costa,Urbana,Hombre,60,12.0,47.0,416.42,0,Secundaria,6.031694366327049,45-65
P03326,Azuay,Sierra,Urbana,Mujer,33,14.0,38.0,687.17,0,Superior,6.532581714303849,30-44
P03327,Guayas,Costa,Rural,Mujer,46,15.0,46.0,614.41,1,Superior,6.420662457742676,45-65
P03328,Guayas,Costa,Urbana,Mujer,37,18.0,41.0,1155.03,1,Posgrado,7.051881596644549,30-44
P03329,Pichincha,Sierra,Urbana,Mujer,44,10.0,41.0,1500.05,1,Secundaria,7.313253719868092,30-44
P03330,Pichincha,Sierra,Urbana,Mujer,53,10.0,59.0,524.91,1,Secundaria,6.263226819324638,45-65
P03331,Los Ríos,Costa,Urbana,Hombre,20,17.0,43.0,652.95,1,Posgrado,6.481500556666417,18-29
P03332,Azuay,Sierra,Urbana,Hombre,59,15.0,30.0,750.59,0,Superior,6.62085956393698,45-65
P03333,Guayas,Costa,Rural,Mujer,25,15.0,32.0,815.48,0,Superior,6.703776896928939,18-29
P03334,Pichincha,Sierra,Urbana,Hombre,38,8.0,36.0,218.22,0,Secundaria,5.3855037282269524,30-44
P03335,Manabí,Costa,Urbana,Mujer,36,14.0,43.0,307.54,0,Superior,5.728605160087547,30-44
P03336,Imbabura,Sierra,Urbana,Mujer,55,12.0,38.0,514.33,0,Secundaria,6.24286508279265,45-65
P03337,Guayas,Costa,Urbana,Mujer,50,9.0,51.0,346.96,0,Secundaria,5.8492094995271104,45-65
P03338,Guayas,Costa,Urbana,Mujer,45,15.0,57.0,605.7,1,Superior,6.406384813986902,45-65
P03339,El Oro,Costa,Urbana,Hombre,49,7.0,58.0,696.07,1,Secundaria,6.545450229989766,45-65
P03340,Tungurahua,Sierra,Rural,Mujer,28,11.0,33.0,884.98,0,Secundaria,6.785565045882515,18-29
P03341,Pichincha,Sierra,Urbana,Hombre,54,8.0,43.0,988.26,1,Secundaria,6.895945821022639,45-65
P03342,Azuay,Sierra,Urbana,Hombre,59,11.0,53.0,713.66,1,Secundaria,6.570406658448703,45-65
P03343,Manabí,Costa,Rural,Mujer,63,11.0,49.0,213.94,0,Secundaria,5.3656956018779844,45-65
P03344,Guayas,Costa,Urbana,Mujer,41,7.0,44.0,561.2,1,Secundaria,6.330077348228306,30-44
P03345,Loja,Sierra,Urbana,Hombre,55,12.0,19.0,1087.64,0,Secundaria,6.9917654903093025,45-65
P03346,El Oro,Costa,Urbana,Hombre,25,12.0,41.0,551.42,1,Secundaria,6.312496769241302,18-29
P03347,Manabí,Costa,Urbana,Hombre,37,10.0,62.0,650.86,1,Secundaria,6.478294565317752,30-44
P03348,Manabí,Costa,Urbana,Hombre,31,13.0,49.0,591.93,1,Superior,6.3833883846494786,30-44
P03349,Sucumbíos,Amazonía,Rural,Mujer,26,11.0,43.0,358.45,0,Secundaria,5.881789180298881,18-29
P03350,Guayas,Costa,Urbana,Mujer,41,8.0,36.0,807.54,0,Secundaria,6.693992589473679,30-44
P03351,Esmeraldas,Costa,Urbana,Mujer,27,8.0,40.0,780.55,1,Secundaria,6.6599987994026755,18-29
P03352,Azuay,Sierra,Urbana,Hombre,57,21.0,36.0,2178.87,0,Posgrado,7.686561672770191,45-65
P03354,Loja,Sierra,Urbana,Hombre,33,16.0,37.0,1145.67,0,Superior,7.043744897691603,30-44
P03355,Esmeraldas,Costa,Rural,Mujer,41,12.0,21.0,407.76,0,Secundaria,6.010678766031786,30-44
P03356,El Oro,Costa,Urbana,Mujer,63,9.0,28.0,990.49,0,Secundaria,6.898199770176485,45-65
P03357,Sucumbíos,Amazonía,Rural,Hombre,49,10.0,20.0,259.77,0,Secundaria,5.559796624127819,45-65
P03358,Guayas,Costa,Urbana,Hombre,40,9.0,19.0,648.06,0,Secundaria,6.473983284658438,30-44
P03359,Pichincha,Sierra,Urbana,Mujer,22,14.0,33.0,516.04,0,Superior,6.2461842818569355,18-29
P03360,Manabí,Costa,Urbana,Hombre,28,12.0,35.0,964.27,0,Secundaria,6.87137133838218,18-29
P03361,Azuay,Sierra,Urbana,Hombre,30,9.0,37.0,1037.0,0,Secundaria,6.9440872082295275,30-44
P03362,Pichincha,Sierra,Urbana,Hombre,55,17.0,39.0,824.53,0,Posgrado,6.714813527026006,45-65
P03363,Esmeraldas,Costa,Rural,Hombre,18,12.0,41.0,456.6,0,Secundaria,6.123807734095696,18-29
P03364,Chimborazo,Sierra,Rural,Hombre,50,14.0,52.0,253.23,0,Superior,5.5342981666637385,45-65
P03365,Azuay,Sierra,Urbana,Mujer,34,16.0,53.0,800.09,1,Superior,6.684724221340277,30-44
P03366,Guayas,Costa,Urbana,Hombre,60,12.0,45.0,478.21,1,Secundaria,6.170049966557982,45-65
P03367,Pichincha,Sierra,Urbana,Mujer,32,13.0,39.0,579.09,0,Superior,6.361457905907893,30-44
P03368,Chimborazo,Sierra,Rural,Hombre,50,6.0,54.0,773.63,1,Primaria,6.651093723118297,45-65
P03369,Orellana,Amazonía,Urbana,Mujer,21,14.0,37.0,459.86,0,Superior,6.130922095333855,18-29
P03370,Imbabura,Sierra,Urbana,Hombre,33,12.0,60.0,394.13,0,Secundaria,5.976680804115233,30-44
P03372,Pichincha,Sierra,Rural,Mujer,52,11.0,47.0,401.64,0,Secundaria,5.9955561650112354,45-65
P03373,Guayas,Costa,Urbana,Mujer,54,13.0,23.0,698.34,0,Superior,6.54870609018194,45-65
P03374,Pichincha,Sierra,Urbana,Mujer,58,10.0,35.0,545.87,0,Secundaria,6.302380852157639,45-65
P03375,Orellana,Amazonía,Rural,Hombre,29,17.0,32.0,643.54,0,Posgrado,6.466984185166485,18-29
P03377,Pichincha,Sierra,Rural,Mujer,48,10.0,35.0,487.35,0,Secundaria,6.188982550783219,45-65
P03378,Pichincha,Sierra,Urbana,Mujer,51,16.0,41.0,725.65,1,Superior,6.587067804916372,45-65
P03379,Manabí,Costa,Urbana,Mujer,51,11.0,42.0,522.44,1,Secundaria,6.25851014470932,45-65
P03380,Azuay,Sierra,Rural,Hombre,26,12.0,46.0,386.62,0,Secundaria,5.957442298493546,18-29
P03381,Guayas,Costa,Urbana,Hombre,48,13.0,40.0,486.63,1,Superior,6.1875040807301325,45-65
P03382,Guayas,Costa,Rural,Mujer,43,6.0,33.0,335.58,0,Primaria,5.815860378061552,30-44
P03383,Guayas,Costa,Rural,Hombre,64,10.0,45.0,578.07,1,Secundaria,6.359694968605921,45-65
P03384,Manabí,Costa,Urbana,Mujer,63,10.0,35.0,467.39,0,Secundaria,6.147164026925091,45-65
P03385,Pichincha,Sierra,Urbana,Hombre,50,12.0,42.0,602.31,1,Secundaria,6.400772262933597,45-65
P03386,Sucumbíos,Amazonía,Urbana,Mujer,39,21.0,27.0,1140.82,0,Posgrado,7.039502581063157,30-44
P03387,Chimborazo,Sierra,Urbana,Mujer,61,11.0,53.0,538.6,1,Secundaria,6.288973180377498,45-65
P03388,Guayas,Costa,Urbana,Mujer,31,10.0,50.0,667.72,1,Secundaria,6.503868923987187,30-44
P03389,Loja,Sierra,Urbana,Hombre,18,15.0,34.0,153.6,0,Superior,5.034351820713572,18-29
P03390,Guayas,Costa,Urbana,Hombre,63,15.0,37.0,2054.88,0,Superior,7.627972731064745,45-65
P03391,Pichincha,Sierra,Rural,Mujer,60,12.0,48.0,335.35,0,Secundaria,5.815174762545746,45-65
P03392,Pichincha,Sierra,Rural,Hombre,45,11.0,49.0,327.75,0,Secundaria,5.792251122643809,45-65
P03393,Manabí,Costa,Urbana,Mujer,56,13.0,32.0,232.22,0,Superior,5.44768519819886,45-65
P03394,Pichincha,Sierra,Rural,Hombre,45,5.0,41.0,452.75,0,Primaria,6.115340096763523,45-65
P03395,Esmeraldas,Costa,Urbana,Mujer,30,11.0,58.0,571.44,1,Secundaria,6.348159490846717,30-44
P03396,Los Ríos,Costa,Urbana,Mujer,50,13.0,40.0,217.99,0,Superior,5.384449190177324,45-65
P03397,Orellana,Amazonía,Rural,Mujer,43,16.0,34.0,539.28,0,Superior,6.290234916545184,30-44
P03398,Orellana,Amazonía,Rural,Mujer,63,4.0,36.0,184.37,1,Primaria,5.216944608082299,45-65
P03401,Tungurahua,Sierra,Rural,Hombre,33,12.0,29.0,335.01,0,Secundaria,5.81416038212581,30-44
P03402,Guayas,Costa,Urbana,Hombre,55,10.0,53.0,567.3,0,Secundaria,6.340888264332522,45-65
P03404,Guayas,Costa,Urbana,Mujer,58,18.0,32.0,541.85,0,Posgrado,6.294989210369004,45-65
P03405,Pichincha,Sierra,Rural,Mujer,52,14.0,30.0,828.02,0,Superior,6.719037308682914,45-65
P03406,Loja,Sierra,Urbana,Mujer,64,9.0,29.0,925.52,0,Secundaria,6.830355741720633,45-65
P03407,El Oro,Costa,Urbana,Mujer,38,12.0,55.0,300.84,0,Secundaria,5.706578561958202,30-44
P03408,Guayas,Costa,Rural,Hombre,54,10.0,32.0,276.94,0,Secundaria,5.623800876226568,45-65
P03409,El Oro,Costa,Rural,Hombre,34,18.0,52.0,1324.23,1,Posgrado,7.188586437422159,30-44
P03411,Manabí,Costa,Urbana,Mujer,30,14.0,40.0,453.17,0,Superior,6.116267331022821,30-44
P03412,Guayas,Costa,Rural,Hombre,51,7.0,38.0,268.34,0,Secundaria,5.592254833162325,45-65
P03413,Pichincha,Sierra,Urbana,Hombre,47,10.0,45.0,682.78,1,Secundaria,6.52617269933722,45-65
P03414,Esmeraldas,Costa,Urbana,Mujer,29,15.0,41.0,934.89,1,Superior,6.8404288753089055,18-29
P03415,Orellana,Amazonía,Urbana,Hombre,61,16.0,32.0,1491.39,0,Superior,7.307463849977922,45-65
P03416,Guayas,Costa,Urbana,Mujer,42,17.0,32.0,1632.19,0,Posgrado,7.397677950316215,30-44
P03417,Guayas,Costa,Urbana,Hombre,31,11.0,48.0,259.95,1,Secundaria,5.560489304829725,30-44
P03418,Pichincha,Sierra,Urbana,Hombre,54,9.0,30.0,344.61,0,Secundaria,5.842413342825423,45-65
P03419,Azuay,Sierra,Urbana,Mujer,41,15.0,51.0,836.64,1,Superior,6.729393870439821,30-44
P03420,Loja,Sierra,Urbana,Hombre,33,14.0,35.0,1213.45,0,Superior,7.1012228211863455,30-44
P03421,Guayas,Costa,Urbana,Hombre,58,11.0,40.0,629.25,1,Secundaria,6.444528634015425,45-65
P03422,Morona Santiago,Amazonía,Rural,Hombre,23,17.0,46.0,610.09,1,Posgrado,6.413606487267863,18-29
P03423,El Oro,Costa,Urbana,Mujer,32,13.0,54.0,1347.31,0,Superior,7.205865290986169,30-44
P03424,Sucumbíos,Amazonía,Rural,Hombre,61,9.0,50.0,1090.0,1,Secundaria,6.993932975223189,45-65
P03425,Sucumbíos,Amazonía,Rural,Hombre,28,6.0,34.0,134.68,0,Primaria,4.9029015942928735,18-29
P03426,Tungurahua,Sierra,Rural,Hombre,55,11.0,50.0,1437.51,1,Secundaria,7.270667729169048,45-65
P03427,Guayas,Costa,Urbana,Hombre,38,13.0,44.0,269.7,0,Superior,5.597310230145684,30-44
P03428,Tungurahua,Sierra,Urbana,Hombre,30,17.0,34.0,719.76,0,Posgrado,6.578917823108863,30-44
P03429,Guayas,Costa,Urbana,Hombre,32,12.0,57.0,354.15,0,Secundaria,5.869720552199632,30-44
P03430,Manabí,Costa,Rural,Hombre,48,5.0,46.0,502.18,1,Primaria,6.21895862115945,45-65
P03431,Guayas,Costa,Urbana,Hombre,57,10.0,53.0,1031.8,1,Secundaria,6.939060128810549,45-65
P03432,Pichincha,Sierra,Urbana,Hombre,62,12.0,41.0,653.91,1,Secundaria,6.4829697273085305,45-65
P03433,Guayas,Costa,Rural,Mujer,55,13.0,37.0,730.45,0,Superior,6.593660782578523,45-65
P03434,Pichincha,Sierra,Rural,Mujer,51,8.0,29.0,285.28,0,Secundaria,5.65347115411483,45-65
P03435,Sucumbíos,Amazonía,Rural,Mujer,63,16.0,43.0,339.41,0,Superior,5.827208816125654,45-65
P03436,Guayas,Costa,Urbana,Hombre,37,21.0,25.0,1568.45,0,Posgrado,7.357843149532577,30-44
P03437,Pichincha,Sierra,Urbana,Hombre,51,11.0,43.0,1352.03,1,Secundaria,7.209362445705842,45-65
P03438,Guayas,Costa,Rural,Hombre,46,11.0,31.0,199.04,0,Secundaria,5.2935058095508145,45-65
P03440,Orellana,Amazonía,Urbana,Mujer,31,17.0,42.0,974.36,1,Posgrado,6.881780845209901,30-44
P03441,Guayas,Costa,Urbana,Hombre,21,11.0,25.0,333.46,0,Secundaria,5.809522918132313,18-29
P03442,Guayas,Costa,Urbana,Hombre,38,10.0,34.0,224.39,0,Secundaria,5.413385609375712,30-44
P03443,Pichincha,Sierra,Rural,Mujer,55,11.0,44.0,526.45,1,Secundaria,6.266156360302769,45-65
P03444,Galápagos,Insular,Rural,Hombre,48,6.0,43.0,664.66,1,Primaria,6.499275631713101,45-65
P03445,Pichincha,Sierra,Urbana,Hombre,21,17.0,50.0,322.52,0,Posgrado,5.776165149816821,18-29
P03446,Pichincha,Sierra,Urbana,Mujer,61,20.0,41.0,2307.8,1,Posgrado,7.744049968760567,45-65
P03447,Pichincha,Sierra,Urbana,Mujer,59,16.0,37.0,482.87,0,Superior,6.179747466286188,45-65
P03448,Imbabura,Sierra,Urbana,Hombre,60,4.0,49.0,577.88,1,Primaria,6.359366234661181,45-65
P03449,Guayas,Costa,Urbana,Hombre,55,8.0,47.0,792.55,1,Secundaria,6.675255595243901,45-65
P03450,Esmeraldas,Costa,Urbana,Mujer,53,17.0,55.0,544.96,1,Posgrado,6.3007123974743235,45-65
P03451,Loja,Sierra,Urbana,Hombre,58,12.0,43.0,781.15,1,Secundaria,6.660767192857912,45-65
P03452,Los Ríos,Costa,Urbana,Hombre,51,18.0,39.0,1806.97,0,Posgrado,7.499406688351479,45-65
P03453,Pichincha,Sierra,Rural,Hombre,28,10.0,39.0,325.59,0,Secundaria,5.785638921126033,18-29
P03454,Imbabura,Sierra,Urbana,Mujer,38,11.0,29.0,951.32,0,Secundaria,6.857850493853497,30-44
P03455,Morona Santiago,Amazonía,Urbana,Hombre,30,15.0,53.0,769.41,1,Superior,6.645623987374361,30-44
P03456,Esmeraldas,Costa,Urbana,Hombre,34,16.0,34.0,713.1,0,Superior,6.569621663034258,30-44
P03457,Guayas,Costa,Urbana,Mujer,54,7.0,66.0,515.63,1,Secundaria,6.245389454011627,45-65
P03458,Pichincha,Sierra,Urbana,Mujer,62,11.0,37.0,402.75,0,Secundaria,5.998316022057084,45-65
P03459,Manabí,Costa,Urbana,Mujer,34,15.0,41.0,866.73,1,Superior,6.764727509594552,30-44
P03460,Guayas,Costa,Urbana,Hombre,18,9.0,53.0,179.14,0,Secundaria,5.1881676230470495,18-29
P03461,Pichincha,Sierra,Urbana,Hombre,30,9.0,61.0,439.83,0,Secundaria,6.0863882886182825,30-44
P03462,Pichincha,Sierra,Urbana,Hombre,31,14.0,46.0,613.43,1,Superior,6.419066158211628,30-44
P03463,Guayas,Costa,Rural,Hombre,41,5.0,46.0,388.81,0,Primaria,5.963090792420135,30-44
P03464,Tungurahua,Sierra,Urbana,Hombre,36,17.0,44.0,502.51,1,Posgrado,6.219615540232731,30-44
P03465,Pichincha,Sierra,Rural,Hombre,27,8.0,48.0,551.19,1,Secundaria,6.3120795772997536,18-29
P03466,Guayas,Costa,Rural,Hombre,40,5.0,34.0,351.95,0,Primaria,5.86348912005414,30-44
P03467,Pichincha,Sierra,Urbana,Hombre,25,11.0,29.0,401.15,0,Secundaria,5.994335422199665,18-29
P03468,Los Ríos,Costa,Urbana,Mujer,32,14.0,37.0,672.63,0,Superior,6.51119540134449,30-44
P03469,Guayas,Costa,Rural,Mujer,35,14.0,45.0,494.53,1,Superior,6.203607816563326,30-44
P03470,Pichincha,Sierra,Urbana,Mujer,52,13.0,32.0,1024.04,0,Superior,6.9315108673365335,45-65
P03471,Esmeraldas,Costa,Rural,Hombre,37,6.0,38.0,260.41,0,Primaria,5.562257312054816,30-44
P03472,Imbabura,Sierra,Urbana,Mujer,31,3.0,52.0,214.95,0,Primaria,5.370405442942291,30-44
P03473,Pichincha,Sierra,Urbana,Mujer,59,14.0,38.0,625.69,0,Superior,6.438855040776555,45-65
P03474,Guayas,Costa,Rural,Mujer,60,8.0,38.0,519.78,0,Secundaria,6.253405645130104,45-65
P03475,Orellana,Amazonía,Urbana,Mujer,52,11.0,38.0,649.22,0,Secundaria,6.475771642313164,45-65
P03476,Guayas,Costa,Urbana,Mujer,65,16.0,42.0,935.3,1,Superior,6.840867333440506,45-65
P03477,Los Ríos,Costa,Urbana,Hombre,35,12.0,27.0,362.64,0,Secundaria,5.893410606632594,30-44
P03478,Azuay,Sierra,Urbana,Mujer,53,10.0,39.0,129.31,0,Secundaria,4.86221262230776,45-65
P03479,Los Ríos,Costa,Rural,Hombre,60,11.0,33.0,311.28,0,Secundaria,5.740692828676298,45-65
P03480,Guayas,Costa,Urbana,Hombre,29,15.0,32.0,1223.14,0,Superior,7.109176601744023,18-29
P03481,Guayas,Costa,Urbana,Mujer,56,15.0,24.0,693.86,0,Superior,6.542270211050123,45-65
P03482,Pichincha,Sierra,Rural,Mujer,58,9.0,46.0,337.76,1,Secundaria,5.822335584100011,45-65
P03483,Imbabura,Sierra,Urbana,Mujer,34,18.0,30.0,464.61,0,Posgrado,6.141198343996193,30-44
P03484,Morona Santiago,Amazonía,Rural,Hombre,33,10.0,38.0,440.09,1,Secundaria,6.086979251450283,30-44
P03485,Guayas,Costa,Urbana,Hombre,65,13.0,56.0,1030.39,1,Superior,6.937692650334052,45-65
P03486,Guayas,Costa,Rural,Hombre,55,11.0,41.0,838.16,1,Secundaria,6.731209013044709,45-65
P03487,Loja,Sierra,Rural,Hombre,27,11.0,51.0,1337.86,1,Secundaria,7.1988266014319136,18-29
P03488,Tungurahua,Sierra,Urbana,Mujer,39,4.0,35.0,756.19,0,Primaria,6.628292667354583,30-44
P03490,Pichincha,Sierra,Urbana,Hombre,42,10.0,43.0,1270.3,1,Secundaria,7.147008372029415,30-44
P03491,Esmeraldas,Costa,Urbana,Mujer,41,12.0,44.0,582.45,1,Secundaria,6.367243344845786,30-44
P03492,Sucumbíos,Amazonía,Urbana,Mujer,32,12.0,42.0,786.66,1,Secundaria,6.6677961347393655,30-44
P03493,Tungurahua,Sierra,Urbana,Hombre,61,17.0,40.0,1810.89,1,Posgrado,7.501573716115975,45-65
P03494,Pichincha,Sierra,Urbana,Mujer,65,14.0,36.0,1124.98,0,Superior,7.025520536702716,45-65
P03495,Manabí,Costa,Urbana,Hombre,18,13.0,29.0,965.06,0,Superior,6.872190275571931,18-29
P03496,Azuay,Sierra,Urbana,Hombre,19,15.0,41.0,745.19,1,Superior,6.613639219421077,18-29
P03497,Orellana,Amazonía,Urbana,Hombre,45,13.0,49.0,430.88,0,Superior,6.0658296290632885,45-65
P03498,Manabí,Costa,Rural,Hombre,35,10.0,27.0,163.58,0,Secundaria,5.097302167306828,30-44
P03499,Azuay,Sierra,Urbana,Hombre,51,11.0,19.0,545.27,0,Secundaria,6.301281084830853,45-65
P03500,Azuay,Sierra,Urbana,Hombre,51,9.0,35.0,480.3,0,Secundaria,6.174410908670779,45-65
P03501,Guayas,Costa,Urbana,Mujer,49,11.0,32.0,456.25,0,Secundaria,6.123040904896701,45-65
P03502,Morona Santiago,Amazonía,Rural,Hombre,65,9.0,40.0,512.96,1,Secundaria,6.240197869421189,45-65
P03503,Tungurahua,Sierra,Urbana,Hombre,25,12.0,50.0,587.41,1,Secundaria,6.375723042793938,18-29
P03504,Imbabura,Sierra,Urbana,Hombre,27,13.0,34.0,1020.2,0,Superior,6.927753965488826,18-29
P03505,El Oro,Costa,Urbana,Hombre,60,12.0,48.0,446.42,0,Secundaria,6.101260212930867,45-65
P03506,Pichincha,Sierra,Urbana,Hombre,64,14.0,37.0,1283.51,0,Superior,7.157353791476792,45-65
P03507,Imbabura,Sierra,Rural,Hombre,29,7.0,33.0,366.64,0,Secundaria,5.904380440200868,18-29
P03508,Guayas,Costa,Urbana,Hombre,46,15.0,43.0,445.51,0,Superior,6.099219693348054,45-65
P03509,Pichincha,Sierra,Urbana,Mujer,61,17.0,41.0,676.51,1,Posgrado,6.516947229467592,45-65
P03510,Azuay,Sierra,Urbana,Hombre,47,9.0,40.0,486.58,1,Secundaria,6.1874013279839755,45-65
P03512,Manabí,Costa,Urbana,Hombre,52,15.0,54.0,1114.44,1,Superior,7.016107315575917,45-65
P03513,Orellana,Amazonía,Rural,Mujer,43,8.0,46.0,511.12,1,Secundaria,6.236604396294088,30-44
P03514,Guayas,Costa,Urbana,Hombre,28,5.0,54.0,733.25,1,Primaria,6.59748670785756,18-29
P03515,Loja,Sierra,Urbana,Mujer,64,20.0,36.0,673.38,0,Posgrado,6.512309806256219,45-65
P03516,Guayas,Costa,Urbana,Hombre,44,13.0,57.0,1843.13,1,Superior,7.519220492349856,30-44
P03517,Los Ríos,Costa,Urbana,Hombre,41,14.0,40.0,725.22,1,Superior,6.58647505709942,30-44
P03518,El Oro,Costa,Rural,Mujer,31,8.0,44.0,175.84,0,Secundaria,5.169574490655311,30-44
P03519,Guayas,Costa,Urbana,Mujer,30,17.0,25.0,342.3,0,Posgrado,5.83568754553614,30-44
P03520,Guayas,Costa,Urbana,Hombre,22,18.0,53.0,1179.26,1,Posgrado,7.0726424020944965,18-29
P03521,Azuay,Sierra,Urbana,Hombre,21,13.0,38.0,1194.83,0,Superior,7.085759194831555,18-29
P03522,Manabí,Costa,Rural,Hombre,47,8.0,48.0,264.73,0,Secundaria,5.578710438662941,45-65
P03523,Esmeraldas,Costa,Rural,Mujer,34,10.0,20.0,416.64,0,Secundaria,6.032222539580149,30-44
P03524,Guayas,Costa,Rural,Hombre,64,8.0,38.0,234.32,0,Secundaria,5.456687702519478,45-65
P03525,Guayas,Costa,Rural,Mujer,43,4.0,38.0,346.39,0,Primaria,5.847565307911304,30-44
P03526,Loja,Sierra,Urbana,Mujer,27,13.0,49.0,383.63,0,Superior,5.949678546416385,18-29
P03528,El Oro,Costa,Urbana,Hombre,36,6.0,41.0,731.98,1,Primaria,6.595753191183676,30-44
P03529,Morona Santiago,Amazonía,Urbana,Mujer,52,13.0,49.0,873.03,1,Superior,6.771969919510333,45-65
P03530,Manabí,Costa,Urbana,Hombre,53,10.0,50.0,841.09,1,Secundaria,6.734698669704991,45-65
P03531,Esmeraldas,Costa,Urbana,Hombre,59,9.0,50.0,1249.51,1,Secundaria,7.130506753444262,45-65
P03532,Pichincha,Sierra,Urbana,Hombre,25,18.0,60.0,713.76,1,Posgrado,6.570546771379955,18-29
P03533,Tungurahua,Sierra,Rural,Mujer,47,3.0,56.0,359.42,0,Primaria,5.8844916211038765,45-65
P03534,Tungurahua,Sierra,Urbana,Hombre,61,9.0,38.0,302.02,0,Secundaria,5.710493240347643,45-65
P03535,Manabí,Costa,Urbana,Hombre,55,11.0,47.0,470.32,1,Secundaria,6.153413314093999,45-65
P03536,Pichincha,Sierra,Urbana,Hombre,36,11.0,32.0,363.65,0,Secundaria,5.8961918666005495,30-44
P03538,El Oro,Costa,Urbana,Mujer,19,11.0,46.0,480.48,1,Secundaria,6.17478560423502,18-29
P03539,Pichincha,Sierra,Urbana,Hombre,37,14.0,55.0,882.19,1,Superior,6.782407452308476,30-44
P03540,Manabí,Costa,Rural,Hombre,21,14.0,46.0,426.36,0,Superior,6.055284059820936,18-29
P03541,Manabí,Costa,Rural,Hombre,24,9.0,30.0,155.25,0,Secundaria,5.045036720813588,18-29
P03542,Morona Santiago,Amazonía,Rural,Hombre,51,10.0,43.0,774.11,1,Secundaria,6.651713982354847,45-65
P03543,Morona Santiago,Amazonía,Rural,Mujer,60,17.0,35.0,521.16,0,Posgrado,6.256057096334731,45-65
P03544,Manabí,Costa,Urbana,Hombre,21,14.0,30.0,603.16,0,Superior,6.402182501497594,18-29
P03545,Sucumbíos,Amazonía,Urbana,Mujer,44,17.0,33.0,1683.22,0,Posgrado,7.428463904602077,30-44
P03546,El Oro,Costa,Rural,Hombre,24,13.0,49.0,647.89,1,Superior,6.473720928856169,18-29
P03547,Manabí,Costa,Rural,Hombre,37,9.0,41.0,247.58,0,Secundaria,5.511733762103664,30-44
P03548,Guayas,Costa,Urbana,Mujer,40,13.0,33.0,390.17,0,Superior,5.966582541583901,30-44
P03549,Los Ríos,Costa,Urbana,Mujer,29,9.0,61.0,574.91,1,Secundaria,6.354213506807414,18-29
P03550,Pichincha,Sierra,Urbana,Hombre,18,10.0,34.0,492.81,0,Secundaria,6.200123704221218,18-29
P03551,Pichincha,Sierra,Urbana,Mujer,38,5.0,49.0,536.48,1,Primaria,6.285029282717918,30-44
P03552,Tungurahua,Sierra,Rural,Mujer,60,14.0,49.0,669.31,1,Superior,6.5062473309780975,45-65
P03553,Loja,Sierra,Urbana,Hombre,33,13.0,34.0,1092.07,0,Superior,6.995830256814472,30-44
P03554,Pichincha,Sierra,Rural,Mujer,58,13.0,27.0,871.43,0,Superior,6.770135540449008,45-65
P03555,Galápagos,Insular,Urbana,Mujer,33,15.0,36.0,1049.71,0,Superior,6.956269214527765,30-44
P03556,Los Ríos,Costa,Urbana,Mujer,57,9.0,45.0,638.54,1,Secundaria,6.459184320338868,45-65
P03557,Guayas,Costa,Urbana,Mujer,54,17.0,35.0,697.58,0,Posgrado,6.547617202459015,45-65
P03558,Los Ríos,Costa,Urbana,Mujer,54,13.0,46.0,775.66,1,Superior,6.653714279840049,45-65
P03559,Pichincha,Sierra,Urbana,Mujer,18,16.0,45.0,1647.18,1,Superior,7.4068200138234515,18-29
P03560,Los Ríos,Costa,Urbana,Hombre,61,12.0,60.0,711.15,1,Secundaria,6.566883378016237,45-65
P03561,Guayas,Costa,Urbana,Hombre,57,14.0,37.0,446.73,0,Superior,6.101954385270224,45-65
P03562,Pichincha,Sierra,Rural,Mujer,52,9.0,38.0,409.76,0,Secundaria,6.0155716224512155,45-65
P03563,Guayas,Costa,Urbana,Hombre,23,15.0,44.0,824.51,1,Superior,6.714789270488868,18-29
P03564,Manabí,Costa,Rural,Mujer,53,12.0,39.0,356.71,0,Secundaria,5.876923126734986,45-65
P03565,Manabí,Costa,Urbana,Mujer,54,18.0,32.0,267.92,0,Posgrado,5.590688428485949,45-65
P03566,Guayas,Costa,Rural,Hombre,25,10.0,42.0,311.47,0,Secundaria,5.741303025403381,18-29
P03567,Loja,Sierra,Urbana,Hombre,58,16.0,36.0,1016.28,0,Superior,6.923904180721508,45-65
P03568,Azuay,Sierra,Urbana,Mujer,50,18.0,41.0,918.44,1,Posgrado,6.822676578623822,45-65
P03569,Guayas,Costa,Rural,Mujer,61,11.0,44.0,344.3,0,Secundaria,5.841513370344478,45-65
P03570,Imbabura,Sierra,Urbana,Mujer,34,6.0,40.0,262.48,1,Primaria,5.570174888652846,30-44
P03571,Imbabura,Sierra,Rural,Hombre,27,10.0,41.0,907.76,1,Secundaria,6.810980026482734,18-29
P03572,Morona Santiago,Amazonía,Rural,Mujer,33,11.0,36.0,316.11,0,Secundaria,5.756090254279546,30-44
P03574,Morona Santiago,Amazonía,Rural,Mujer,63,14.0,43.0,577.83,1,Superior,6.359279707764241,45-65
P03575,Guayas,Costa,Urbana,Mujer,31,13.0,50.0,832.47,1,Superior,6.7243971851692494,30-44
P03576,Pichincha,Sierra,Urbana,Mujer,64,14.0,44.0,678.9,1,Superior,6.520473841307601,45-65
P03577,Tungurahua,Sierra,Urbana,Mujer,28,11.0,41.0,264.43,1,Secundaria,5.577576565988734,18-29
P03578,Guayas,Costa,Rural,Mujer,48,6.0,32.0,674.9,0,Primaria,6.514564531749361,45-65
P03579,Tungurahua,Sierra,Rural,Mujer,24,7.0,31.0,110.15,0,Secundaria,4.7018430732483525,18-29
P03580,Azuay,Sierra,Urbana,Mujer,22,9.0,35.0,911.04,0,Secundaria,6.814586804089672,18-29
P03581,Morona Santiago,Amazonía,Rural,Hombre,58,16.0,32.0,1254.53,0,Superior,7.134516279430469,45-65
P03582,Los Ríos,Costa,Urbana,Mujer,25,11.0,33.0,193.78,0,Secundaria,5.266723494956858,18-29
P03583,Azuay,Sierra,Urbana,Hombre,18,7.0,33.0,618.66,0,Secundaria,6.427555848757907,18-29
P03584,Tungurahua,Sierra,Rural,Hombre,22,20.0,32.0,485.92,0,Posgrado,6.1860440012974385,18-29
P03585,Pichincha,Sierra,Urbana,Mujer,52,17.0,44.0,1997.62,1,Posgrado,7.599711750929861,45-65
P03586,Manabí,Costa,Rural,Hombre,39,5.0,39.0,220.72,0,Primaria,5.39689492990903,30-44
P03587,Los Ríos,Costa,Urbana,Hombre,65,9.0,47.0,594.0,1,Secundaria,6.386879319362645,45-65
P03588,Manabí,Costa,Rural,Mujer,29,12.0,49.0,286.97,0,Secundaria,5.659377680679295,18-29
P03589,Guayas,Costa,Rural,Hombre,43,11.0,34.0,377.58,0,Secundaria,5.933782466766897,30-44
P03590,Guayas,Costa,Rural,Mujer,52,12.0,54.0,364.17,0,Secundaria,5.897620791577822,45-65
P03591,Azuay,Sierra,Rural,Mujer,58,10.0,41.0,805.44,1,Secundaria,6.691388711946951,45-65
P03592,Los Ríos,Costa,Rural,Mujer,24,15.0,50.0,838.06,0,Superior,6.7310896969643395,18-29
P03593,Imbabura,Sierra,Urbana,Mujer,27,20.0,46.0,944.75,1,Posgrado,6.850920342229599,18-29
P03594,Pichincha,Sierra,Rural,Mujer,55,9.0,42.0,940.82,1,Secundaria,6.846751835421805,45-65
P03595,Guayas,Costa,Rural,Hombre,59,19.0,42.0,970.94,1,Posgrado,6.878264674415078,45-65
P03596,Guayas,Costa,Urbana,Hombre,62,10.0,52.0,617.53,1,Secundaria,6.425727650317968,45-65
P03597,Guayas,Costa,Urbana,Mujer,19,8.0,56.0,220.48,1,Secundaria,5.395806987825294,18-29
P03598,Morona Santiago,Amazonía,Urbana,Hombre,24,12.0,39.0,502.82,0,Secundaria,6.220232253172413,18-29
P03599,Los Ríos,Costa,Urbana,Mujer,53,15.0,35.0,689.43,0,Superior,6.535865169236924,45-65
P03601,Tungurahua,Sierra,Rural,Hombre,18,10.0,25.0,181.88,0,Secundaria,5.20334712895681,18-29
P03602,Guayas,Costa,Urbana,Mujer,56,15.0,38.0,1250.94,0,Superior,7.13165054768602,45-65
P03603,Azuay,Sierra,Urbana,Mujer,57,22.0,56.0,631.31,1,Posgrado,6.447797025577602,45-65
P03604,El Oro,Costa,Urbana,Hombre,33,13.0,44.0,1220.44,0,Superior,7.10696672844436,30-44
P03605,Guayas,Costa,Urbana,Hombre,30,14.0,38.0,1045.37,0,Superior,6.9521261687176334,30-44
P03606,Azuay,Sierra,Urbana,Hombre,55,11.0,39.0,2104.07,1,Secundaria,7.651628843266145,45-65
P03607,Manabí,Costa,Urbana,Mujer,32,12.0,38.0,367.96,0,Secundaria,5.907974236608957,30-44
P03608,Pichincha,Sierra,Urbana,Mujer,50,19.0,41.0,2034.3,1,Posgrado,7.617907058357906,45-65
P03610,Manabí,Costa,Urbana,Mujer,50,12.0,44.0,827.99,1,Secundaria,6.7190010770176425,45-65
P03611,El Oro,Costa,Urbana,Hombre,59,7.0,46.0,567.54,1,Secundaria,6.341311231453134,45-65
P03612,Orellana,Amazonía,Rural,Hombre,38,4.0,29.0,119.02,0,Primaria,4.779291546216706,30-44
P03613,Pichincha,Sierra,Urbana,Mujer,31,12.0,29.0,462.86,0,Secundaria,6.137424632551516,30-44
P03614,Sucumbíos,Amazonía,Rural,Hombre,39,3.0,37.0,181.7,0,Primaria,5.202356975402125,30-44
P03615,Pichincha,Sierra,Urbana,Hombre,64,19.0,50.0,1291.2,1,Posgrado,7.163327297515685,45-65
P03616,Loja,Sierra,Urbana,Mujer,43,16.0,42.0,967.04,1,Superior,6.87423985964432,30-44
P03617,Guayas,Costa,Urbana,Mujer,34,18.0,46.0,1114.52,1,Posgrado,7.016179097931845,30-44
P03618,Galápagos,Insular,Rural,Hombre,30,14.0,38.0,834.77,0,Superior,6.727156237805987,30-44
P03619,Guayas,Costa,Urbana,Mujer,58,17.0,49.0,707.45,0,Posgrado,6.561666955641962,45-65
P03620,Pichincha,Sierra,Urbana,Hombre,48,11.0,44.0,465.9,0,Secundaria,6.143971018822751,45-65
P03621,Manabí,Costa,Urbana,Hombre,64,7.0,59.0,1178.72,1,Secundaria,7.072184382934504,45-65
P03622,Loja,Sierra,Rural,Hombre,22,11.0,50.0,1308.07,1,Secundaria,7.176308047404742,18-29
P03623,Esmeraldas,Costa,Urbana,Hombre,20,7.0,39.0,240.98,0,Secundaria,5.48471394249513,18-29
P03625,Imbabura,Sierra,Urbana,Hombre,24,14.0,49.0,390.37,0,Superior,5.96709500732397,18-29
P03626,Galápagos,Insular,Urbana,Mujer,45,12.0,49.0,850.24,1,Secundaria,6.745518662571449,45-65
P03627,Pichincha,Sierra,Rural,Hombre,52,13.0,38.0,387.03,0,Superior,5.958502209405155,45-65
P03628,Guayas,Costa,Urbana,Hombre,41,10.0,47.0,281.2,0,Secundaria,5.63906615993651,30-44
P03629,Pichincha,Sierra,Rural,Mujer,35,8.0,51.0,507.93,1,Secundaria,6.23034364280825,30-44
P03630,Imbabura,Sierra,Urbana,Mujer,55,11.0,48.0,1002.36,1,Secundaria,6.910112498555815,45-65
P03631,Azuay,Sierra,Urbana,Mujer,22,6.0,34.0,199.73,0,Primaria,5.29696645447708,18-29
P03632,Manabí,Costa,Rural,Mujer,56,16.0,33.0,844.63,0,Superior,6.738898661641705,45-65
P03633,Guayas,Costa,Rural,Mujer,28,13.0,40.0,439.44,0,Superior,6.085501189034365,18-29
P03634,Chimborazo,Sierra,Rural,Hombre,29,3.0,30.0,376.55,0,Primaria,5.9310508405473605,18-29
P03635,Azuay,Sierra,Urbana,Mujer,31,8.0,50.0,563.38,1,Secundaria,6.333954356054633,30-44
P03636,Pichincha,Sierra,Rural,Mujer,46,12.0,47.0,687.51,1,Secundaria,6.533076374889488,45-65
P03637,Pichincha,Sierra,Urbana,Mujer,49,13.0,60.0,2069.06,1,Superior,7.63484967684174,45-65
P03638,El Oro,Costa,Urbana,Mujer,65,14.0,33.0,366.57,0,Superior,5.904189498996541,45-65
P03639,El Oro,Costa,Urbana,Mujer,65,18.0,40.0,1415.96,1,Posgrado,7.2555630252670955,45-65
P03640,Los Ríos,Costa,Urbana,Mujer,62,12.0,46.0,448.32,0,Secundaria,6.105507263148642,45-65
P03642,Pichincha,Sierra,Urbana,Mujer,24,12.0,35.0,690.5,0,Secundaria,6.537415972849347,18-29
P03643,Azuay,Sierra,Rural,Hombre,50,9.0,33.0,372.01,1,Secundaria,5.91892073563227,45-65
P03644,Pichincha,Sierra,Urbana,Hombre,19,12.0,57.0,606.27,1,Secundaria,6.407325431398267,18-29
P03646,Esmeraldas,Costa,Urbana,Hombre,22,9.0,37.0,597.38,0,Secundaria,6.392553426815168,18-29
P03647,Guayas,Costa,Rural,Mujer,49,9.0,28.0,291.31,0,Secundaria,5.674387992246747,45-65
P03648,Pichincha,Sierra,Urbana,Hombre,52,17.0,57.0,1499.92,1,Posgrado,7.313167052334696,45-65
P03649,Orellana,Amazonía,Rural,Mujer,58,13.0,28.0,511.28,0,Superior,6.236917385342026,45-65
P03651,Guayas,Costa,Urbana,Mujer,52,12.0,41.0,929.92,1,Secundaria,6.835098560941863,45-65
P03652,Loja,Sierra,Rural,Mujer,55,7.0,37.0,344.2,0,Secundaria,5.841222883777439,45-65
P03653,Pichincha,Sierra,Rural,Hombre,50,9.0,44.0,313.02,0,Secundaria,5.746267086262356,45-65
P03656,Imbabura,Sierra,Urbana,Hombre,31,10.0,49.0,420.08,0,Secundaria,6.040445169329604,30-44
P03657,Guayas,Costa,Urbana,Mujer,61,8.0,55.0,211.48,1,Secundaria,5.354130431367249,45-65
P03658,Manabí,Costa,Urbana,Hombre,52,18.0,39.0,986.96,0,Posgrado,6.894629511763209,45-65
P03659,El Oro,Costa,Urbana,Hombre,27,21.0,19.0,332.52,0,Posgrado,5.8067000086628875,18-29
P03660,Esmeraldas,Costa,Urbana,Mujer,35,8.0,36.0,368.74,1,Secundaria,5.910091788642244,30-44
P03661,Azuay,Sierra,Urbana,Hombre,59,15.0,51.0,714.67,1,Superior,6.57182089769081,45-65
P03663,Pichincha,Sierra,Rural,Hombre,44,9.0,40.0,447.53,0,Secundaria,6.103743574574035,30-44
P03664,Guayas,Costa,Urbana,Hombre,61,11.0,45.0,641.65,1,Secundaria,6.46404298369047,45-65
P03665,Azuay,Sierra,Urbana,Hombre,47,8.0,54.0,725.3,1,Secundaria,6.586585362369367,45-65
P03666,Guayas,Costa,Urbana,Hombre,46,13.0,39.0,319.77,1,Superior,5.767601987369155,45-65
P03667,Manabí,Costa,Urbana,Hombre,27,14.0,41.0,612.79,1,Superior,6.418022299755374,18-29
P03668,Morona Santiago,Amazonía,Rural,Hombre,63,10.0,42.0,540.93,1,Secundaria,6.293289880456387,45-65
P03669,Pichincha,Sierra,Rural,Hombre,36,13.0,48.0,284.99,0,Superior,5.652454091933764,30-44
P03670,Azuay,Sierra,Urbana,Mujer,43,18.0,53.0,1208.72,1,Posgrado,7.097317227431586,30-44
P03671,Pichincha,Sierra,Rural,Mujer,64,11.0,61.0,269.78,0,Secundaria,5.597606812041533,45-65
P03672,Pichincha,Sierra,Urbana,Hombre,32,15.0,44.0,843.03,1,Superior,6.737002544557258,30-44
P03673,Guayas,Costa,Urbana,Mujer,45,17.0,34.0,375.07,0,Posgrado,5.927112675217023,45-65
P03674,Orellana,Amazonía,Rural,Hombre,62,8.0,46.0,625.03,1,Secundaria,6.437799648584439,45-65
P03675,Esmeraldas,Costa,Urbana,Hombre,29,11.0,17.0,399.72,0,Secundaria,5.990764301993589,18-29
P03676,Pichincha,Sierra,Urbana,Mujer,37,13.0,16.0,118.81,0,Superior,4.777525578470196,30-44
P03677,Loja,Sierra,Urbana,Mujer,18,13.0,32.0,885.71,0,Superior,6.786389583256486,18-29
P03678,Pichincha,Sierra,Rural,Mujer,24,9.0,41.0,458.39,0,Secundaria,6.127720350153853,18-29
P03679,Manabí,Costa,Urbana,Mujer,55,10.0,33.0,381.85,0,Secundaria,5.945027861334393,45-65
P03680,Guayas,Costa,Rural,Mujer,50,7.0,54.0,251.43,0,Secundaria,5.527164620778924,45-65
P03681,Los Ríos,Costa,Urbana,Hombre,34,7.0,57.0,229.98,0,Secundaria,5.437992348620519,30-44
P03682,Manabí,Costa,Rural,Hombre,45,11.0,49.0,644.62,1,Secundaria,6.468660995893495,45-65
P03683,Loja,Sierra,Urbana,Hombre,51,14.0,39.0,427.79,0,Superior,6.058632420966027,45-65
P03684,Loja,Sierra,Urbana,Mujer,53,18.0,36.0,717.22,0,Posgrado,6.57538262756637,45-65
P03685,Sucumbíos,Amazonía,Rural,Mujer,29,15.0,43.0,826.94,1,Superior,6.717732141001144,18-29
P03687,Tungurahua,Sierra,Urbana,Mujer,31,16.0,28.0,472.02,0,Superior,6.157021357569206,30-44
P03688,Guayas,Costa,Urbana,Hombre,44,17.0,36.0,544.18,0,Posgrado,6.29928007447939,30-44
P03691,Los Ríos,Costa,Rural,Mujer,65,13.0,33.0,797.06,0,Superior,6.680929958265302,45-65
P03692,Pichincha,Sierra,Urbana,Mujer,34,13.0,40.0,368.46,0,Superior,5.909332157569363,30-44
P03693,Pichincha,Sierra,Urbana,Hombre,53,5.0,43.0,372.53,1,Primaria,5.920317571489443,45-65
P03694,Guayas,Costa,Urbana,Mujer,37,16.0,35.0,738.76,0,Superior,6.60497310500771,30-44
P03695,Guayas,Costa,Rural,Mujer,23,3.0,50.0,619.64,1,Primaria,6.429138664238162,18-29
P03696,Morona Santiago,Amazonía,Urbana,Hombre,52,13.0,41.0,796.44,1,Superior,6.680151796945834,45-65
P03697,Tungurahua,Sierra,Urbana,Hombre,60,9.0,54.0,468.92,0,Secundaria,6.150432178203627,45-65
P03698,Azuay,Sierra,Urbana,Mujer,24,10.0,42.0,515.07,1,Secundaria,6.244302813757231,18-29
P03699,Orellana,Amazonía,Rural,Hombre,39,11.0,52.0,495.81,1,Secundaria,6.206192788820845,30-44
P03700,Morona Santiago,Amazonía,Rural,Mujer,40,6.0,38.0,508.09,0,Primaria,6.230658597240884,30-44
P03701,Manabí,Costa,Urbana,Mujer,30,16.0,47.0,376.27,0,Superior,5.930306970796527,30-44
P03702,Guayas,Costa,Rural,Hombre,31,8.0,20.0,366.12,0,Secundaria,5.902961148516579,30-44
P03703,Guayas,Costa,Rural,Hombre,35,9.0,38.0,592.45,0,Secundaria,6.384266481262749,30-44
P03704,Sucumbíos,Amazonía,Urbana,Mujer,56,9.0,32.0,1847.44,0,Secundaria,7.52155617597564,45-65
P03705,Tungurahua,Sierra,Rural,Hombre,56,14.0,53.0,411.48,0,Superior,6.019760416262829,45-65
P03706,Guayas,Costa,Urbana,Mujer,23,18.0,47.0,499.26,1,Posgrado,6.213127002140394,18-29
P03707,Azuay,Sierra,Urbana,Hombre,64,16.0,45.0,677.75,1,Superior,6.518778488378775,45-65
P03708,Imbabura,Sierra,Urbana,Mujer,55,16.0,28.0,623.56,0,Superior,6.43544499144448,45-65
P03709,Guayas,Costa,Urbana,Hombre,63,12.0,45.0,504.2,1,Secundaria,6.222973014753819,45-65
P03710,El Oro,Costa,Rural,Mujer,54,10.0,42.0,322.48,0,Secundaria,5.7760411188089105,45-65
P03711,Galápagos,Insular,Urbana,Mujer,21,4.0,30.0,193.25,0,Primaria,5.263984687467532,18-29
P03712,Pichincha,Sierra,Urbana,Mujer,51,13.0,45.0,587.12,1,Superior,6.375229228236807,45-65
P03713,Tungurahua,Sierra,Rural,Mujer,53,10.0,53.0,781.18,1,Secundaria,6.660805597036291,45-65
P03714,Chimborazo,Sierra,Rural,Mujer,32,7.0,39.0,1008.27,0,Secundaria,6.9159912699068515,30-44
P03715,Manabí,Costa,Urbana,Mujer,35,19.0,51.0,1391.79,1,Posgrado,7.238345967444573,30-44
P03716,Azuay,Sierra,Urbana,Hombre,44,11.0,45.0,481.15,1,Secundaria,6.17617907180241,30-44
P03717,Guayas,Costa,Urbana,Hombre,42,9.0,43.0,677.87,1,Secundaria,6.518955529142874,30-44
P03718,Manabí,Costa,Urbana,Hombre,32,14.0,36.0,1182.86,0,Superior,7.075690513780012,30-44
P03719,Loja,Sierra,Urbana,Mujer,35,13.0,51.0,628.34,1,Superior,6.443081421237291,30-44
P03720,Los Ríos,Costa,Rural,Mujer,32,10.0,28.0,1015.5,0,Secundaria,6.92313638102044,30-44
P03721,El Oro,Costa,Rural,Hombre,26,9.0,49.0,428.06,0,Secundaria,6.059263372672417,18-29
P03722,El Oro,Costa,Urbana,Hombre,49,7.0,38.0,612.1,0,Secundaria,6.416895667857024,45-65
P03723,Los Ríos,Costa,Urbana,Hombre,23,20.0,37.0,427.3,0,Posgrado,6.057486342649979,18-29
P03724,Pichincha,Sierra,Urbana,Mujer,26,3.0,41.0,279.43,0,Primaria,5.632751814000819,18-29
P03725,Manabí,Costa,Urbana,Hombre,44,12.0,33.0,520.16,0,Secundaria,6.254136456555595,30-44
P03726,Morona Santiago,Amazonía,Urbana,Mujer,59,6.0,58.0,250.35,0,Primaria,5.522859938775953,45-65
P03728,Los Ríos,Costa,Rural,Hombre,50,14.0,64.0,862.07,1,Superior,6.759336473863144,45-65
P03729,Azuay,Sierra,Urbana,Hombre,58,10.0,42.0,669.03,1,Secundaria,6.505828902172136,45-65
P03730,Guayas,Costa,Urbana,Hombre,37,12.0,30.0,921.73,0,Secundaria,6.826252339021515,30-44
P03731,Guayas,Costa,Rural,Mujer,59,10.0,34.0,984.14,0,Secundaria,6.891768163354687,45-65
P03732,Los Ríos,Costa,Urbana,Hombre,32,12.0,38.0,303.82,0,Secundaria,5.716435420779517,30-44
P03733,El Oro,Costa,Urbana,Mujer,62,15.0,36.0,448.74,0,Superior,6.106443655431631,45-65
P03734,Loja,Sierra,Urbana,Hombre,26,13.0,24.0,824.0,0,Superior,6.714170529909472,18-29
P03735,Guayas,Costa,Urbana,Hombre,27,12.0,38.0,1734.09,0,Secundaria,7.458238059107754,18-29
P03736,Guayas,Costa,Urbana,Mujer,48,9.0,62.0,553.7,1,Secundaria,6.316623023828922,45-65
P03737,Pichincha,Sierra,Urbana,Mujer,57,17.0,25.0,559.29,0,Posgrado,6.32666812217548,45-65
P03738,Morona Santiago,Amazonía,Rural,Hombre,60,11.0,40.0,626.6,1,Secundaria,6.4403083785180915,45-65
P03741,Guayas,Costa,Urbana,Hombre,31,12.0,48.0,1151.48,1,Secundaria,7.048803350460315,30-44
P03742,Manabí,Costa,Rural,Mujer,30,10.0,33.0,479.95,0,Secundaria,6.173681931809546,30-44
P03743,Chimborazo,Sierra,Rural,Mujer,26,16.0,45.0,552.96,1,Superior,6.315285666175636,18-29
P03744,Guayas,Costa,Urbana,Hombre,33,12.0,43.0,674.17,1,Secundaria,6.513482304628086,30-44
P03745,Manabí,Costa,Urbana,Hombre,25,13.0,42.0,662.74,1,Superior,6.496382756409506,18-29
P03746,Guayas,Costa,Urbana,Mujer,18,14.0,25.0,323.31,0,Superior,5.77861161527685,18-29
P03747,Morona Santiago,Amazonía,Rural,Hombre,53,8.0,44.0,365.62,0,Secundaria,5.901594542678939,45-65
P03748,Sucumbíos,Amazonía,Rural,Mujer,57,17.0,60.0,315.15,0,Posgrado,5.753048715959119,45-65
P03749,Azuay,Sierra,Urbana,Mujer,27,5.0,43.0,649.04,1,Primaria,6.4754943480868095,18-29
P03750,Guayas,Costa,Urbana,Mujer,34,15.0,29.0,1598.41,0,Superior,7.376764664130975,30-44
P03751,El Oro,Costa,Urbana,Hombre,41,13.0,60.0,1753.35,1,Superior,7.469283522721889,30-44
P03752,Chimborazo,Sierra,Rural,Mujer,63,9.0,43.0,607.94,1,Secundaria,6.4100761928860335,45-65
P03753,Tungurahua,Sierra,Urbana,Mujer,58,9.0,47.0,727.93,1,Secundaria,6.590204889727454,45-65
P03754,Esmeraldas,Costa,Rural,Mujer,31,14.0,42.0,210.46,0,Superior,5.349295611312666,30-44
P03755,Esmeraldas,Costa,Urbana,Hombre,58,14.0,16.0,877.72,0,Superior,6.777327636167668,45-65
P03756,Pichincha,Sierra,Urbana,Hombre,54,12.0,43.0,360.33,0,Secundaria,5.887020278234509,45-65
P03757,Azuay,Sierra,Rural,Mujer,61,10.0,46.0,557.65,1,Secundaria,6.323731525440546,45-65
P03758,Guayas,Costa,Rural,Hombre,63,15.0,60.0,396.15,0,Superior,5.9817929274112505,45-65
P03759,Pichincha,Sierra,Urbana,Mujer,49,11.0,53.0,261.14,0,Secundaria,5.5650566619798925,45-65
P03760,Pichincha,Sierra,Urbana,Mujer,61,11.0,51.0,381.26,0,Secundaria,5.94348155708583,45-65
P03761,Morona Santiago,Amazonía,Urbana,Hombre,18,15.0,33.0,702.34,0,Superior,6.55441761725999,18-29
P03762,Esmeraldas,Costa,Rural,Hombre,55,8.0,41.0,293.02,0,Secundaria,5.6802408660731665,45-65
P03763,Sucumbíos,Amazonía,Urbana,Mujer,18,9.0,34.0,77.76,0,Secundaria,4.353627160152183,18-29
P03764,Pichincha,Sierra,Rural,Hombre,33,11.0,35.0,474.98,0,Secundaria,6.163272697885032,30-44
P03765,Guayas,Costa,Urbana,Hombre,19,9.0,49.0,759.79,1,Secundaria,6.6330420793086615,18-29
P03766,Guayas,Costa,Urbana,Mujer,27,12.0,51.0,615.15,0,Secundaria,6.421866140506178,18-29
P03767,Guayas,Costa,Rural,Hombre,43,11.0,41.0,386.0,0,Secundaria,5.955837369464831,30-44
P03769,Manabí,Costa,Rural,Mujer,28,10.0,44.0,491.08,1,Secundaria,6.196607047312639,18-29
P03770,El Oro,Costa,Urbana,Hombre,28,12.0,51.0,955.06,1,Secundaria,6.861774165732314,18-29
P03771,Esmeraldas,Costa,Urbana,Hombre,20,12.0,43.0,574.05,1,Secundaria,6.352716500539821,18-29
P03772,Guayas,Costa,Rural,Hombre,65,15.0,40.0,802.97,1,Superior,6.68831735334849,45-65
P03774,Galápagos,Insular,Rural,Hombre,51,5.0,45.0,588.94,0,Primaria,6.378324310890577,45-65
P03775,Azuay,Sierra,Rural,Mujer,46,13.0,50.0,571.67,1,Superior,6.348561901818721,45-65
P03776,Tungurahua,Sierra,Urbana,Hombre,59,13.0,42.0,608.18,0,Superior,6.410470890782813,45-65
P03777,Los Ríos,Costa,Urbana,Hombre,42,14.0,53.0,1271.78,1,Superior,7.148172772966615,30-44
P03778,Guayas,Costa,Urbana,Mujer,20,8.0,57.0,242.56,0,Secundaria,5.491249102454007,18-29
P03779,Guayas,Costa,Rural,Mujer,38,12.0,36.0,803.02,0,Secundaria,6.688379620236846,30-44
P03780,Pichincha,Sierra,Urbana,Hombre,48,11.0,44.0,1161.46,1,Secundaria,7.057433113391023,45-65
P03781,Orellana,Amazonía,Urbana,Mujer,43,16.0,41.0,712.31,1,Superior,6.568513209914261,30-44
P03782,Azuay,Sierra,Urbana,Mujer,31,15.0,53.0,654.5,1,Superior,6.483871585349955,30-44
P03783,Azuay,Sierra,Urbana,Hombre,22,18.0,35.0,1574.03,1,Posgrado,7.361394488516172,18-29
P03785,Chimborazo,Sierra,Urbana,Hombre,50,16.0,31.0,1621.68,0,Superior,7.391217927912029,45-65
P03787,Guayas,Costa,Urbana,Mujer,49,13.0,43.0,849.47,1,Superior,6.744612625597289,45-65
P03788,Guayas,Costa,Urbana,Hombre,25,8.0,44.0,238.58,0,Secundaria,5.474704683853799,18-29
P03789,Guayas,Costa,Urbana,Mujer,41,16.0,41.0,831.18,1,Superior,6.7228463778978425,30-44
P03790,El Oro,Costa,Urbana,Mujer,57,13.0,38.0,764.2,0,Superior,6.6388295350128,45-65
P03791,Azuay,Sierra,Rural,Mujer,26,9.0,55.0,324.48,1,Secundaria,5.782223900962764,18-29
P03792,Guayas,Costa,Urbana,Mujer,33,8.0,36.0,746.88,0,Secundaria,6.6159045296581365,30-44
P03793,Pichincha,Sierra,Urbana,Mujer,51,8.0,36.0,967.13,0,Secundaria,6.874332922818772,45-65
P03794,Pichincha,Sierra,Urbana,Mujer,33,7.0,27.0,287.33,0,Secundaria,5.660631381000218,30-44
P03795,El Oro,Costa,Urbana,Mujer,50,13.0,43.0,1182.87,1,Superior,7.075698967830136,45-65
P03796,Loja,Sierra,Urbana,Hombre,18,12.0,29.0,1242.04,1,Secundaria,7.12451046809398,18-29
P03797,Pichincha,Sierra,Urbana,Mujer,49,11.0,39.0,585.73,0,Secundaria,6.37285893254548,45-65
P03798,Manabí,Costa,Urbana,Hombre,51,7.0,34.0,213.55,0,Secundaria,5.363870997287475,45-65
P03799,Los Ríos,Costa,Urbana,Hombre,22,13.0,35.0,318.92,0,Superior,5.764940287634294,18-29
P03800,Pichincha,Sierra,Rural,Hombre,59,11.0,55.0,224.46,0,Secundaria,5.41369751758811,45-65
P03801,Los Ríos,Costa,Urbana,Hombre,63,18.0,44.0,532.45,1,Posgrado,6.2774889964613925,45-65
P03802,Guayas,Costa,Rural,Hombre,32,6.0,47.0,481.16,1,Primaria,6.176199855125872,30-44
P03803,Los Ríos,Costa,Urbana,Mujer,64,13.0,34.0,798.02,0,Superior,6.682133659792387,45-65
P03804,El Oro,Costa,Urbana,Hombre,62,15.0,39.0,808.14,0,Superior,6.694735310838778,45-65
P03805,El Oro,Costa,Urbana,Hombre,33,10.0,38.0,607.88,0,Secundaria,6.409977494065404,30-44
P03806,Pichincha,Sierra,Urbana,Mujer,58,14.0,22.0,376.71,0,Superior,5.9314756606689825,45-65
P03807,Chimborazo,Sierra,Urbana,Hombre,34,9.0,36.0,624.65,0,Secundaria,6.437191492877838,30-44
P03810,Esmeraldas,Costa,Urbana,Hombre,36,13.0,38.0,312.19,0,Superior,5.7436119768188165,30-44
P03811,Guayas,Costa,Rural,Mujer,45,13.0,53.0,655.51,1,Superior,6.48541355861752,45-65
P03812,Esmeraldas,Costa,Urbana,Mujer,21,11.0,53.0,900.21,1,Secundaria,6.802628069439656,18-29
P03813,Guayas,Costa,Rural,Hombre,40,2.0,39.0,430.42,0,Primaria,6.064761476169439,30-44
P03814,Sucumbíos,Amazonía,Urbana,Hombre,45,12.0,39.0,701.26,0,Secundaria,6.552878716984784,45-65
P03815,Guayas,Costa,Rural,Hombre,44,10.0,34.0,238.24,0,Secundaria,5.473278568935699,30-44
P03816,Chimborazo,Sierra,Urbana,Hombre,65,16.0,44.0,675.4,1,Superior,6.515305107951467,45-65
P03817,Pichincha,Sierra,Rural,Hombre,52,11.0,53.0,1274.34,1,Secundaria,7.1501836765082105,45-65
P03818,Manabí,Costa,Rural,Mujer,38,7.0,40.0,278.91,0,Secundaria,5.630889149135876,30-44
P03819,Los Ríos,Costa,Urbana,Hombre,39,8.0,34.0,495.87,0,Secundaria,6.206313795597372,30-44
P03820,Guayas,Costa,Urbana,Hombre,56,11.0,59.0,429.62,0,Secundaria,6.062901097045831,45-65
P03821,Pichincha,Sierra,Urbana,Mujer,36,10.0,22.0,687.84,0,Secundaria,6.533556252747972,30-44
P03822,Guayas,Costa,Urbana,Hombre,61,9.0,53.0,696.11,1,Secundaria,6.545507693823481,45-65
P03823,Manabí,Costa,Urbana,Hombre,56,12.0,58.0,823.45,1,Secundaria,6.713502831320217,45-65
P03824,Pichincha,Sierra,Urbana,Hombre,43,16.0,41.0,1901.82,1,Superior,7.550566601402976,30-44
P03825,Pichincha,Sierra,Urbana,Mujer,51,17.0,25.0,863.87,0,Posgrado,6.761422294520406,45-65
P03826,Manabí,Costa,Urbana,Hombre,64,13.0,38.0,542.98,0,Superior,6.297072486843082,45-65
P03827,Manabí,Costa,Urbana,Mujer,45,14.0,52.0,658.74,1,Superior,6.490328919474696,45-65
P03829,Guayas,Costa,Rural,Hombre,28,9.0,51.0,486.36,1,Secundaria,6.186949090428217,18-29
P03830,Manabí,Costa,Rural,Hombre,65,14.0,46.0,695.86,1,Superior,6.5451484906758735,45-65
P03832,El Oro,Costa,Urbana,Mujer,19,14.0,35.0,115.84,0,Superior,4.752209928637407,18-29
P03833,Loja,Sierra,Urbana,Hombre,48,11.0,47.0,558.69,0,Secundaria,6.325594757611524,45-65
P03834,Pichincha,Sierra,Urbana,Mujer,63,9.0,56.0,570.56,1,Secundaria,6.346618334674775,45-65
P03835,Tungurahua,Sierra,Urbana,Mujer,51,13.0,35.0,1124.33,0,Superior,7.024942581669312,45-65
P03836,Pichincha,Sierra,Urbana,Hombre,40,7.0,39.0,193.39,0,Secundaria,5.264708875374207,30-44
P03838,Azuay,Sierra,Urbana,Mujer,40,14.0,38.0,695.73,0,Superior,6.544961654035228,30-44
P03839,Pichincha,Sierra,Urbana,Hombre,37,13.0,57.0,706.97,1,Superior,6.560988232181566,30-44
P03840,Pichincha,Sierra,Urbana,Mujer,62,7.0,51.0,756.67,1,Secundaria,6.628927227083979,45-65
P03842,Guayas,Costa,Urbana,Hombre,56,14.0,46.0,1325.21,1,Superior,7.189326216428057,45-65
P03844,Guayas,Costa,Urbana,Mujer,59,12.0,53.0,609.42,1,Secundaria,6.412507685179465,45-65
P03845,Manabí,Costa,Rural,Mujer,31,14.0,49.0,680.95,1,Superior,6.523488882014966,30-44
P03846,Chimborazo,Sierra,Urbana,Hombre,22,12.0,29.0,526.13,0,Secundaria,6.265548330490576,18-29
P03848,Guayas,Costa,Urbana,Hombre,62,12.0,51.0,990.75,1,Secundaria,6.898462232070544,45-65
P03849,Manabí,Costa,Rural,Mujer,60,6.0,60.0,458.93,1,Primaria,6.128897692983784,45-65
P03850,Pichincha,Sierra,Rural,Mujer,44,9.0,46.0,1761.47,1,Secundaria,7.473903966696724,30-44
P03851,El Oro,Costa,Urbana,Hombre,40,12.0,33.0,455.93,0,Secundaria,6.122339288958779,30-44
P03852,Pichincha,Sierra,Rural,Mujer,41,7.0,42.0,607.21,1,Secundaria,6.408874694984015,30-44
P03853,Orellana,Amazonía,Rural,Hombre,27,2.0,29.0,190.94,0,Primaria,5.251959242569887,18-29
P03854,Orellana,Amazonía,Rural,Hombre,22,9.0,30.0,685.16,0,Secundaria,6.529652387629784,18-29
P03855,Guayas,Costa,Urbana,Hombre,60,12.0,54.0,499.45,1,Secundaria,6.213507492978159,45-65
P03856,Guayas,Costa,Urbana,Mujer,37,17.0,17.0,1351.55,0,Posgrado,7.209007360962618,30-44
P03857,Tungurahua,Sierra,Urbana,Hombre,63,12.0,44.0,714.08,1,Secundaria,6.57099500088096,45-65
P03858,Manabí,Costa,Urbana,Hombre,52,15.0,56.0,951.58,1,Superior,6.858123760973806,45-65
P03859,Orellana,Amazonía,Urbana,Hombre,28,12.0,24.0,563.79,0,Secundaria,6.334681841736619,18-29
P03861,Esmeraldas,Costa,Urbana,Mujer,43,10.0,34.0,236.71,0,Secundaria,5.4668357631983,30-44
P03862,Azuay,Sierra,Urbana,Hombre,52,14.0,25.0,313.81,0,Superior,5.748787707222662,45-65
P03863,Manabí,Costa,Urbana,Hombre,62,13.0,60.0,1228.09,1,Superior,7.1132153959237945,45-65
P03864,Pichincha,Sierra,Urbana,Mujer,41,12.0,32.0,995.22,0,Secundaria,6.902963818246007,30-44
P03866,Guayas,Costa,Urbana,Hombre,60,15.0,40.0,1263.54,1,Superior,7.141672584419742,45-65
P03867,Imbabura,Sierra,Urbana,Mujer,35,9.0,36.0,204.34,0,Secundaria,5.319785273163277,30-44
P03868,Guayas,Costa,Rural,Hombre,37,9.0,52.0,236.83,0,Secundaria,5.467342584174642,30-44
P03869,Chimborazo,Sierra,Rural,Hombre,19,14.0,43.0,905.74,1,Superior,6.808752289140129,18-29
P03870,Manabí,Costa,Urbana,Hombre,20,17.0,65.0,382.66,0,Posgrado,5.9471468664568565,18-29
P03872,Azuay,Sierra,Urbana,Mujer,45,16.0,35.0,735.08,0,Superior,6.599979336827223,45-65
P03873,Pichincha,Sierra,Rural,Hombre,52,9.0,32.0,906.82,0,Secundaria,6.809943973970215,45-65
P03874,El Oro,Costa,Urbana,Hombre,41,13.0,35.0,388.59,0,Superior,5.9625248032102744,30-44
P03875,Guayas,Costa,Rural,Mujer,41,7.0,30.0,165.36,0,Secundaria,5.108124915373513,30-44
P03877,Los Ríos,Costa,Urbana,Mujer,26,8.0,39.0,491.56,0,Secundaria,6.197584007416396,18-29
P03878,Guayas,Costa,Urbana,Hombre,56,12.0,45.0,157.74,0,Secundaria,5.060948107969845,45-65
P03879,Pichincha,Sierra,Urbana,Hombre,43,10.0,43.0,401.15,0,Secundaria,5.994335422199665,30-44
P03880,Manabí,Costa,Urbana,Mujer,44,15.0,27.0,407.76,0,Superior,6.010678766031786,30-44
P03881,Azuay,Sierra,Urbana,Mujer,25,14.0,40.0,1139.24,0,Superior,7.038116652400838,18-29
P03882,Guayas,Costa,Rural,Mujer,56,11.0,28.0,479.76,0,Secundaria,6.173285978860254,45-65
P03883,Imbabura,Sierra,Rural,Hombre,34,12.0,29.0,534.04,0,Secundaria,6.280470742521894,30-44
P03884,Chimborazo,Sierra,Urbana,Hombre,24,9.0,32.0,233.59,0,Secundaria,5.4535674418185955,18-29
P03885,Loja,Sierra,Urbana,Mujer,47,18.0,35.0,1032.94,0,Posgrado,6.940164384180079,45-65
P03886,Los Ríos,Costa,Urbana,Mujer,62,18.0,40.0,565.69,1,Posgrado,6.338046224978795,45-65
P03887,Manabí,Costa,Rural,Hombre,42,11.0,37.0,447.72,0,Secundaria,6.104168037021067,30-44
P03888,Esmeraldas,Costa,Urbana,Hombre,47,13.0,37.0,525.0,0,Superior,6.263398262591624,45-65
P03889,Orellana,Amazonía,Urbana,Hombre,32,12.0,43.0,492.93,1,Secundaria,6.2003671761318495,30-44
P03891,Tungurahua,Sierra,Urbana,Mujer,35,15.0,45.0,608.92,1,Superior,6.411686896191053,30-44
P03892,Pichincha,Sierra,Urbana,Hombre,50,14.0,34.0,765.07,0,Superior,6.639967332908341,45-65
P03893,Tungurahua,Sierra,Urbana,Mujer,23,14.0,19.0,538.7,0,Superior,6.289158829686488,18-29
P03894,Loja,Sierra,Rural,Hombre,63,8.0,22.0,677.97,0,Secundaria,6.519103039173823,45-65
P03895,Los Ríos,Costa,Urbana,Mujer,58,12.0,40.0,1336.85,1,Secundaria,7.198071379334561,45-65
P03896,Galápagos,Insular,Rural,Hombre,42,7.0,30.0,281.43,0,Secundaria,5.639883748805969,30-44
P03897,Sucumbíos,Amazonía,Rural,Hombre,32,8.0,40.0,479.38,1,Secundaria,6.1724936023148445,30-44
P03898,Pichincha,Sierra,Urbana,Hombre,53,12.0,53.0,365.5,0,Secundaria,5.901266279189834,45-65
P03899,Manabí,Costa,Urbana,Mujer,27,16.0,41.0,1246.89,1,Superior,7.128407730081055,18-29
P03900,El Oro,Costa,Rural,Hombre,21,6.0,27.0,364.01,0,Primaria,5.89718133978685,18-29
P03901,Pichincha,Sierra,Urbana,Hombre,44,11.0,35.0,564.59,0,Secundaria,6.336099804008267,30-44
P03902,Chimborazo,Sierra,Rural,Hombre,39,14.0,35.0,1534.49,0,Superior,7.335953357257846,30-44
P03903,Morona Santiago,Amazonía,Rural,Hombre,63,3.0,39.0,488.07,1,Primaria,6.190458838189189,45-65
P03904,Guayas,Costa,Urbana,Hombre,38,15.0,20.0,329.39,0,Superior,5.79724245905564,30-44
P03905,Pichincha,Sierra,Urbana,Hombre,57,15.0,44.0,930.68,1,Superior,6.835915501759092,45-65
P03906,Orellana,Amazonía,Urbana,Hombre,34,11.0,27.0,813.69,0,Secundaria,6.701579458085495,30-44
P03907,Guayas,Costa,Urbana,Mujer,60,16.0,39.0,854.89,0,Superior,6.75097280568924,45-65
P03908,Guayas,Costa,Urbana,Hombre,51,15.0,39.0,1749.8,1,Superior,7.4672567746721645,45-65
P03909,Pichincha,Sierra,Urbana,Hombre,34,9.0,39.0,516.53,0,Secundaria,6.247133370125589,30-44
P03911,Pichincha,Sierra,Urbana,Mujer,36,9.0,32.0,295.46,1,Secundaria,5.688533463893462,30-44
P03912,Tungurahua,Sierra,Rural,Mujer,35,11.0,44.0,360.36,0,Secundaria,5.887103531783239,30-44
P03913,Pichincha,Sierra,Urbana,Mujer,36,7.0,41.0,890.26,1,Secundaria,6.791513554894575,30-44
P03914,Guayas,Costa,Urbana,Hombre,36,12.0,53.0,447.38,0,Secundaria,6.103408345329966,30-44
P03915,Loja,Sierra,Urbana,Hombre,58,13.0,30.0,1027.17,0,Superior,6.934562726901728,45-65
P03916,Los Ríos,Costa,Urbana,Mujer,43,16.0,49.0,563.25,1,Superior,6.333723579312354,30-44
P03917,Guayas,Costa,Rural,Mujer,40,12.0,33.0,178.27,0,Secundaria,5.18329925496377,30-44
P03918,Guayas,Costa,Urbana,Hombre,36,13.0,18.0,425.3,0,Superior,6.052794802259588,30-44
P03919,Guayas,Costa,Rural,Hombre,24,9.0,16.0,206.06,0,Secundaria,5.328167388516922,18-29
P03920,Manabí,Costa,Rural,Mujer,24,10.0,47.0,424.13,0,Secundaria,6.050040012012211,18-29
P03921,Manabí,Costa,Urbana,Mujer,41,15.0,27.0,882.76,0,Superior,6.783053362979959,30-44
P03922,Loja,Sierra,Urbana,Hombre,52,17.0,46.0,1151.05,1,Posgrado,7.048429848264905,45-65
P03923,Pichincha,Sierra,Urbana,Hombre,38,10.0,50.0,783.8,1,Secundaria,6.664153885765531,30-44
P03924,El Oro,Costa,Rural,Hombre,64,8.0,48.0,714.93,1,Secundaria,6.572184635803382,45-65
P03925,Pichincha,Sierra,Urbana,Hombre,56,13.0,66.0,1388.68,1,Superior,7.236108934642959,45-65
P03926,Guayas,Costa,Rural,Hombre,24,7.0,37.0,347.04,0,Secundaria,5.849440047078565,18-29
P03927,Pichincha,Sierra,Urbana,Hombre,26,7.0,60.0,358.43,0,Secundaria,5.88173338295482,18-29
P03928,Pichincha,Sierra,Urbana,Mujer,25,11.0,43.0,520.61,1,Secundaria,6.255001200981438,18-29
P03930,Guayas,Costa,Urbana,Hombre,61,18.0,35.0,1218.79,0,Posgrado,7.105613842286296,45-65
P03931,Guayas,Costa,Urbana,Mujer,41,13.0,37.0,888.29,0,Superior,6.789298266254224,30-44
P03932,Morona Santiago,Amazonía,Urbana,Mujer,50,16.0,33.0,1884.81,1,Superior,7.541582299045909,45-65
P03933,Sucumbíos,Amazonía,Urbana,Mujer,39,13.0,42.0,804.37,0,Superior,6.690059362324856,30-44
P03934,Tungurahua,Sierra,Urbana,Hombre,29,10.0,41.0,362.44,0,Secundaria,5.89285894335386,18-29
P03935,Pichincha,Sierra,Urbana,Hombre,49,16.0,23.0,1411.23,1,Superior,7.2522169435299695,45-65
P03936,Guayas,Costa,Urbana,Mujer,38,10.0,36.0,201.17,0,Secundaria,5.30415032174048,30-44
P03937,Manabí,Costa,Urbana,Hombre,62,17.0,27.0,855.36,0,Posgrado,6.751522432950554,45-65
P03938,Pichincha,Sierra,Rural,Hombre,24,10.0,42.0,616.03,1,Secundaria,6.423295663646352,18-29
P03939,Guayas,Costa,Urbana,Mujer,63,12.0,45.0,1363.39,1,Secundaria,7.217729524297122,45-65
P03940,Guayas,Costa,Rural,Mujer,49,14.0,53.0,620.09,1,Superior,6.429864628794579,45-65
P03941,Pichincha,Sierra,Rural,Mujer,33,8.0,45.0,370.81,0,Secundaria,5.91568980204434,30-44
P03942,Azuay,Sierra,Urbana,Mujer,63,14.0,54.0,998.41,1,Superior,6.906164013590645,45-65
P03943,Chimborazo,Sierra,Rural,Mujer,30,11.0,38.0,1074.39,0,Secundaria,6.979508337645236,30-44
P03944,Guayas,Costa,Urbana,Hombre,33,9.0,27.0,639.19,0,Secundaria,6.460201749773993,30-44
P03945,Los Ríos,Costa,Urbana,Mujer,20,8.0,48.0,342.9,0,Secundaria,5.837438859468874,18-29
P03947,Manabí,Costa,Urbana,Hombre,62,13.0,40.0,1456.26,1,Superior,7.283626784243223,45-65
P03948,Guayas,Costa,Urbana,Mujer,64,11.0,61.0,988.15,0,Secundaria,6.895834508086444,45-65
P03949,Guayas,Costa,Urbana,Hombre,44,12.0,31.0,549.35,1,Secundaria,6.30873576114689,30-44
P03950,Los Ríos,Costa,Urbana,Mujer,48,9.0,43.0,440.67,0,Secundaria,6.088296296011433,45-65
P03951,Guayas,Costa,Urbana,Mujer,41,12.0,33.0,1046.16,0,Secundaria,6.952881596598247,30-44
P03952,Pichincha,Sierra,Urbana,Mujer,54,13.0,29.0,474.88,0,Superior,6.163062140538961,45-65
P03953,El Oro,Costa,Rural,Mujer,57,10.0,41.0,378.54,1,Secundaria,5.936321747610773,45-65
P03954,Galápagos,Insular,Urbana,Hombre,27,4.0,33.0,173.96,0,Primaria,5.158825387729438,18-29
P03955,Loja,Sierra,Urbana,Hombre,62,12.0,58.0,967.29,1,Secundaria,6.874498347080685,45-65
P03956,Azuay,Sierra,Urbana,Hombre,39,11.0,34.0,816.69,0,Secundaria,6.705259585891079,30-44
P03957,Chimborazo,Sierra,Urbana,Hombre,34,14.0,44.0,672.48,1,Superior,6.510972371256806,30-44
P03958,Chimborazo,Sierra,Urbana,Mujer,30,9.0,47.0,937.17,1,Secundaria,6.842864695878024,30-44
P03959,Manabí,Costa,Urbana,Hombre,26,10.0,40.0,651.1,1,Secundaria,6.478663240242817,18-29
P03960,Guayas,Costa,Urbana,Hombre,54,15.0,57.0,715.69,1,Superior,6.573247112312161,45-65
P03961,Pichincha,Sierra,Urbana,Hombre,57,14.0,45.0,698.31,1,Superior,6.548663130242077,45-65
P03964,Guayas,Costa,Urbana,Mujer,56,15.0,32.0,765.77,0,Superior,6.640881863556597,45-65
P03965,El Oro,Costa,Urbana,Mujer,26,17.0,30.0,313.81,0,Posgrado,5.748787707222662,18-29
P03966,El Oro,Costa,Urbana,Mujer,19,21.0,41.0,934.28,0,Posgrado,6.8397761791692755,18-29
P03967,Galápagos,Insular,Urbana,Hombre,20,10.0,31.0,430.8,0,Secundaria,6.0656439452822335,18-29
P03968,Pichincha,Sierra,Rural,Mujer,48,14.0,39.0,427.91,0,Superior,6.058912893095948,45-65
P03969,El Oro,Costa,Rural,Mujer,48,8.0,24.0,345.83,0,Secundaria,5.845947324836075,45-65
P03970,El Oro,Costa,Urbana,Hombre,55,16.0,60.0,1148.57,1,Superior,7.04627296933583,45-65
P03971,Azuay,Sierra,Urbana,Hombre,62,14.0,44.0,242.22,0,Superior,5.489846404092904,45-65
P03972,El Oro,Costa,Urbana,Hombre,52,16.0,41.0,561.91,1,Superior,6.3313416947207815,45-65
P03973,Tungurahua,Sierra,Urbana,Mujer,18,12.0,47.0,558.12,1,Secundaria,6.324573993024006,18-29
P03974,Orellana,Amazonía,Urbana,Mujer,49,7.0,57.0,975.87,1,Secundaria,6.88332938082031,45-65
P03975,Guayas,Costa,Urbana,Mujer,64,16.0,33.0,1446.91,0,Superior,7.277185527046819,45-65
P03976,Guayas,Costa,Urbana,Mujer,36,9.0,44.0,678.23,1,Secundaria,6.5194864634522265,30-44
P03977,Guayas,Costa,Urbana,Hombre,30,11.0,58.0,903.92,1,Secundaria,6.806740860900991,30-44
P03978,Pichincha,Sierra,Urbana,Hombre,36,5.0,12.0,913.03,0,Primaria,6.816768738762691,30-44
P03979,Los Ríos,Costa,Urbana,Hombre,48,10.0,48.0,851.31,1,Secundaria,6.746776339561299,45-65
P03980,Guayas,Costa,Urbana,Mujer,43,17.0,39.0,595.07,0,Posgrado,6.388679045684581,30-44
P03983,Guayas,Costa,Urbana,Hombre,65,8.0,46.0,315.85,0,Secundaria,5.75526741734471,45-65
P03984,Manabí,Costa,Urbana,Hombre,55,12.0,46.0,575.12,1,Secundaria,6.3545787146756165,45-65
P03985,Azuay,Sierra,Urbana,Mujer,19,13.0,54.0,416.56,0,Superior,6.0320305088546435,18-29
P03986,Guayas,Costa,Urbana,Mujer,49,10.0,48.0,353.43,0,Secundaria,5.867685445926138,45-65
P03990,Guayas,Costa,Urbana,Mujer,45,13.0,26.0,1428.35,1,Superior,7.264275210907128,45-65
P03991,Pichincha,Sierra,Urbana,Hombre,18,11.0,24.0,871.89,0,Secundaria,6.770663269162814,18-29
P03992,Pichincha,Sierra,Urbana,Mujer,32,13.0,49.0,790.05,1,Superior,6.672096234597508,30-44
P03993,Guayas,Costa,Rural,Mujer,46,12.0,34.0,295.31,0,Secundaria,5.688025652043763,45-65
P03994,Tungurahua,Sierra,Urbana,Mujer,24,9.0,28.0,311.43,0,Secundaria,5.7411745938732635,18-29
P03995,Pichincha,Sierra,Urbana,Mujer,22,17.0,45.0,850.53,1,Posgrado,6.745859684582433,18-29
P03996,Tungurahua,Sierra,Urbana,Mujer,22,8.0,30.0,132.66,0,Secundaria,4.88778946409741,18-29
P03997,Pichincha,Sierra,Urbana,Hombre,29,8.0,42.0,246.94,0,Secundaria,5.509145392139597,18-29
P03999,Guayas,Costa,Urbana,Mujer,49,14.0,33.0,1315.14,0,Superior,7.181698402823316,45-65
P04000,Pichincha,Sierra,Rural,Hombre,63,1.0,35.0,224.73,0,Primaria,5.414899681627901,45-65
